HCHO reading,Location,Current Date,Next Date
0.0001969834395781,Colombo Proper,2019-01-01,2019-01-02
0.0002625522171968,Colombo Proper,2019-01-02,2019-01-03
9.852118897938794e-05,Colombo Proper,2019-01-03,2019-01-04
0.0002099320518114,Colombo Proper,2019-01-04,2019-01-05
0.0001785337298892,Colombo Proper,2019-01-05,2019-01-06
0.0001082296700235,Colombo Proper,2019-01-06,2019-01-07
0.0003926829280477,Colombo Proper,2019-01-07,2019-01-08
9.153156350685353e-05,Colombo Proper,2019-01-08,2019-01-09
0.0001205978992853,Colombo Proper,2019-01-09,2019-01-10
0.0001297723562983,Colombo Proper,2019-01-10,2019-01-11
0.0002239188166801,Colombo Proper,2019-01-11,2019-01-12
0.0001569418094178,Colombo Proper,2019-01-12,2019-01-13
,Colombo Proper,2019-01-13,2019-01-14
0.0001336291906862,Colombo Proper,2019-01-14,2019-01-15
6.374417842690063e-05,Colombo Proper,2019-01-15,2019-01-16
0.0001181062250815,Colombo Proper,2019-01-16,2019-01-17
0.0002472555222423,Colombo Proper,2019-01-17,2019-01-18
3.667525352047757e-05,Colombo Proper,2019-01-18,2019-01-19
0.000405750086815,Colombo Proper,2019-01-19,2019-01-20
0.0001687856216479,Colombo Proper,2019-01-20,2019-01-21
0.0003881549328739,Colombo Proper,2019-01-21,2019-01-22
0.0003282922940445,Colombo Proper,2019-01-22,2019-01-23
0.0002147798144691,Colombo Proper,2019-01-23,2019-01-24
0.000234724519641,Colombo Proper,2019-01-24,2019-01-25
0.0002820915300341,Colombo Proper,2019-01-25,2019-01-26
0.0002507263493088,Colombo Proper,2019-01-26,2019-01-27
0.0001973288435314,Colombo Proper,2019-01-27,2019-01-28
0.0002555121674807,Colombo Proper,2019-01-28,2019-01-29
,Colombo Proper,2019-01-29,2019-01-30
0.000171363573601,Colombo Proper,2019-01-30,2019-01-31
0.0001523802119023,Colombo Proper,2019-01-31,2019-02-01
0.0003537610010169,Colombo Proper,2019-02-01,2019-02-02
0.0002755728995643,Colombo Proper,2019-02-02,2019-02-03
0.0002318846498078,Colombo Proper,2019-02-03,2019-02-04
,Colombo Proper,2019-02-04,2019-02-05
0.0003618487680796,Colombo Proper,2019-02-05,2019-02-06
0.0003430663631539,Colombo Proper,2019-02-06,2019-02-07
0.0002123314538243,Colombo Proper,2019-02-07,2019-02-08
0.0001679798012516,Colombo Proper,2019-02-08,2019-02-09
0.0003816050368887,Colombo Proper,2019-02-09,2019-02-10
0.0002650819171274,Colombo Proper,2019-02-10,2019-02-11
0.0001981789630254,Colombo Proper,2019-02-11,2019-02-12
5.8587178500602015e-05,Colombo Proper,2019-02-12,2019-02-13
0.0002542805951476,Colombo Proper,2019-02-13,2019-02-14
,Colombo Proper,2019-02-14,2019-02-15
0.0002239912172577,Colombo Proper,2019-02-15,2019-02-16
0.0002091493159849,Colombo Proper,2019-02-16,2019-02-17
0.0001262731392288,Colombo Proper,2019-02-17,2019-02-18
0.0002255146318446,Colombo Proper,2019-02-18,2019-02-19
0.0003180786698506,Colombo Proper,2019-02-19,2019-02-20
0.0002720768387394,Colombo Proper,2019-02-20,2019-02-21
0.0002230429464187,Colombo Proper,2019-02-21,2019-02-22
0.0003148949841717,Colombo Proper,2019-02-22,2019-02-23
0.0003274182238715,Colombo Proper,2019-02-23,2019-02-24
0.0002362989851716,Colombo Proper,2019-02-24,2019-02-25
0.0002424675429303,Colombo Proper,2019-02-25,2019-02-26
0.000156459748926,Colombo Proper,2019-02-26,2019-02-27
0.0001542016842877,Colombo Proper,2019-02-27,2019-02-28
0.0002270067709833,Colombo Proper,2019-02-28,2019-03-01
,Colombo Proper,2019-03-01,2019-03-02
,Colombo Proper,2019-03-02,2019-03-03
0.0002934140276437,Colombo Proper,2019-03-03,2019-03-04
0.0002222321497741,Colombo Proper,2019-03-04,2019-03-05
0.0004259884693025,Colombo Proper,2019-03-05,2019-03-06
0.000135851958492,Colombo Proper,2019-03-06,2019-03-07
0.0002023807303628,Colombo Proper,2019-03-07,2019-03-08
0.0001644238164367,Colombo Proper,2019-03-08,2019-03-09
,Colombo Proper,2019-03-09,2019-03-10
0.0002969609827467,Colombo Proper,2019-03-10,2019-03-11
0.0002401309050569,Colombo Proper,2019-03-11,2019-03-12
0.0002577451751777,Colombo Proper,2019-03-12,2019-03-13
0.0002548286008604,Colombo Proper,2019-03-13,2019-03-14
0.0003018449398759,Colombo Proper,2019-03-14,2019-03-15
0.0001790542755015,Colombo Proper,2019-03-15,2019-03-16
0.0003507194301071,Colombo Proper,2019-03-16,2019-03-17
0.0002494769497451,Colombo Proper,2019-03-17,2019-03-18
,Colombo Proper,2019-03-18,2019-03-19
0.0002074590335083,Colombo Proper,2019-03-19,2019-03-20
0.0002559950022304,Colombo Proper,2019-03-20,2019-03-21
,Colombo Proper,2019-03-21,2019-03-22
0.0002689655073385,Colombo Proper,2019-03-22,2019-03-23
0.000144005550838,Colombo Proper,2019-03-23,2019-03-24
0.0002204458373225,Colombo Proper,2019-03-24,2019-03-25
0.0003577663287879,Colombo Proper,2019-03-25,2019-03-26
0.0002631266925609,Colombo Proper,2019-03-26,2019-03-27
0.0003646052956171,Colombo Proper,2019-03-27,2019-03-28
0.0003906452278091,Colombo Proper,2019-03-28,2019-03-29
0.0002540006405394,Colombo Proper,2019-03-29,2019-03-30
0.0002202186895424,Colombo Proper,2019-03-30,2019-03-31
0.0001155774606754,Colombo Proper,2019-03-31,2019-04-01
0.0001234932174866,Colombo Proper,2019-04-01,2019-04-02
0.0002688230247372,Colombo Proper,2019-04-02,2019-04-03
,Colombo Proper,2019-04-03,2019-04-04
0.0002401417063094,Colombo Proper,2019-04-04,2019-04-05
0.0001694011577926,Colombo Proper,2019-04-05,2019-04-06
0.0001030405027441,Colombo Proper,2019-04-06,2019-04-07
0.00017994348916,Colombo Proper,2019-04-07,2019-04-08
0.0001938136388473,Colombo Proper,2019-04-08,2019-04-09
0.0002005766244694,Colombo Proper,2019-04-09,2019-04-10
0.0002045066130365,Colombo Proper,2019-04-10,2019-04-11
0.0002787301089676,Colombo Proper,2019-04-11,2019-04-12
0.000250075849252,Colombo Proper,2019-04-12,2019-04-13
0.000334870158729,Colombo Proper,2019-04-13,2019-04-14
,Colombo Proper,2019-04-14,2019-04-15
,Colombo Proper,2019-04-15,2019-04-16
,Colombo Proper,2019-04-16,2019-04-17
,Colombo Proper,2019-04-17,2019-04-18
0.0001927819063126,Colombo Proper,2019-04-18,2019-04-19
,Colombo Proper,2019-04-19,2019-04-20
0.000144213058033,Colombo Proper,2019-04-20,2019-04-21
0.0001454167284999,Colombo Proper,2019-04-21,2019-04-22
0.0001711205695593,Colombo Proper,2019-04-22,2019-04-23
0.000293224440643,Colombo Proper,2019-04-23,2019-04-24
0.0001399382956399,Colombo Proper,2019-04-24,2019-04-25
9.581443666026756e-05,Colombo Proper,2019-04-25,2019-04-26
,Colombo Proper,2019-04-26,2019-04-27
,Colombo Proper,2019-04-27,2019-04-28
,Colombo Proper,2019-04-28,2019-04-29
,Colombo Proper,2019-04-29,2019-04-30
,Colombo Proper,2019-04-30,2019-05-01
9.747576626042276e-05,Colombo Proper,2019-05-01,2019-05-02
,Colombo Proper,2019-05-02,2019-05-03
,Colombo Proper,2019-05-03,2019-05-04
0.0001008724552225,Colombo Proper,2019-05-04,2019-05-05
,Colombo Proper,2019-05-05,2019-05-06
3.904429319723554e-05,Colombo Proper,2019-05-06,2019-05-07
0.0001174876039439,Colombo Proper,2019-05-07,2019-05-08
0.000101303794324,Colombo Proper,2019-05-08,2019-05-09
9.939428098153852e-05,Colombo Proper,2019-05-09,2019-05-10
0.000125364158271,Colombo Proper,2019-05-10,2019-05-11
0.0001274753051841,Colombo Proper,2019-05-11,2019-05-12
8.802823548435995e-05,Colombo Proper,2019-05-12,2019-05-13
2.4982204901168622e-05,Colombo Proper,2019-05-13,2019-05-14
0.0001810438022415,Colombo Proper,2019-05-14,2019-05-15
0.0001394291724461,Colombo Proper,2019-05-15,2019-05-16
0.0001171367229027,Colombo Proper,2019-05-16,2019-05-17
0.0001095084478863,Colombo Proper,2019-05-17,2019-05-18
9.525618991159472e-05,Colombo Proper,2019-05-18,2019-05-19
8.700221402162398e-05,Colombo Proper,2019-05-19,2019-05-20
0.0003986268368399,Colombo Proper,2019-05-20,2019-05-21
,Colombo Proper,2019-05-21,2019-05-22
,Colombo Proper,2019-05-22,2019-05-23
0.0002171247684173,Colombo Proper,2019-05-23,2019-05-24
,Colombo Proper,2019-05-24,2019-05-25
0.0001897835067573,Colombo Proper,2019-05-25,2019-05-26
0.00011078022387,Colombo Proper,2019-05-26,2019-05-27
0.0001368899250486,Colombo Proper,2019-05-27,2019-05-28
0.000165996737955,Colombo Proper,2019-05-28,2019-05-29
-2.056808215846379e-05,Colombo Proper,2019-05-29,2019-05-30
0.0002179323946145,Colombo Proper,2019-05-30,2019-05-31
9.379307690791867e-05,Colombo Proper,2019-05-31,2019-06-01
7.067572073902713e-05,Colombo Proper,2019-06-01,2019-06-02
0.0001658041001064,Colombo Proper,2019-06-02,2019-06-03
0.0001609821398171,Colombo Proper,2019-06-03,2019-06-04
8.42250633206326e-05,Colombo Proper,2019-06-04,2019-06-05
,Colombo Proper,2019-06-05,2019-06-06
,Colombo Proper,2019-06-06,2019-06-07
,Colombo Proper,2019-06-07,2019-06-08
0.0001221799295052,Colombo Proper,2019-06-08,2019-06-09
0.0001843041391111,Colombo Proper,2019-06-09,2019-06-10
,Colombo Proper,2019-06-10,2019-06-11
8.17687223806277e-05,Colombo Proper,2019-06-11,2019-06-12
0.0001880614290712,Colombo Proper,2019-06-12,2019-06-13
2.3285886143280304e-05,Colombo Proper,2019-06-13,2019-06-14
8.209911205126233e-05,Colombo Proper,2019-06-14,2019-06-15
0.0001636562089987,Colombo Proper,2019-06-15,2019-06-16
,Colombo Proper,2019-06-16,2019-06-17
0.0001534455988928,Colombo Proper,2019-06-17,2019-06-18
0.000158330813573,Colombo Proper,2019-06-18,2019-06-19
0.0001450758394609,Colombo Proper,2019-06-19,2019-06-20
,Colombo Proper,2019-06-20,2019-06-21
,Colombo Proper,2019-06-21,2019-06-22
0.0001403497627398,Colombo Proper,2019-06-22,2019-06-23
1.9792269443138506e-05,Colombo Proper,2019-06-23,2019-06-24
0.0002885739086195,Colombo Proper,2019-06-24,2019-06-25
0.0001698958410235,Colombo Proper,2019-06-25,2019-06-26
-1.718882776913233e-05,Colombo Proper,2019-06-26,2019-06-27
0.0001242156863718,Colombo Proper,2019-06-27,2019-06-28
8.171133330754701e-05,Colombo Proper,2019-06-28,2019-06-29
7.340520263976472e-05,Colombo Proper,2019-06-29,2019-06-30
2.0964513707570187e-05,Colombo Proper,2019-06-30,2019-07-01
8.969739342465703e-05,Colombo Proper,2019-07-01,2019-07-02
8.080856806689084e-05,Colombo Proper,2019-07-02,2019-07-03
2.889810298407616e-05,Colombo Proper,2019-07-03,2019-07-04
8.317285235618187e-05,Colombo Proper,2019-07-04,2019-07-05
9.39126919104318e-05,Colombo Proper,2019-07-05,2019-07-06
9.547040684925105e-06,Colombo Proper,2019-07-06,2019-07-07
9.452725531817138e-07,Colombo Proper,2019-07-07,2019-07-08
0.0001606779140439,Colombo Proper,2019-07-08,2019-07-09
,Colombo Proper,2019-07-09,2019-07-10
5.047959159020286e-05,Colombo Proper,2019-07-10,2019-07-11
6.685329661024943e-05,Colombo Proper,2019-07-11,2019-07-12
0.0001352754338604,Colombo Proper,2019-07-12,2019-07-13
,Colombo Proper,2019-07-13,2019-07-14
,Colombo Proper,2019-07-14,2019-07-15
,Colombo Proper,2019-07-15,2019-07-16
9.32507996651824e-05,Colombo Proper,2019-07-16,2019-07-17
,Colombo Proper,2019-07-17,2019-07-18
,Colombo Proper,2019-07-18,2019-07-19
,Colombo Proper,2019-07-19,2019-07-20
9.77121531808704e-05,Colombo Proper,2019-07-20,2019-07-21
0.0001328017366567,Colombo Proper,2019-07-21,2019-07-22
,Colombo Proper,2019-07-22,2019-07-23
-1.0360142278733146e-05,Colombo Proper,2019-07-23,2019-07-24
5.20387301457421e-05,Colombo Proper,2019-07-24,2019-07-25
0.0001644546205319,Colombo Proper,2019-07-25,2019-07-26
0.0001707607001308,Colombo Proper,2019-07-26,2019-07-27
0.0001185044673927,Colombo Proper,2019-07-27,2019-07-28
0.0001041769215942,Colombo Proper,2019-07-28,2019-07-29
0.0001754362061189,Colombo Proper,2019-07-29,2019-07-30
4.6955253049504447e-05,Colombo Proper,2019-07-30,2019-07-31
9.259486707748456e-05,Colombo Proper,2019-07-31,2019-08-01
4.458029389653336e-05,Colombo Proper,2019-08-01,2019-08-02
,Colombo Proper,2019-08-02,2019-08-03
6.93505158442184e-05,Colombo Proper,2019-08-03,2019-08-04
-2.350630165773713e-05,Colombo Proper,2019-08-04,2019-08-05
4.396326486663663e-06,Colombo Proper,2019-08-05,2019-08-06
5.951792946298224e-05,Colombo Proper,2019-08-06,2019-08-07
0.0002358972517484,Colombo Proper,2019-08-07,2019-08-08
,Colombo Proper,2019-08-08,2019-08-09
-3.753132753502911e-05,Colombo Proper,2019-08-09,2019-08-10
,Colombo Proper,2019-08-10,2019-08-11
0.0001621829232794,Colombo Proper,2019-08-11,2019-08-12
,Colombo Proper,2019-08-12,2019-08-13
,Colombo Proper,2019-08-13,2019-08-14
5.860973694382833e-05,Colombo Proper,2019-08-14,2019-08-15
0.0001350586133809,Colombo Proper,2019-08-15,2019-08-16
,Colombo Proper,2019-08-16,2019-08-17
0.0001685731549514,Colombo Proper,2019-08-17,2019-08-18
3.706723761402327e-05,Colombo Proper,2019-08-18,2019-08-19
8.584961620742005e-05,Colombo Proper,2019-08-19,2019-08-20
8.793838791530453e-05,Colombo Proper,2019-08-20,2019-08-21
8.479952216441172e-05,Colombo Proper,2019-08-21,2019-08-22
,Colombo Proper,2019-08-22,2019-08-23
,Colombo Proper,2019-08-23,2019-08-24
0.0001512307072603,Colombo Proper,2019-08-24,2019-08-25
2.8320877798642062e-05,Colombo Proper,2019-08-25,2019-08-26
,Colombo Proper,2019-08-26,2019-08-27
,Colombo Proper,2019-08-27,2019-08-28
0.000189373458852,Colombo Proper,2019-08-28,2019-08-29
0.0003315822687,Colombo Proper,2019-08-29,2019-08-30
-0.0002291025921753,Colombo Proper,2019-08-30,2019-08-31
4.148157993699298e-05,Colombo Proper,2019-08-31,2019-09-01
1.1819308958476046e-05,Colombo Proper,2019-09-01,2019-09-02
0.0001254869544792,Colombo Proper,2019-09-02,2019-09-03
2.2278653994414338e-05,Colombo Proper,2019-09-03,2019-09-04
6.601078846206005e-05,Colombo Proper,2019-09-04,2019-09-05
6.189868745003109e-05,Colombo Proper,2019-09-05,2019-09-06
6.96768756388925e-06,Colombo Proper,2019-09-06,2019-09-07
0.0001425282227641,Colombo Proper,2019-09-07,2019-09-08
0.0001051981676809,Colombo Proper,2019-09-08,2019-09-09
7.796198665621607e-05,Colombo Proper,2019-09-09,2019-09-10
0.0001706459092882,Colombo Proper,2019-09-10,2019-09-11
,Colombo Proper,2019-09-11,2019-09-12
,Colombo Proper,2019-09-12,2019-09-13
,Colombo Proper,2019-09-13,2019-09-14
-2.7079145498339e-05,Colombo Proper,2019-09-14,2019-09-15
-0.0001084998075384,Colombo Proper,2019-09-15,2019-09-16
,Colombo Proper,2019-09-16,2019-09-17
7.293194215549228e-05,Colombo Proper,2019-09-17,2019-09-18
0.0001224324055217,Colombo Proper,2019-09-18,2019-09-19
,Colombo Proper,2019-09-19,2019-09-20
4.4304662755935576e-05,Colombo Proper,2019-09-20,2019-09-21
6.719672168285214e-05,Colombo Proper,2019-09-21,2019-09-22
,Colombo Proper,2019-09-22,2019-09-23
,Colombo Proper,2019-09-23,2019-09-24
,Colombo Proper,2019-09-24,2019-09-25
,Colombo Proper,2019-09-25,2019-09-26
0.000358217745088,Colombo Proper,2019-09-26,2019-09-27
0.0001222516306589,Colombo Proper,2019-09-27,2019-09-28
0.0002095719037861,Colombo Proper,2019-09-28,2019-09-29
0.0001578932214216,Colombo Proper,2019-09-29,2019-09-30
0.0001080054580652,Colombo Proper,2019-09-30,2019-10-01
0.0001737579768947,Colombo Proper,2019-10-01,2019-10-02
8.218956230442276e-05,Colombo Proper,2019-10-02,2019-10-03
0.000304390194455,Colombo Proper,2019-10-03,2019-10-04
4.704659868522847e-05,Colombo Proper,2019-10-04,2019-10-05
0.0001757757371135,Colombo Proper,2019-10-05,2019-10-06
,Colombo Proper,2019-10-06,2019-10-07
3.090292903243917e-05,Colombo Proper,2019-10-07,2019-10-08
0.000141664818243,Colombo Proper,2019-10-08,2019-10-09
0.0001721947790897,Colombo Proper,2019-10-09,2019-10-10
0.000192906272276,Colombo Proper,2019-10-10,2019-10-11
,Colombo Proper,2019-10-11,2019-10-12
,Colombo Proper,2019-10-12,2019-10-13
0.0001498612726906,Colombo Proper,2019-10-13,2019-10-14
8.925810029372805e-05,Colombo Proper,2019-10-14,2019-10-15
0.00018203204122,Colombo Proper,2019-10-15,2019-10-16
0.0001768249399084,Colombo Proper,2019-10-16,2019-10-17
4.544709803342311e-05,Colombo Proper,2019-10-17,2019-10-18
0.0001029842285738,Colombo Proper,2019-10-18,2019-10-19
0.000166222072496,Colombo Proper,2019-10-19,2019-10-20
6.604724330827594e-05,Colombo Proper,2019-10-20,2019-10-21
,Colombo Proper,2019-10-21,2019-10-22
,Colombo Proper,2019-10-22,2019-10-23
0.0001471854356328,Colombo Proper,2019-10-23,2019-10-24
,Colombo Proper,2019-10-24,2019-10-25
,Colombo Proper,2019-10-25,2019-10-26
,Colombo Proper,2019-10-26,2019-10-27
,Colombo Proper,2019-10-27,2019-10-28
,Colombo Proper,2019-10-28,2019-10-29
0.0002105868261531,Colombo Proper,2019-10-29,2019-10-30
,Colombo Proper,2019-10-30,2019-10-31
,Colombo Proper,2019-10-31,2019-11-01
0.0001396458115619,Colombo Proper,2019-11-01,2019-11-02
0.0001020767205157,Colombo Proper,2019-11-02,2019-11-03
,Colombo Proper,2019-11-03,2019-11-04
0.0001659270451597,Colombo Proper,2019-11-04,2019-11-05
0.0002203240319704,Colombo Proper,2019-11-05,2019-11-06
0.0001085077493071,Colombo Proper,2019-11-06,2019-11-07
0.0001533303704185,Colombo Proper,2019-11-07,2019-11-08
2.449133360208192e-05,Colombo Proper,2019-11-08,2019-11-09
,Colombo Proper,2019-11-09,2019-11-10
9.954417328117417e-05,Colombo Proper,2019-11-10,2019-11-11
0.0002464783486751,Colombo Proper,2019-11-11,2019-11-12
0.0002286748077898,Colombo Proper,2019-11-12,2019-11-13
,Colombo Proper,2019-11-13,2019-11-14
0.0001058508442953,Colombo Proper,2019-11-14,2019-11-15
0.000304956160363,Colombo Proper,2019-11-15,2019-11-16
0.0001181269595507,Colombo Proper,2019-11-16,2019-11-17
0.0002163568638083,Colombo Proper,2019-11-17,2019-11-18
0.0002562980434127,Colombo Proper,2019-11-18,2019-11-19
0.0002262293126616,Colombo Proper,2019-11-19,2019-11-20
0.0001183108649021,Colombo Proper,2019-11-20,2019-11-21
0.0002690103541566,Colombo Proper,2019-11-21,2019-11-22
0.0002406342461061,Colombo Proper,2019-11-22,2019-11-23
3.679902874864638e-05,Colombo Proper,2019-11-23,2019-11-24
5.579817723156864e-05,Colombo Proper,2019-11-24,2019-11-25
,Colombo Proper,2019-11-25,2019-11-26
0.0001413787106896,Colombo Proper,2019-11-26,2019-11-27
0.0002078347199929,Colombo Proper,2019-11-27,2019-11-28
5.68003627756596e-05,Colombo Proper,2019-11-28,2019-11-29
,Colombo Proper,2019-11-29,2019-11-30
0.0003223588282708,Colombo Proper,2019-11-30,2019-12-01
0.0001704950669758,Colombo Proper,2019-12-01,2019-12-02
0.0001486318043901,Colombo Proper,2019-12-02,2019-12-03
0.0001022840006044,Colombo Proper,2019-12-03,2019-12-04
,Colombo Proper,2019-12-04,2019-12-05
,Colombo Proper,2019-12-05,2019-12-06
0.0001322834507644,Colombo Proper,2019-12-06,2019-12-07
,Colombo Proper,2019-12-07,2019-12-08
0.0001474497060849,Colombo Proper,2019-12-08,2019-12-09
,Colombo Proper,2019-12-09,2019-12-10
0.0001859855817531,Colombo Proper,2019-12-10,2019-12-11
0.0001228435862202,Colombo Proper,2019-12-11,2019-12-12
0.0001042457855687,Colombo Proper,2019-12-12,2019-12-13
0.0002164941691222,Colombo Proper,2019-12-13,2019-12-14
0.0004215504211818,Colombo Proper,2019-12-14,2019-12-15
,Colombo Proper,2019-12-15,2019-12-16
0.00027549814347,Colombo Proper,2019-12-16,2019-12-17
0.0001214960906414,Colombo Proper,2019-12-17,2019-12-18
,Colombo Proper,2019-12-18,2019-12-19
-4.637232239424427e-05,Colombo Proper,2019-12-19,2019-12-20
,Colombo Proper,2019-12-20,2019-12-21
7.94898009867197e-05,Colombo Proper,2019-12-21,2019-12-22
,Colombo Proper,2019-12-22,2019-12-23
0.0001485055886232,Colombo Proper,2019-12-23,2019-12-24
0.0002550241906414,Colombo Proper,2019-12-24,2019-12-25
4.728911813486761e-05,Colombo Proper,2019-12-25,2019-12-26
0.0002037281242062,Colombo Proper,2019-12-26,2019-12-27
0.0002416867643049,Colombo Proper,2019-12-27,2019-12-28
0.0001144656784438,Colombo Proper,2019-12-28,2019-12-29
0.0001522148543134,Colombo Proper,2019-12-29,2019-12-30
0.0002942146156084,Colombo Proper,2019-12-30,2019-12-31
,Colombo Proper,2019-12-31,2020-01-01
0.0001909560301447,Colombo Proper,2020-01-01,2020-01-02
0.000175819716712,Colombo Proper,2020-01-02,2020-01-03
0.0001811470054066,Colombo Proper,2020-01-03,2020-01-04
0.0002221505765049,Colombo Proper,2020-01-04,2020-01-05
0.0001451638839321,Colombo Proper,2020-01-05,2020-01-06
0.0002312682960304,Colombo Proper,2020-01-06,2020-01-07
0.000165506418085,Colombo Proper,2020-01-07,2020-01-08
0.0001594447211986,Colombo Proper,2020-01-08,2020-01-09
0.0001765471459148,Colombo Proper,2020-01-09,2020-01-10
0.0002859636573313,Colombo Proper,2020-01-10,2020-01-11
8.481429740966081e-05,Colombo Proper,2020-01-11,2020-01-12
0.0001070849342063,Colombo Proper,2020-01-12,2020-01-13
0.000239419617662,Colombo Proper,2020-01-13,2020-01-14
0.0002342143239867,Colombo Proper,2020-01-14,2020-01-15
0.0002480890194684,Colombo Proper,2020-01-15,2020-01-16
,Colombo Proper,2020-01-16,2020-01-17
0.0002516535625757,Colombo Proper,2020-01-17,2020-01-18
0.0001968408803631,Colombo Proper,2020-01-18,2020-01-19
0.000342133279708,Colombo Proper,2020-01-19,2020-01-20
0.0001422912093679,Colombo Proper,2020-01-20,2020-01-21
0.0001066841920417,Colombo Proper,2020-01-21,2020-01-22
8.923695397071347e-05,Colombo Proper,2020-01-22,2020-01-23
0.0001767864040997,Colombo Proper,2020-01-23,2020-01-24
0.0002021668074626,Colombo Proper,2020-01-24,2020-01-25
0.0001754756686984,Colombo Proper,2020-01-25,2020-01-26
0.0001495594419054,Colombo Proper,2020-01-26,2020-01-27
0.0001982027954691,Colombo Proper,2020-01-27,2020-01-28
0.0002315512988484,Colombo Proper,2020-01-28,2020-01-29
0.0002020505990937,Colombo Proper,2020-01-29,2020-01-30
0.0003061261842824,Colombo Proper,2020-01-30,2020-01-31
0.0003446412323474,Colombo Proper,2020-01-31,2020-02-01
,Colombo Proper,2020-02-01,2020-02-02
0.0002660284037032,Colombo Proper,2020-02-02,2020-02-03
0.0002472165544068,Colombo Proper,2020-02-03,2020-02-04
,Colombo Proper,2020-02-04,2020-02-05
0.000440054925649,Colombo Proper,2020-02-05,2020-02-06
0.0002286302464304,Colombo Proper,2020-02-06,2020-02-07
0.000118202084601,Colombo Proper,2020-02-07,2020-02-08
0.0002355592067721,Colombo Proper,2020-02-08,2020-02-09
0.0003416936395035,Colombo Proper,2020-02-09,2020-02-10
0.0003869898402745,Colombo Proper,2020-02-10,2020-02-11
0.0001552948225782,Colombo Proper,2020-02-11,2020-02-12
0.0002317122707609,Colombo Proper,2020-02-12,2020-02-13
0.0002089000604718,Colombo Proper,2020-02-13,2020-02-14
0.0002613268290532,Colombo Proper,2020-02-14,2020-02-15
0.000303801758523,Colombo Proper,2020-02-15,2020-02-16
0.0003636691230425,Colombo Proper,2020-02-16,2020-02-17
,Colombo Proper,2020-02-17,2020-02-18
0.0003318927710119,Colombo Proper,2020-02-18,2020-02-19
0.0003606924125485,Colombo Proper,2020-02-19,2020-02-20
0.000423541582134,Colombo Proper,2020-02-20,2020-02-21
,Colombo Proper,2020-02-21,2020-02-22
0.000137693889204,Colombo Proper,2020-02-22,2020-02-23
0.000269251566778,Colombo Proper,2020-02-23,2020-02-24
0.000223191232682,Colombo Proper,2020-02-24,2020-02-25
0.0002569998392544,Colombo Proper,2020-02-25,2020-02-26
0.0004184539985649,Colombo Proper,2020-02-26,2020-02-27
0.0003476997340625,Colombo Proper,2020-02-27,2020-02-28
0.000211519513137,Colombo Proper,2020-02-28,2020-02-29
0.0003134785123514,Colombo Proper,2020-02-29,2020-03-01
0.0002889810381423,Colombo Proper,2020-03-01,2020-03-02
0.0002060890148762,Colombo Proper,2020-03-02,2020-03-03
0.0002824761524587,Colombo Proper,2020-03-03,2020-03-04
,Colombo Proper,2020-03-04,2020-03-05
0.0001900671849609,Colombo Proper,2020-03-05,2020-03-06
0.0002108390146402,Colombo Proper,2020-03-06,2020-03-07
0.0002018515323925,Colombo Proper,2020-03-07,2020-03-08
0.0002378402403791,Colombo Proper,2020-03-08,2020-03-09
0.0003327486847198,Colombo Proper,2020-03-09,2020-03-10
0.0003499292466113,Colombo Proper,2020-03-10,2020-03-11
0.0003147830822962,Colombo Proper,2020-03-11,2020-03-12
0.0002215638802353,Colombo Proper,2020-03-12,2020-03-13
0.0004833935060985,Colombo Proper,2020-03-13,2020-03-14
0.0003071506905542,Colombo Proper,2020-03-14,2020-03-15
0.0002086684833428,Colombo Proper,2020-03-15,2020-03-16
0.0002902936678157,Colombo Proper,2020-03-16,2020-03-17
0.0003156514615008,Colombo Proper,2020-03-17,2020-03-18
,Colombo Proper,2020-03-18,2020-03-19
,Colombo Proper,2020-03-19,2020-03-20
,Colombo Proper,2020-03-20,2020-03-21
0.0001596298709252,Colombo Proper,2020-03-21,2020-03-22
0.0002507782280502,Colombo Proper,2020-03-22,2020-03-23
0.0003755877640102,Colombo Proper,2020-03-23,2020-03-24
0.0002191446162801,Colombo Proper,2020-03-24,2020-03-25
0.0001738920288399,Colombo Proper,2020-03-25,2020-03-26
0.0004375847842361,Colombo Proper,2020-03-26,2020-03-27
0.0002081620022439,Colombo Proper,2020-03-27,2020-03-28
0.0003352802693489,Colombo Proper,2020-03-28,2020-03-29
0.0001863390892109,Colombo Proper,2020-03-29,2020-03-30
0.0002342340060185,Colombo Proper,2020-03-30,2020-03-31
0.0001685367646813,Colombo Proper,2020-03-31,2020-04-01
0.0001582845579832,Colombo Proper,2020-04-01,2020-04-02
0.0002478837732618,Colombo Proper,2020-04-02,2020-04-03
0.0002588460179914,Colombo Proper,2020-04-03,2020-04-04
0.0001713114595895,Colombo Proper,2020-04-04,2020-04-05
,Colombo Proper,2020-04-05,2020-04-06
0.0002127745101051,Colombo Proper,2020-04-06,2020-04-07
9.38554371256366e-05,Colombo Proper,2020-04-07,2020-04-08
0.0001365360921676,Colombo Proper,2020-04-08,2020-04-09
0.0001492311110197,Colombo Proper,2020-04-09,2020-04-10
0.0001058124670207,Colombo Proper,2020-04-10,2020-04-11
0.0001740889785322,Colombo Proper,2020-04-11,2020-04-12
0.0001601075035254,Colombo Proper,2020-04-12,2020-04-13
0.000180797177747,Colombo Proper,2020-04-13,2020-04-14
0.0002226960722198,Colombo Proper,2020-04-14,2020-04-15
4.693396476795897e-05,Colombo Proper,2020-04-15,2020-04-16
0.0001989634346848,Colombo Proper,2020-04-16,2020-04-17
0.000183928161466,Colombo Proper,2020-04-17,2020-04-18
0.0002145379453068,Colombo Proper,2020-04-18,2020-04-19
0.0001914146864312,Colombo Proper,2020-04-19,2020-04-20
0.0002031757939126,Colombo Proper,2020-04-20,2020-04-21
,Colombo Proper,2020-04-21,2020-04-22
,Colombo Proper,2020-04-22,2020-04-23
0.0001600981711373,Colombo Proper,2020-04-23,2020-04-24
,Colombo Proper,2020-04-24,2020-04-25
0.0001406910458095,Colombo Proper,2020-04-25,2020-04-26
0.0001359427979954,Colombo Proper,2020-04-26,2020-04-27
0.0001354434317104,Colombo Proper,2020-04-27,2020-04-28
7.410965218508509e-05,Colombo Proper,2020-04-28,2020-04-29
0.0001046117112512,Colombo Proper,2020-04-29,2020-04-30
0.0001838830943896,Colombo Proper,2020-04-30,2020-05-01
0.0001656320082705,Colombo Proper,2020-05-01,2020-05-02
0.0002379170848126,Colombo Proper,2020-05-02,2020-05-03
0.0001532576961496,Colombo Proper,2020-05-03,2020-05-04
0.0002307680164753,Colombo Proper,2020-05-04,2020-05-05
,Colombo Proper,2020-05-05,2020-05-06
,Colombo Proper,2020-05-06,2020-05-07
,Colombo Proper,2020-05-07,2020-05-08
0.0001289697579581,Colombo Proper,2020-05-08,2020-05-09
0.0001123520465512,Colombo Proper,2020-05-09,2020-05-10
,Colombo Proper,2020-05-10,2020-05-11
,Colombo Proper,2020-05-11,2020-05-12
0.0002312783008953,Colombo Proper,2020-05-12,2020-05-13
0.0001631825917376,Colombo Proper,2020-05-13,2020-05-14
0.0001503001493125,Colombo Proper,2020-05-14,2020-05-15
,Colombo Proper,2020-05-15,2020-05-16
,Colombo Proper,2020-05-16,2020-05-17
,Colombo Proper,2020-05-17,2020-05-18
0.0003438599774495,Colombo Proper,2020-05-18,2020-05-19
,Colombo Proper,2020-05-19,2020-05-20
0.0001189361982722,Colombo Proper,2020-05-20,2020-05-21
,Colombo Proper,2020-05-21,2020-05-22
2.677951647760532e-05,Colombo Proper,2020-05-22,2020-05-23
,Colombo Proper,2020-05-23,2020-05-24
0.0001599202746551,Colombo Proper,2020-05-24,2020-05-25
0.0001229970456021,Colombo Proper,2020-05-25,2020-05-26
8.88699439362386e-05,Colombo Proper,2020-05-26,2020-05-27
,Colombo Proper,2020-05-27,2020-05-28
0.0001082561779196,Colombo Proper,2020-05-28,2020-05-29
6.240960160428663e-05,Colombo Proper,2020-05-29,2020-05-30
3.846044830897755e-05,Colombo Proper,2020-05-30,2020-05-31
-2.987381835365395e-06,Colombo Proper,2020-05-31,2020-06-01
0.000121141944122,Colombo Proper,2020-06-01,2020-06-02
0.0001334314306849,Colombo Proper,2020-06-02,2020-06-03
4.184015518299238e-05,Colombo Proper,2020-06-03,2020-06-04
6.386906709541972e-05,Colombo Proper,2020-06-04,2020-06-05
6.390508387308208e-05,Colombo Proper,2020-06-05,2020-06-06
,Colombo Proper,2020-06-06,2020-06-07
,Colombo Proper,2020-06-07,2020-06-08
,Colombo Proper,2020-06-08,2020-06-09
9.759900266702665e-05,Colombo Proper,2020-06-09,2020-06-10
0.0001844867718274,Colombo Proper,2020-06-10,2020-06-11
1.0387170742350296e-05,Colombo Proper,2020-06-11,2020-06-12
,Colombo Proper,2020-06-12,2020-06-13
0.0001262331509948,Colombo Proper,2020-06-13,2020-06-14
0.0001954386378505,Colombo Proper,2020-06-14,2020-06-15
-3.856742614450761e-06,Colombo Proper,2020-06-15,2020-06-16
,Colombo Proper,2020-06-16,2020-06-17
0.0001432230767169,Colombo Proper,2020-06-17,2020-06-18
7.33823541965766e-05,Colombo Proper,2020-06-18,2020-06-19
5.250919320498035e-05,Colombo Proper,2020-06-19,2020-06-20
7.053601420995188e-05,Colombo Proper,2020-06-20,2020-06-21
,Colombo Proper,2020-06-21,2020-06-22
7.179510677216268e-05,Colombo Proper,2020-06-22,2020-06-23
4.058775404370783e-05,Colombo Proper,2020-06-23,2020-06-24
,Colombo Proper,2020-06-24,2020-06-25
,Colombo Proper,2020-06-25,2020-06-26
,Colombo Proper,2020-06-26,2020-06-27
0.0001047546448937,Colombo Proper,2020-06-27,2020-06-28
9.694238940661948e-05,Colombo Proper,2020-06-28,2020-06-29
,Colombo Proper,2020-06-29,2020-06-30
0.0001006757847927,Colombo Proper,2020-06-30,2020-07-01
8.496655202105822e-05,Colombo Proper,2020-07-01,2020-07-02
5.695702040364191e-05,Colombo Proper,2020-07-02,2020-07-03
0.000229363866223,Colombo Proper,2020-07-03,2020-07-04
0.0001326400427316,Colombo Proper,2020-07-04,2020-07-05
-3.3158529189727524e-05,Colombo Proper,2020-07-05,2020-07-06
2.917879854773666e-05,Colombo Proper,2020-07-06,2020-07-07
-1.8534759861492544e-05,Colombo Proper,2020-07-07,2020-07-08
0.0001367529051256,Colombo Proper,2020-07-08,2020-07-09
,Colombo Proper,2020-07-09,2020-07-10
,Colombo Proper,2020-07-10,2020-07-11
,Colombo Proper,2020-07-11,2020-07-12
,Colombo Proper,2020-07-12,2020-07-13
9.876886113591492e-05,Colombo Proper,2020-07-13,2020-07-14
0.0001549258383588,Colombo Proper,2020-07-14,2020-07-15
0.0001079511928576,Colombo Proper,2020-07-15,2020-07-16
,Colombo Proper,2020-07-16,2020-07-17
0.0001394245034344,Colombo Proper,2020-07-17,2020-07-18
0.0001175511391026,Colombo Proper,2020-07-18,2020-07-19
0.0003319758664293,Colombo Proper,2020-07-19,2020-07-20
,Colombo Proper,2020-07-20,2020-07-21
0.0001123538342313,Colombo Proper,2020-07-21,2020-07-22
,Colombo Proper,2020-07-22,2020-07-23
0.0001967218725518,Colombo Proper,2020-07-23,2020-07-24
,Colombo Proper,2020-07-24,2020-07-25
,Colombo Proper,2020-07-25,2020-07-26
,Colombo Proper,2020-07-26,2020-07-27
0.0002550974683168,Colombo Proper,2020-07-27,2020-07-28
,Colombo Proper,2020-07-28,2020-07-29
,Colombo Proper,2020-07-29,2020-07-30
,Colombo Proper,2020-07-30,2020-07-31
2.194835337581231e-05,Colombo Proper,2020-07-31,2020-08-01
7.22438335812151e-05,Colombo Proper,2020-08-01,2020-08-02
,Colombo Proper,2020-08-02,2020-08-03
,Colombo Proper,2020-08-03,2020-08-04
,Colombo Proper,2020-08-04,2020-08-05
,Colombo Proper,2020-08-05,2020-08-06
,Colombo Proper,2020-08-06,2020-08-07
,Colombo Proper,2020-08-07,2020-08-08
6.165343655485986e-05,Colombo Proper,2020-08-08,2020-08-09
,Colombo Proper,2020-08-09,2020-08-10
,Colombo Proper,2020-08-10,2020-08-11
,Colombo Proper,2020-08-11,2020-08-12
6.756726523655993e-05,Colombo Proper,2020-08-12,2020-08-13
6.824330114802585e-05,Colombo Proper,2020-08-13,2020-08-14
6.551141187371996e-05,Colombo Proper,2020-08-14,2020-08-15
9.53623197143923e-05,Colombo Proper,2020-08-15,2020-08-16
,Colombo Proper,2020-08-16,2020-08-17
5.218663593212984e-05,Colombo Proper,2020-08-17,2020-08-18
9.408554995921697e-05,Colombo Proper,2020-08-18,2020-08-19
0.000108648368642,Colombo Proper,2020-08-19,2020-08-20
5.898684525526202e-05,Colombo Proper,2020-08-20,2020-08-21
0.000185514265541,Colombo Proper,2020-08-21,2020-08-22
0.0001383807546722,Colombo Proper,2020-08-22,2020-08-23
1.020713033914896e-05,Colombo Proper,2020-08-23,2020-08-24
-4.4336980382498894e-05,Colombo Proper,2020-08-24,2020-08-25
5.800061266907338e-05,Colombo Proper,2020-08-25,2020-08-26
0.00012725378676,Colombo Proper,2020-08-26,2020-08-27
0.0001226426706302,Colombo Proper,2020-08-27,2020-08-28
8.611686644879429e-05,Colombo Proper,2020-08-28,2020-08-29
0.0001581098164079,Colombo Proper,2020-08-29,2020-08-30
0.0001601970867785,Colombo Proper,2020-08-30,2020-08-31
9.00559617642378e-05,Colombo Proper,2020-08-31,2020-09-01
,Colombo Proper,2020-09-01,2020-09-02
,Colombo Proper,2020-09-02,2020-09-03
0.0001089729114532,Colombo Proper,2020-09-03,2020-09-04
8.350929906288698e-05,Colombo Proper,2020-09-04,2020-09-05
6.279599504086146e-05,Colombo Proper,2020-09-05,2020-09-06
,Colombo Proper,2020-09-06,2020-09-07
,Colombo Proper,2020-09-07,2020-09-08
-2.856671194697828e-05,Colombo Proper,2020-09-08,2020-09-09
-4.658729364983872e-05,Colombo Proper,2020-09-09,2020-09-10
,Colombo Proper,2020-09-10,2020-09-11
5.088969002586624e-05,Colombo Proper,2020-09-11,2020-09-12
6.437920269536806e-05,Colombo Proper,2020-09-12,2020-09-13
0.0001609683889167,Colombo Proper,2020-09-13,2020-09-14
,Colombo Proper,2020-09-14,2020-09-15
0.0001143370669573,Colombo Proper,2020-09-15,2020-09-16
3.69041425834875e-05,Colombo Proper,2020-09-16,2020-09-17
-2.5222887248274982e-05,Colombo Proper,2020-09-17,2020-09-18
,Colombo Proper,2020-09-18,2020-09-19
0.0001903554784655,Colombo Proper,2020-09-19,2020-09-20
,Colombo Proper,2020-09-20,2020-09-21
,Colombo Proper,2020-09-21,2020-09-22
,Colombo Proper,2020-09-22,2020-09-23
3.544372022705729e-05,Colombo Proper,2020-09-23,2020-09-24
0.0001260179927192,Colombo Proper,2020-09-24,2020-09-25
,Colombo Proper,2020-09-25,2020-09-26
5.564912544903195e-05,Colombo Proper,2020-09-26,2020-09-27
6.616742823127159e-05,Colombo Proper,2020-09-27,2020-09-28
0.000226078828243,Colombo Proper,2020-09-28,2020-09-29
,Colombo Proper,2020-09-29,2020-09-30
,Colombo Proper,2020-09-30,2020-10-01
1.063345464081946e-05,Colombo Proper,2020-10-01,2020-10-02
8.39799467602166e-05,Colombo Proper,2020-10-02,2020-10-03
0.0001044083669184,Colombo Proper,2020-10-03,2020-10-04
2.111934367094221e-07,Colombo Proper,2020-10-04,2020-10-05
7.119013827322124e-05,Colombo Proper,2020-10-05,2020-10-06
0.0001443318573785,Colombo Proper,2020-10-06,2020-10-07
,Colombo Proper,2020-10-07,2020-10-08
,Colombo Proper,2020-10-08,2020-10-09
,Colombo Proper,2020-10-09,2020-10-10
0.00012927445667,Colombo Proper,2020-10-10,2020-10-11
8.378911994586367e-05,Colombo Proper,2020-10-11,2020-10-12
0.0001581395232151,Colombo Proper,2020-10-12,2020-10-13
0.0001933941976113,Colombo Proper,2020-10-13,2020-10-14
,Colombo Proper,2020-10-14,2020-10-15
,Colombo Proper,2020-10-15,2020-10-16
9.858052342680412e-05,Colombo Proper,2020-10-16,2020-10-17
1.7811748198917226e-05,Colombo Proper,2020-10-17,2020-10-18
7.158585229107723e-05,Colombo Proper,2020-10-18,2020-10-19
0.0002520162448395,Colombo Proper,2020-10-19,2020-10-20
3.3276900294780645e-05,Colombo Proper,2020-10-20,2020-10-21
0.0001338458078774,Colombo Proper,2020-10-21,2020-10-22
7.555173946898224e-06,Colombo Proper,2020-10-22,2020-10-23
7.105086143836031e-05,Colombo Proper,2020-10-23,2020-10-24
7.332211693731152e-05,Colombo Proper,2020-10-24,2020-10-25
8.174195566978968e-05,Colombo Proper,2020-10-25,2020-10-26
7.09171727688149e-05,Colombo Proper,2020-10-26,2020-10-27
0.0001405435827147,Colombo Proper,2020-10-27,2020-10-28
0.0002763089594117,Colombo Proper,2020-10-28,2020-10-29
0.0001685633329135,Colombo Proper,2020-10-29,2020-10-30
,Colombo Proper,2020-10-30,2020-10-31
5.401703829654914e-06,Colombo Proper,2020-10-31,2020-11-01
0.0001371110957633,Colombo Proper,2020-11-01,2020-11-02
0.0001035264844426,Colombo Proper,2020-11-02,2020-11-03
0.0002582581414107,Colombo Proper,2020-11-03,2020-11-04
0.0001479459736054,Colombo Proper,2020-11-04,2020-11-05
0.0001713041765321,Colombo Proper,2020-11-05,2020-11-06
0.0001608849066159,Colombo Proper,2020-11-06,2020-11-07
0.0001322907462156,Colombo Proper,2020-11-07,2020-11-08
0.0001014556496769,Colombo Proper,2020-11-08,2020-11-09
0.0001549767491343,Colombo Proper,2020-11-09,2020-11-10
0.0002153815936199,Colombo Proper,2020-11-10,2020-11-11
0.0001680503574552,Colombo Proper,2020-11-11,2020-11-12
0.0002092867308346,Colombo Proper,2020-11-12,2020-11-13
0.0001328514258473,Colombo Proper,2020-11-13,2020-11-14
0.000127032481064,Colombo Proper,2020-11-14,2020-11-15
,Colombo Proper,2020-11-15,2020-11-16
0.0003014676645325,Colombo Proper,2020-11-16,2020-11-17
0.0002102343142154,Colombo Proper,2020-11-17,2020-11-18
0.0001226272107369,Colombo Proper,2020-11-18,2020-11-19
0.0001689257057162,Colombo Proper,2020-11-19,2020-11-20
0.000114912225481,Colombo Proper,2020-11-20,2020-11-21
0.0001138495641792,Colombo Proper,2020-11-21,2020-11-22
,Colombo Proper,2020-11-22,2020-11-23
0.0002088124755424,Colombo Proper,2020-11-23,2020-11-24
,Colombo Proper,2020-11-24,2020-11-25
,Colombo Proper,2020-11-25,2020-11-26
0.0001261620531561,Colombo Proper,2020-11-26,2020-11-27
5.329385075339822e-05,Colombo Proper,2020-11-27,2020-11-28
0.0002872822628802,Colombo Proper,2020-11-28,2020-11-29
0.0003573190095101,Colombo Proper,2020-11-29,2020-11-30
0.0001306101105465,Colombo Proper,2020-11-30,2020-12-01
,Colombo Proper,2020-12-01,2020-12-02
,Colombo Proper,2020-12-02,2020-12-03
0.0001895978733741,Colombo Proper,2020-12-03,2020-12-04
3.9636452885990645e-06,Colombo Proper,2020-12-04,2020-12-05
0.0002854040079956,Colombo Proper,2020-12-05,2020-12-06
0.0001434644771966,Colombo Proper,2020-12-06,2020-12-07
0.0001896025597799,Colombo Proper,2020-12-07,2020-12-08
0.000274648565017,Colombo Proper,2020-12-08,2020-12-09
0.0002232851100516,Colombo Proper,2020-12-09,2020-12-10
0.0003934967004419,Colombo Proper,2020-12-10,2020-12-11
0.0002129514349934,Colombo Proper,2020-12-11,2020-12-12
0.0002680092342523,Colombo Proper,2020-12-12,2020-12-13
0.0001300334105227,Colombo Proper,2020-12-13,2020-12-14
0.0001347145288639,Colombo Proper,2020-12-14,2020-12-15
0.0002642558670693,Colombo Proper,2020-12-15,2020-12-16
0.0002206075632153,Colombo Proper,2020-12-16,2020-12-17
,Colombo Proper,2020-12-17,2020-12-18
0.000213910686674,Colombo Proper,2020-12-18,2020-12-19
,Colombo Proper,2020-12-19,2020-12-20
,Colombo Proper,2020-12-20,2020-12-21
,Colombo Proper,2020-12-21,2020-12-22
,Colombo Proper,2020-12-22,2020-12-23
,Colombo Proper,2020-12-23,2020-12-24
-3.192751512459696e-05,Colombo Proper,2020-12-24,2020-12-25
0.0002053803512766,Colombo Proper,2020-12-25,2020-12-26
0.0001272233308124,Colombo Proper,2020-12-26,2020-12-27
0.0001622308343621,Colombo Proper,2020-12-27,2020-12-28
0.0001014035540544,Colombo Proper,2020-12-28,2020-12-29
0.0001641161179862,Colombo Proper,2020-12-29,2020-12-30
0.0002430780579364,Colombo Proper,2020-12-30,2020-12-31
-0.0002275538913316,Colombo Proper,2020-12-31,2021-01-01
,Colombo Proper,2021-01-01,2021-01-02
,Colombo Proper,2021-01-02,2021-01-03
,Colombo Proper,2021-01-03,2021-01-04
0.0002369831877015,Colombo Proper,2021-01-04,2021-01-05
-0.0001506026746411,Colombo Proper,2021-01-05,2021-01-06
0.0001514076036091,Colombo Proper,2021-01-06,2021-01-07
0.0001898265243012,Colombo Proper,2021-01-07,2021-01-08
0.0002692413319713,Colombo Proper,2021-01-08,2021-01-09
,Colombo Proper,2021-01-09,2021-01-10
,Colombo Proper,2021-01-10,2021-01-11
,Colombo Proper,2021-01-11,2021-01-12
,Colombo Proper,2021-01-12,2021-01-13
,Colombo Proper,2021-01-13,2021-01-14
0.0001306578061264,Colombo Proper,2021-01-14,2021-01-15
,Colombo Proper,2021-01-15,2021-01-16
,Colombo Proper,2021-01-16,2021-01-17
-2.814097830969805e-05,Colombo Proper,2021-01-17,2021-01-18
,Colombo Proper,2021-01-18,2021-01-19
0.0001785179326151,Colombo Proper,2021-01-19,2021-01-20
0.0001032693407217,Colombo Proper,2021-01-20,2021-01-21
0.0002051838040896,Colombo Proper,2021-01-21,2021-01-22
0.0002140583899306,Colombo Proper,2021-01-22,2021-01-23
0.0001862861907533,Colombo Proper,2021-01-23,2021-01-24
0.0001354404351779,Colombo Proper,2021-01-24,2021-01-25
0.0003174737761862,Colombo Proper,2021-01-25,2021-01-26
0.0001746427192303,Colombo Proper,2021-01-26,2021-01-27
0.0002416642817995,Colombo Proper,2021-01-27,2021-01-28
0.0004977647487152,Colombo Proper,2021-01-28,2021-01-29
0.0001088681105839,Colombo Proper,2021-01-29,2021-01-30
0.0002814834181886,Colombo Proper,2021-01-30,2021-01-31
0.0002437034403655,Colombo Proper,2021-01-31,2021-02-01
-4.071811077386823e-05,Colombo Proper,2021-02-01,2021-02-02
0.0001380282355278,Colombo Proper,2021-02-02,2021-02-03
,Colombo Proper,2021-02-03,2021-02-04
0.0001915302879978,Colombo Proper,2021-02-04,2021-02-05
0.000124417414927,Colombo Proper,2021-02-05,2021-02-06
0.0001891708523288,Colombo Proper,2021-02-06,2021-02-07
,Colombo Proper,2021-02-07,2021-02-08
3.277584362007702e-06,Colombo Proper,2021-02-08,2021-02-09
0.0002360149943155,Colombo Proper,2021-02-09,2021-02-10
0.00024592325094,Colombo Proper,2021-02-10,2021-02-11
0.0002907206630647,Colombo Proper,2021-02-11,2021-02-12
0.0002645433691866,Colombo Proper,2021-02-12,2021-02-13
0.0003119554530225,Colombo Proper,2021-02-13,2021-02-14
0.0002835153994791,Colombo Proper,2021-02-14,2021-02-15
0.0002050635839755,Colombo Proper,2021-02-15,2021-02-16
0.0002055507070057,Colombo Proper,2021-02-16,2021-02-17
0.0003900219266868,Colombo Proper,2021-02-17,2021-02-18
0.0003264424821823,Colombo Proper,2021-02-18,2021-02-19
,Colombo Proper,2021-02-19,2021-02-20
0.0001709358348845,Colombo Proper,2021-02-20,2021-02-21
0.0002139903864919,Colombo Proper,2021-02-21,2021-02-22
0.0002277018962164,Colombo Proper,2021-02-22,2021-02-23
0.0001589549799036,Colombo Proper,2021-02-23,2021-02-24
0.000115214313486,Colombo Proper,2021-02-24,2021-02-25
0.0002325898708213,Colombo Proper,2021-02-25,2021-02-26
0.0002289977922013,Colombo Proper,2021-02-26,2021-02-27
0.0001920381543707,Colombo Proper,2021-02-27,2021-02-28
0.000202528953311,Colombo Proper,2021-02-28,2021-03-01
8.974775815940257e-05,Colombo Proper,2021-03-01,2021-03-02
0.0004364158279691,Colombo Proper,2021-03-02,2021-03-03
0.0002043196853631,Colombo Proper,2021-03-03,2021-03-04
0.0003839609401357,Colombo Proper,2021-03-04,2021-03-05
0.0003406199961689,Colombo Proper,2021-03-05,2021-03-06
0.0003904318930223,Colombo Proper,2021-03-06,2021-03-07
,Colombo Proper,2021-03-07,2021-03-08
0.0001113585037533,Colombo Proper,2021-03-08,2021-03-09
0.0002371528462455,Colombo Proper,2021-03-09,2021-03-10
0.0001690345518758,Colombo Proper,2021-03-10,2021-03-11
0.0002105863433248,Colombo Proper,2021-03-11,2021-03-12
0.000202354727431,Colombo Proper,2021-03-12,2021-03-13
0.0001409489129117,Colombo Proper,2021-03-13,2021-03-14
0.0002179402098774,Colombo Proper,2021-03-14,2021-03-15
0.0002426438265474,Colombo Proper,2021-03-15,2021-03-16
0.0002616008564259,Colombo Proper,2021-03-16,2021-03-17
0.0002512875576035,Colombo Proper,2021-03-17,2021-03-18
0.0002178442068229,Colombo Proper,2021-03-18,2021-03-19
0.0003225614713497,Colombo Proper,2021-03-19,2021-03-20
,Colombo Proper,2021-03-20,2021-03-21
0.0002924193098551,Colombo Proper,2021-03-21,2021-03-22
0.0003266746678878,Colombo Proper,2021-03-22,2021-03-23
,Colombo Proper,2021-03-23,2021-03-24
0.000366138543108,Colombo Proper,2021-03-24,2021-03-25
,Colombo Proper,2021-03-25,2021-03-26
,Colombo Proper,2021-03-26,2021-03-27
,Colombo Proper,2021-03-27,2021-03-28
,Colombo Proper,2021-03-28,2021-03-29
0.0001351284841152,Colombo Proper,2021-03-29,2021-03-30
0.0001392593237019,Colombo Proper,2021-03-30,2021-03-31
0.0001475118842205,Colombo Proper,2021-03-31,2021-04-01
0.0001772367650626,Colombo Proper,2021-04-01,2021-04-02
0.000157007514811,Colombo Proper,2021-04-02,2021-04-03
0.0001245037900534,Colombo Proper,2021-04-03,2021-04-04
0.0001555211295454,Colombo Proper,2021-04-04,2021-04-05
0.0001978674029281,Colombo Proper,2021-04-05,2021-04-06
0.000347094900212,Colombo Proper,2021-04-06,2021-04-07
0.000336694393004,Colombo Proper,2021-04-07,2021-04-08
,Colombo Proper,2021-04-08,2021-04-09
0.0001683114077093,Colombo Proper,2021-04-09,2021-04-10
0.0003171383792382,Colombo Proper,2021-04-10,2021-04-11
0.0002353733053514,Colombo Proper,2021-04-11,2021-04-12
0.0002593412850278,Colombo Proper,2021-04-12,2021-04-13
,Colombo Proper,2021-04-13,2021-04-14
0.0001700151831131,Colombo Proper,2021-04-14,2021-04-15
0.000173734373544,Colombo Proper,2021-04-15,2021-04-16
0.0001010269419527,Colombo Proper,2021-04-16,2021-04-17
,Colombo Proper,2021-04-17,2021-04-18
0.000118021278765,Colombo Proper,2021-04-18,2021-04-19
0.0001081649258043,Colombo Proper,2021-04-19,2021-04-20
0.0001847278596022,Colombo Proper,2021-04-20,2021-04-21
0.0001972131019884,Colombo Proper,2021-04-21,2021-04-22
0.0001855974828301,Colombo Proper,2021-04-22,2021-04-23
,Colombo Proper,2021-04-23,2021-04-24
,Colombo Proper,2021-04-24,2021-04-25
0.0002471323820972,Colombo Proper,2021-04-25,2021-04-26
0.0001463663441777,Colombo Proper,2021-04-26,2021-04-27
0.0002134845212401,Colombo Proper,2021-04-27,2021-04-28
0.0001731765506034,Colombo Proper,2021-04-28,2021-04-29
0.0003036636855953,Colombo Proper,2021-04-29,2021-04-30
0.0001951219315353,Colombo Proper,2021-04-30,2021-05-01
0.0002452214396045,Colombo Proper,2021-05-01,2021-05-02
0.0002645389429535,Colombo Proper,2021-05-02,2021-05-03
8.557056172578272e-05,Colombo Proper,2021-05-03,2021-05-04
0.0002209067323248,Colombo Proper,2021-05-04,2021-05-05
0.0002489217460877,Colombo Proper,2021-05-05,2021-05-06
0.000200302745968,Colombo Proper,2021-05-06,2021-05-07
0.0003402714822933,Colombo Proper,2021-05-07,2021-05-08
0.0001707579410077,Colombo Proper,2021-05-08,2021-05-09
0.0001754510948178,Colombo Proper,2021-05-09,2021-05-10
,Colombo Proper,2021-05-10,2021-05-11
0.000136949172288,Colombo Proper,2021-05-11,2021-05-12
0.0001187003015104,Colombo Proper,2021-05-12,2021-05-13
,Colombo Proper,2021-05-13,2021-05-14
,Colombo Proper,2021-05-14,2021-05-15
,Colombo Proper,2021-05-15,2021-05-16
,Colombo Proper,2021-05-16,2021-05-17
0.0001073622963506,Colombo Proper,2021-05-17,2021-05-18
0.0001151393206812,Colombo Proper,2021-05-18,2021-05-19
3.7632326797477766e-05,Colombo Proper,2021-05-19,2021-05-20
,Colombo Proper,2021-05-20,2021-05-21
,Colombo Proper,2021-05-21,2021-05-22
0.0001562455652218,Colombo Proper,2021-05-22,2021-05-23
,Colombo Proper,2021-05-23,2021-05-24
8.640041676999091e-05,Colombo Proper,2021-05-24,2021-05-25
,Colombo Proper,2021-05-25,2021-05-26
,Colombo Proper,2021-05-26,2021-05-27
0.0001197226696455,Colombo Proper,2021-05-27,2021-05-28
0.0002846241686733,Colombo Proper,2021-05-28,2021-05-29
5.140843569635608e-05,Colombo Proper,2021-05-29,2021-05-30
0.0001638313116302,Colombo Proper,2021-05-30,2021-05-31
0.0001179661027567,Colombo Proper,2021-05-31,2021-06-01
0.0001566254873436,Colombo Proper,2021-06-01,2021-06-02
0.0001080532010729,Colombo Proper,2021-06-02,2021-06-03
,Colombo Proper,2021-06-03,2021-06-04
-1.3164129551316546e-05,Colombo Proper,2021-06-04,2021-06-05
,Colombo Proper,2021-06-05,2021-06-06
0.0001845359693438,Colombo Proper,2021-06-06,2021-06-07
0.0001184897886351,Colombo Proper,2021-06-07,2021-06-08
,Colombo Proper,2021-06-08,2021-06-09
8.833928529805503e-05,Colombo Proper,2021-06-09,2021-06-10
0.000135486230632,Colombo Proper,2021-06-10,2021-06-11
,Colombo Proper,2021-06-11,2021-06-12
5.342745342748797e-05,Colombo Proper,2021-06-12,2021-06-13
,Colombo Proper,2021-06-13,2021-06-14
0.0002191296073331,Colombo Proper,2021-06-14,2021-06-15
0.0001334847807237,Colombo Proper,2021-06-15,2021-06-16
2.117090359564527e-05,Colombo Proper,2021-06-16,2021-06-17
2.6159526392206325e-05,Colombo Proper,2021-06-17,2021-06-18
0.0001395902548474,Colombo Proper,2021-06-18,2021-06-19
3.4048939573982124e-05,Colombo Proper,2021-06-19,2021-06-20
6.569158932740452e-05,Colombo Proper,2021-06-20,2021-06-21
0.000162442274985,Colombo Proper,2021-06-21,2021-06-22
,Colombo Proper,2021-06-22,2021-06-23
0.0001214765142012,Colombo Proper,2021-06-23,2021-06-24
7.041590683398183e-05,Colombo Proper,2021-06-24,2021-06-25
8.078253427334957e-05,Colombo Proper,2021-06-25,2021-06-26
,Colombo Proper,2021-06-26,2021-06-27
0.0001528314952572,Colombo Proper,2021-06-27,2021-06-28
8.158938262454332e-05,Colombo Proper,2021-06-28,2021-06-29
-8.562912389164453e-05,Colombo Proper,2021-06-29,2021-06-30
9.404885234298092e-05,Colombo Proper,2021-06-30,2021-07-01
,Colombo Proper,2021-07-01,2021-07-02
0.0002613394697627,Colombo Proper,2021-07-02,2021-07-03
0.0004196659512255,Colombo Proper,2021-07-03,2021-07-04
,Colombo Proper,2021-07-04,2021-07-05
-6.64929785597373e-05,Colombo Proper,2021-07-05,2021-07-06
-2.2501356234331296e-05,Colombo Proper,2021-07-06,2021-07-07
-2.171927151665001e-05,Colombo Proper,2021-07-07,2021-07-08
,Colombo Proper,2021-07-08,2021-07-09
,Colombo Proper,2021-07-09,2021-07-10
,Colombo Proper,2021-07-10,2021-07-11
,Colombo Proper,2021-07-11,2021-07-12
,Colombo Proper,2021-07-12,2021-07-13
4.777782884694065e-05,Colombo Proper,2021-07-13,2021-07-14
,Colombo Proper,2021-07-14,2021-07-15
,Colombo Proper,2021-07-15,2021-07-16
,Colombo Proper,2021-07-16,2021-07-17
,Colombo Proper,2021-07-17,2021-07-18
0.0002389225525509,Colombo Proper,2021-07-18,2021-07-19
4.428448499914935e-05,Colombo Proper,2021-07-19,2021-07-20
8.70193889447396e-05,Colombo Proper,2021-07-20,2021-07-21
0.0001457126797112,Colombo Proper,2021-07-21,2021-07-22
,Colombo Proper,2021-07-22,2021-07-23
3.398212134169013e-05,Colombo Proper,2021-07-23,2021-07-24
,Colombo Proper,2021-07-24,2021-07-25
,Colombo Proper,2021-07-25,2021-07-26
,Colombo Proper,2021-07-26,2021-07-27
9.853908654433984e-05,Colombo Proper,2021-07-27,2021-07-28
2.6380996386437524e-05,Colombo Proper,2021-07-28,2021-07-29
9.667988833399398e-05,Colombo Proper,2021-07-29,2021-07-30
0.0001155906042784,Colombo Proper,2021-07-30,2021-07-31
5.107784333170062e-05,Colombo Proper,2021-07-31,2021-08-01
0.0001128233697,Colombo Proper,2021-08-01,2021-08-02
0.0002368718710702,Colombo Proper,2021-08-02,2021-08-03
-2.139473278983324e-06,Colombo Proper,2021-08-03,2021-08-04
0.0001531405253013,Colombo Proper,2021-08-04,2021-08-05
,Colombo Proper,2021-08-05,2021-08-06
4.0648579074643184e-05,Colombo Proper,2021-08-06,2021-08-07
0.000188900565432,Colombo Proper,2021-08-07,2021-08-08
,Colombo Proper,2021-08-08,2021-08-09
6.617820779227803e-05,Colombo Proper,2021-08-09,2021-08-10
0.0001369775371414,Colombo Proper,2021-08-10,2021-08-11
,Colombo Proper,2021-08-11,2021-08-12
,Colombo Proper,2021-08-12,2021-08-13
,Colombo Proper,2021-08-13,2021-08-14
0.000266397037653,Colombo Proper,2021-08-14,2021-08-15
3.998720165802974e-05,Colombo Proper,2021-08-15,2021-08-16
,Colombo Proper,2021-08-16,2021-08-17
0.000103087011299,Colombo Proper,2021-08-17,2021-08-18
0.0001140018848353,Colombo Proper,2021-08-18,2021-08-19
0.000134093894517,Colombo Proper,2021-08-19,2021-08-20
0.0001103521585815,Colombo Proper,2021-08-20,2021-08-21
,Colombo Proper,2021-08-21,2021-08-22
,Colombo Proper,2021-08-22,2021-08-23
5.59021570127458e-05,Colombo Proper,2021-08-23,2021-08-24
1.4433752468963495e-05,Colombo Proper,2021-08-24,2021-08-25
,Colombo Proper,2021-08-25,2021-08-26
,Colombo Proper,2021-08-26,2021-08-27
0.0001478950834196,Colombo Proper,2021-08-27,2021-08-28
-1.8584795708517987e-05,Colombo Proper,2021-08-28,2021-08-29
,Colombo Proper,2021-08-29,2021-08-30
0.0002178863117189,Colombo Proper,2021-08-30,2021-08-31
5.991877038189847e-05,Colombo Proper,2021-08-31,2021-09-01
5.901041403594232e-05,Colombo Proper,2021-09-01,2021-09-02
0.0001396001138181,Colombo Proper,2021-09-02,2021-09-03
0.0002744120081462,Colombo Proper,2021-09-03,2021-09-04
,Colombo Proper,2021-09-04,2021-09-05
0.0001843671941389,Colombo Proper,2021-09-05,2021-09-06
0.0002357552138328,Colombo Proper,2021-09-06,2021-09-07
0.0001506352700809,Colombo Proper,2021-09-07,2021-09-08
0.0003233711501901,Colombo Proper,2021-09-08,2021-09-09
2.1479099701057176e-05,Colombo Proper,2021-09-09,2021-09-10
5.667476364560356e-05,Colombo Proper,2021-09-10,2021-09-11
5.029398661671392e-05,Colombo Proper,2021-09-11,2021-09-12
7.258111501521719e-05,Colombo Proper,2021-09-12,2021-09-13
8.283100553994798e-05,Colombo Proper,2021-09-13,2021-09-14
2.391585104770661e-06,Colombo Proper,2021-09-14,2021-09-15
-1.5183986753519106e-05,Colombo Proper,2021-09-15,2021-09-16
0.0001701572499924,Colombo Proper,2021-09-16,2021-09-17
0.0002497155814623,Colombo Proper,2021-09-17,2021-09-18
,Colombo Proper,2021-09-18,2021-09-19
4.18657035174414e-05,Colombo Proper,2021-09-19,2021-09-20
,Colombo Proper,2021-09-20,2021-09-21
,Colombo Proper,2021-09-21,2021-09-22
3.183551893105144e-05,Colombo Proper,2021-09-22,2021-09-23
6.4424578070135e-05,Colombo Proper,2021-09-23,2021-09-24
0.0001405140015702,Colombo Proper,2021-09-24,2021-09-25
5.278711360427154e-05,Colombo Proper,2021-09-25,2021-09-26
,Colombo Proper,2021-09-26,2021-09-27
-8.034903995154305e-05,Colombo Proper,2021-09-27,2021-09-28
,Colombo Proper,2021-09-28,2021-09-29
0.0001407665288932,Colombo Proper,2021-09-29,2021-09-30
,Colombo Proper,2021-09-30,2021-10-01
,Colombo Proper,2021-10-01,2021-10-02
8.099903767863547e-05,Colombo Proper,2021-10-02,2021-10-03
4.413588492435173e-05,Colombo Proper,2021-10-03,2021-10-04
,Colombo Proper,2021-10-04,2021-10-05
,Colombo Proper,2021-10-05,2021-10-06
-0.0001121537893963,Colombo Proper,2021-10-06,2021-10-07
9.579922653074744e-05,Colombo Proper,2021-10-07,2021-10-08
5.607402213075693e-05,Colombo Proper,2021-10-08,2021-10-09
,Colombo Proper,2021-10-09,2021-10-10
,Colombo Proper,2021-10-10,2021-10-11
,Colombo Proper,2021-10-11,2021-10-12
5.556127220190617e-06,Colombo Proper,2021-10-12,2021-10-13
7.54321079031583e-05,Colombo Proper,2021-10-13,2021-10-14
3.614275812152057e-05,Colombo Proper,2021-10-14,2021-10-15
0.0001084263434074,Colombo Proper,2021-10-15,2021-10-16
,Colombo Proper,2021-10-16,2021-10-17
0.0001290246455066,Colombo Proper,2021-10-17,2021-10-18
0.0001631285291861,Colombo Proper,2021-10-18,2021-10-19
5.580992144408888e-05,Colombo Proper,2021-10-19,2021-10-20
,Colombo Proper,2021-10-20,2021-10-21
0.0001278843069982,Colombo Proper,2021-10-21,2021-10-22
0.0002107220220187,Colombo Proper,2021-10-22,2021-10-23
-9.627922715197988e-06,Colombo Proper,2021-10-23,2021-10-24
5.392780403837498e-05,Colombo Proper,2021-10-24,2021-10-25
0.00016805466481,Colombo Proper,2021-10-25,2021-10-26
0.0001966765413794,Colombo Proper,2021-10-26,2021-10-27
0.0001777093559165,Colombo Proper,2021-10-27,2021-10-28
,Colombo Proper,2021-10-28,2021-10-29
0.0001182857932418,Colombo Proper,2021-10-29,2021-10-30
0.0001196376869877,Colombo Proper,2021-10-30,2021-10-31
4.184127276175437e-05,Colombo Proper,2021-10-31,2021-11-01
,Colombo Proper,2021-11-01,2021-11-02
1.387785671653146e-05,Colombo Proper,2021-11-02,2021-11-03
0.0001212487481389,Colombo Proper,2021-11-03,2021-11-04
,Colombo Proper,2021-11-04,2021-11-05
0.0001946685208087,Colombo Proper,2021-11-05,2021-11-06
,Colombo Proper,2021-11-06,2021-11-07
,Colombo Proper,2021-11-07,2021-11-08
,Colombo Proper,2021-11-08,2021-11-09
,Colombo Proper,2021-11-09,2021-11-10
0.0001117711484757,Colombo Proper,2021-11-10,2021-11-11
,Colombo Proper,2021-11-11,2021-11-12
,Colombo Proper,2021-11-12,2021-11-13
-2.9307014994332408e-05,Colombo Proper,2021-11-13,2021-11-14
-9.896915283582644e-05,Colombo Proper,2021-11-14,2021-11-15
,Colombo Proper,2021-11-15,2021-11-16
,Colombo Proper,2021-11-16,2021-11-17
,Colombo Proper,2021-11-17,2021-11-18
6.605823757240088e-05,Colombo Proper,2021-11-18,2021-11-19
,Colombo Proper,2021-11-19,2021-11-20
1.657601601937637e-05,Colombo Proper,2021-11-20,2021-11-21
4.740992484225589e-05,Colombo Proper,2021-11-21,2021-11-22
9.97903995152294e-05,Colombo Proper,2021-11-22,2021-11-23
,Colombo Proper,2021-11-23,2021-11-24
,Colombo Proper,2021-11-24,2021-11-25
,Colombo Proper,2021-11-25,2021-11-26
0.0001252053320552,Colombo Proper,2021-11-26,2021-11-27
3.633586679641416e-05,Colombo Proper,2021-11-27,2021-11-28
,Colombo Proper,2021-11-28,2021-11-29
,Colombo Proper,2021-11-29,2021-11-30
0.0005226186982595,Colombo Proper,2021-11-30,2021-12-01
0.0001721799868397,Colombo Proper,2021-12-01,2021-12-02
0.0001527044078373,Colombo Proper,2021-12-02,2021-12-03
0.0002892300586867,Colombo Proper,2021-12-03,2021-12-04
0.0001657918785097,Colombo Proper,2021-12-04,2021-12-05
0.0001980647621395,Colombo Proper,2021-12-05,2021-12-06
0.0001668042237377,Colombo Proper,2021-12-06,2021-12-07
0.0002453597373491,Colombo Proper,2021-12-07,2021-12-08
0.0001995450183162,Colombo Proper,2021-12-08,2021-12-09
0.0003044002613605,Colombo Proper,2021-12-09,2021-12-10
0.0002289257347507,Colombo Proper,2021-12-10,2021-12-11
0.0002056766954945,Colombo Proper,2021-12-11,2021-12-12
0.0002984725432944,Colombo Proper,2021-12-12,2021-12-13
,Colombo Proper,2021-12-13,2021-12-14
,Colombo Proper,2021-12-14,2021-12-15
,Colombo Proper,2021-12-15,2021-12-16
9.829105344649392e-05,Colombo Proper,2021-12-16,2021-12-17
9.760525530799496e-05,Colombo Proper,2021-12-17,2021-12-18
9.303462975357216e-05,Colombo Proper,2021-12-18,2021-12-19
0.000264661628072,Colombo Proper,2021-12-19,2021-12-20
,Colombo Proper,2021-12-20,2021-12-21
0.0001723132693212,Colombo Proper,2021-12-21,2021-12-22
0.0002061143924184,Colombo Proper,2021-12-22,2021-12-23
0.0003023733775554,Colombo Proper,2021-12-23,2021-12-24
0.0002349150910121,Colombo Proper,2021-12-24,2021-12-25
0.0002188203025084,Colombo Proper,2021-12-25,2021-12-26
0.0003354193959285,Colombo Proper,2021-12-26,2021-12-27
0.0002449520763396,Colombo Proper,2021-12-27,2021-12-28
0.0002450576515296,Colombo Proper,2021-12-28,2021-12-29
0.0001861325651091,Colombo Proper,2021-12-29,2021-12-30
0.0001274425730867,Colombo Proper,2021-12-30,2021-12-31
0.0001457829379557,Colombo Proper,2021-12-31,2022-01-01
0.0002732007578602,Colombo Proper,2022-01-01,2022-01-02
0.0002140030529972,Colombo Proper,2022-01-02,2022-01-03
,Colombo Proper,2022-01-03,2022-01-04
,Colombo Proper,2022-01-04,2022-01-05
,Colombo Proper,2022-01-05,2022-01-06
0.0003065800440365,Colombo Proper,2022-01-06,2022-01-07
0.0001481951102967,Colombo Proper,2022-01-07,2022-01-08
0.0001524755032041,Colombo Proper,2022-01-08,2022-01-09
0.0001452068254391,Colombo Proper,2022-01-09,2022-01-10
,Colombo Proper,2022-01-10,2022-01-11
0.0001899772027525,Colombo Proper,2022-01-11,2022-01-12
0.0001993524660303,Colombo Proper,2022-01-12,2022-01-13
0.0003054543679779,Colombo Proper,2022-01-13,2022-01-14
0.0002583368599955,Colombo Proper,2022-01-14,2022-01-15
0.0002104716844552,Colombo Proper,2022-01-15,2022-01-16
0.0003012163982798,Colombo Proper,2022-01-16,2022-01-17
0.0002245215608628,Colombo Proper,2022-01-17,2022-01-18
0.000214222456525,Colombo Proper,2022-01-18,2022-01-19
0.0002202367958394,Colombo Proper,2022-01-19,2022-01-20
0.0001283329709802,Colombo Proper,2022-01-20,2022-01-21
,Colombo Proper,2022-01-21,2022-01-22
0.0002774606877738,Colombo Proper,2022-01-22,2022-01-23
0.000193597939248,Colombo Proper,2022-01-23,2022-01-24
0.0001713171485826,Colombo Proper,2022-01-24,2022-01-25
0.0001834710480937,Colombo Proper,2022-01-25,2022-01-26
0.0002131139722477,Colombo Proper,2022-01-26,2022-01-27
0.0002709026067374,Colombo Proper,2022-01-27,2022-01-28
0.0001962702964588,Colombo Proper,2022-01-28,2022-01-29
0.0002728603284361,Colombo Proper,2022-01-29,2022-01-30
0.0003165519454832,Colombo Proper,2022-01-30,2022-01-31
0.0002954652333051,Colombo Proper,2022-01-31,2022-02-01
0.0002924048942024,Colombo Proper,2022-02-01,2022-02-02
0.000246901572451,Colombo Proper,2022-02-02,2022-02-03
3.582195972256424e-07,Colombo Proper,2022-02-03,2022-02-04
0.0002059841821031,Colombo Proper,2022-02-04,2022-02-05
0.0003386893965323,Colombo Proper,2022-02-05,2022-02-06
,Colombo Proper,2022-02-06,2022-02-07
0.0006500630612512,Colombo Proper,2022-02-07,2022-02-08
0.000149502735288,Colombo Proper,2022-02-08,2022-02-09
0.0002932414859561,Colombo Proper,2022-02-09,2022-02-10
,Colombo Proper,2022-02-10,2022-02-11
,Colombo Proper,2022-02-11,2022-02-12
0.0002492903007505,Colombo Proper,2022-02-12,2022-02-13
0.0001832808502081,Colombo Proper,2022-02-13,2022-02-14
6.943415445256418e-05,Colombo Proper,2022-02-14,2022-02-15
0.0002449527091536,Colombo Proper,2022-02-15,2022-02-16
0.0003118394644699,Colombo Proper,2022-02-16,2022-02-17
0.0002076891265197,Colombo Proper,2022-02-17,2022-02-18
0.0002989926916197,Colombo Proper,2022-02-18,2022-02-19
,Colombo Proper,2022-02-19,2022-02-20
0.0001678363707651,Colombo Proper,2022-02-20,2022-02-21
0.0002638510676236,Colombo Proper,2022-02-21,2022-02-22
,Colombo Proper,2022-02-22,2022-02-23
0.0002353659084741,Colombo Proper,2022-02-23,2022-02-24
0.0002581368930631,Colombo Proper,2022-02-24,2022-02-25
0.0003047658858295,Colombo Proper,2022-02-25,2022-02-26
0.0001852717013472,Colombo Proper,2022-02-26,2022-02-27
0.0001869507970714,Colombo Proper,2022-02-27,2022-02-28
0.000168170568242,Colombo Proper,2022-02-28,2022-03-01
0.0003336568439815,Colombo Proper,2022-03-01,2022-03-02
,Colombo Proper,2022-03-02,2022-03-03
,Colombo Proper,2022-03-03,2022-03-04
0.0001306083742627,Colombo Proper,2022-03-04,2022-03-05
0.0002367314640597,Colombo Proper,2022-03-05,2022-03-06
0.0001244626540205,Colombo Proper,2022-03-06,2022-03-07
0.0002541401460047,Colombo Proper,2022-03-07,2022-03-08
0.0002916890989966,Colombo Proper,2022-03-08,2022-03-09
0.0004151204267568,Colombo Proper,2022-03-09,2022-03-10
,Colombo Proper,2022-03-10,2022-03-11
0.0003640472679822,Colombo Proper,2022-03-11,2022-03-12
0.0002525573366176,Colombo Proper,2022-03-12,2022-03-13
0.0002423098280679,Colombo Proper,2022-03-13,2022-03-14
0.0002066257028107,Colombo Proper,2022-03-14,2022-03-15
,Colombo Proper,2022-03-15,2022-03-16
,Colombo Proper,2022-03-16,2022-03-17
0.0001408299017965,Colombo Proper,2022-03-17,2022-03-18
0.000186049657006,Colombo Proper,2022-03-18,2022-03-19
0.0001319042975538,Colombo Proper,2022-03-19,2022-03-20
5.954769162158127e-05,Colombo Proper,2022-03-20,2022-03-21
0.0002239801836584,Colombo Proper,2022-03-21,2022-03-22
0.000108541975613,Colombo Proper,2022-03-22,2022-03-23
9.18776857829536e-05,Colombo Proper,2022-03-23,2022-03-24
0.000159676876316,Colombo Proper,2022-03-24,2022-03-25
0.0002850683208567,Colombo Proper,2022-03-25,2022-03-26
,Colombo Proper,2022-03-26,2022-03-27
0.000249042049217,Colombo Proper,2022-03-27,2022-03-28
0.0002113036406397,Colombo Proper,2022-03-28,2022-03-29
0.0001980891761411,Colombo Proper,2022-03-29,2022-03-30
0.0001312764973352,Colombo Proper,2022-03-30,2022-03-31
0.0001555551093327,Colombo Proper,2022-03-31,2022-04-01
0.0001761931928653,Colombo Proper,2022-04-01,2022-04-02
0.0001405963998943,Colombo Proper,2022-04-02,2022-04-03
0.0001703569748149,Colombo Proper,2022-04-03,2022-04-04
0.0002297686056303,Colombo Proper,2022-04-04,2022-04-05
4.9991247948800566e-05,Colombo Proper,2022-04-05,2022-04-06
0.0001629930408066,Colombo Proper,2022-04-06,2022-04-07
0.0001857936875374,Colombo Proper,2022-04-07,2022-04-08
,Colombo Proper,2022-04-08,2022-04-09
,Colombo Proper,2022-04-09,2022-04-10
,Colombo Proper,2022-04-10,2022-04-11
,Colombo Proper,2022-04-11,2022-04-12
,Colombo Proper,2022-04-12,2022-04-13
0.0003044717250423,Colombo Proper,2022-04-13,2022-04-14
8.205374538833605e-05,Colombo Proper,2022-04-14,2022-04-15
7.748130993148584e-05,Colombo Proper,2022-04-15,2022-04-16
0.0001515852218265,Colombo Proper,2022-04-16,2022-04-17
7.891535287230517e-05,Colombo Proper,2022-04-17,2022-04-18
0.000118469092445,Colombo Proper,2022-04-18,2022-04-19
,Colombo Proper,2022-04-19,2022-04-20
0.0001613819998512,Colombo Proper,2022-04-20,2022-04-21
0.0002217156450816,Colombo Proper,2022-04-21,2022-04-22
,Colombo Proper,2022-04-22,2022-04-23
0.0001954804763636,Colombo Proper,2022-04-23,2022-04-24
0.0001030413872639,Colombo Proper,2022-04-24,2022-04-25
,Colombo Proper,2022-04-25,2022-04-26
0.0001454763492164,Colombo Proper,2022-04-26,2022-04-27
,Colombo Proper,2022-04-27,2022-04-28
0.0001702247955731,Colombo Proper,2022-04-28,2022-04-29
0.0001210862777433,Colombo Proper,2022-04-29,2022-04-30
0.0001227727663618,Colombo Proper,2022-04-30,2022-05-01
0.0003810527459853,Colombo Proper,2022-05-01,2022-05-02
2.5120632799905263e-05,Colombo Proper,2022-05-02,2022-05-03
0.000255781741749,Colombo Proper,2022-05-03,2022-05-04
0.00013243249007,Colombo Proper,2022-05-04,2022-05-05
0.0002784503761985,Colombo Proper,2022-05-05,2022-05-06
,Colombo Proper,2022-05-06,2022-05-07
0.0001245789879718,Colombo Proper,2022-05-07,2022-05-08
5.518234660453233e-05,Colombo Proper,2022-05-08,2022-05-09
0.0002736832600715,Colombo Proper,2022-05-09,2022-05-10
0.000273861030323,Colombo Proper,2022-05-10,2022-05-11
0.000178574209603,Colombo Proper,2022-05-11,2022-05-12
,Colombo Proper,2022-05-12,2022-05-13
,Colombo Proper,2022-05-13,2022-05-14
,Colombo Proper,2022-05-14,2022-05-15
8.314432120215452e-05,Colombo Proper,2022-05-15,2022-05-16
0.0001191861456916,Colombo Proper,2022-05-16,2022-05-17
6.186188251343297e-05,Colombo Proper,2022-05-17,2022-05-18
0.0001694280737546,Colombo Proper,2022-05-18,2022-05-19
0.0001018563365136,Colombo Proper,2022-05-19,2022-05-20
0.0001269854610317,Colombo Proper,2022-05-20,2022-05-21
0.0001035452744245,Colombo Proper,2022-05-21,2022-05-22
0.0001079677357605,Colombo Proper,2022-05-22,2022-05-23
7.447266785207117e-05,Colombo Proper,2022-05-23,2022-05-24
-1.5307273577746595e-06,Colombo Proper,2022-05-24,2022-05-25
0.0001238353213788,Colombo Proper,2022-05-25,2022-05-26
,Colombo Proper,2022-05-26,2022-05-27
,Colombo Proper,2022-05-27,2022-05-28
,Colombo Proper,2022-05-28,2022-05-29
,Colombo Proper,2022-05-29,2022-05-30
,Colombo Proper,2022-05-30,2022-05-31
,Colombo Proper,2022-05-31,2022-06-01
,Colombo Proper,2022-06-01,2022-06-02
0.0001835853997126,Colombo Proper,2022-06-02,2022-06-03
0.000150307099675,Colombo Proper,2022-06-03,2022-06-04
9.414807926921688e-05,Colombo Proper,2022-06-04,2022-06-05
0.0001237584929397,Colombo Proper,2022-06-05,2022-06-06
0.0001682041611953,Colombo Proper,2022-06-06,2022-06-07
,Colombo Proper,2022-06-07,2022-06-08
4.124801901082903e-05,Colombo Proper,2022-06-08,2022-06-09
-8.419194620716341e-06,Colombo Proper,2022-06-09,2022-06-10
0.000133666305349,Colombo Proper,2022-06-10,2022-06-11
,Colombo Proper,2022-06-11,2022-06-12
,Colombo Proper,2022-06-12,2022-06-13
2.5759056943250888e-05,Colombo Proper,2022-06-13,2022-06-14
0.0001211772552382,Colombo Proper,2022-06-14,2022-06-15
0.0002449956825611,Colombo Proper,2022-06-15,2022-06-16
,Colombo Proper,2022-06-16,2022-06-17
0.0001283276927447,Colombo Proper,2022-06-17,2022-06-18
0.0001097707382185,Colombo Proper,2022-06-18,2022-06-19
0.0001444560782518,Colombo Proper,2022-06-19,2022-06-20
5.598069042102164e-05,Colombo Proper,2022-06-20,2022-06-21
0.0001282065965869,Colombo Proper,2022-06-21,2022-06-22
0.0001078351490173,Colombo Proper,2022-06-22,2022-06-23
0.0001041684500254,Colombo Proper,2022-06-23,2022-06-24
,Colombo Proper,2022-06-24,2022-06-25
3.9249972641674216e-05,Colombo Proper,2022-06-25,2022-06-26
0.0001253731642065,Colombo Proper,2022-06-26,2022-06-27
7.708686326257748e-05,Colombo Proper,2022-06-27,2022-06-28
7.225822512719809e-05,Colombo Proper,2022-06-28,2022-06-29
0.0001633230413219,Colombo Proper,2022-06-29,2022-06-30
,Colombo Proper,2022-06-30,2022-07-01
7.553708098895043e-05,Colombo Proper,2022-07-01,2022-07-02
9.99027496473259e-05,Colombo Proper,2022-07-02,2022-07-03
,Colombo Proper,2022-07-03,2022-07-04
5.613288001006535e-05,Colombo Proper,2022-07-04,2022-07-05
0.0001305926767678,Colombo Proper,2022-07-05,2022-07-06
,Colombo Proper,2022-07-06,2022-07-07
,Colombo Proper,2022-07-07,2022-07-08
7.671319464622945e-05,Colombo Proper,2022-07-08,2022-07-09
8.206146864728497e-05,Colombo Proper,2022-07-09,2022-07-10
,Colombo Proper,2022-07-10,2022-07-11
,Colombo Proper,2022-07-11,2022-07-12
6.704650979059643e-06,Colombo Proper,2022-07-12,2022-07-13
5.6466770206948375e-05,Colombo Proper,2022-07-13,2022-07-14
0.0001044581712675,Colombo Proper,2022-07-14,2022-07-15
,Colombo Proper,2022-07-15,2022-07-16
,Colombo Proper,2022-07-16,2022-07-17
,Colombo Proper,2022-07-17,2022-07-18
,Colombo Proper,2022-07-18,2022-07-19
,Colombo Proper,2022-07-19,2022-07-20
0.0001383958651517,Colombo Proper,2022-07-20,2022-07-21
,Colombo Proper,2022-07-21,2022-07-22
,Colombo Proper,2022-07-22,2022-07-23
8.822001896596733e-05,Colombo Proper,2022-07-23,2022-07-24
,Colombo Proper,2022-07-24,2022-07-25
4.305931188681326e-05,Colombo Proper,2022-07-25,2022-07-26
0.0002091900720085,Colombo Proper,2022-07-26,2022-07-27
,Colombo Proper,2022-07-27,2022-07-28
0.0002729428244856,Colombo Proper,2022-07-28,2022-07-29
,Colombo Proper,2022-07-29,2022-07-30
0.0001202865665086,Colombo Proper,2022-07-30,2022-07-31
3.971577425658494e-05,Colombo Proper,2022-07-31,2022-08-01
,Colombo Proper,2022-08-01,2022-08-02
,Colombo Proper,2022-08-02,2022-08-03
,Colombo Proper,2022-08-03,2022-08-04
,Colombo Proper,2022-08-04,2022-08-05
0.0001871836276022,Colombo Proper,2022-08-05,2022-08-06
-8.888445964777543e-05,Colombo Proper,2022-08-06,2022-08-07
0.0001186620414866,Colombo Proper,2022-08-07,2022-08-08
0.0001173246342255,Colombo Proper,2022-08-08,2022-08-09
3.577834263232899e-05,Colombo Proper,2022-08-09,2022-08-10
0.0001175267727031,Colombo Proper,2022-08-10,2022-08-11
5.021919417175698e-05,Colombo Proper,2022-08-11,2022-08-12
9.896694818219026e-05,Colombo Proper,2022-08-12,2022-08-13
0.000119389931679,Colombo Proper,2022-08-13,2022-08-14
0.000144861074528,Colombo Proper,2022-08-14,2022-08-15
0.0001983977320966,Colombo Proper,2022-08-15,2022-08-16
0.0002271587709642,Colombo Proper,2022-08-16,2022-08-17
,Colombo Proper,2022-08-17,2022-08-18
0.0001544886566656,Colombo Proper,2022-08-18,2022-08-19
0.0001293053248016,Colombo Proper,2022-08-19,2022-08-20
8.627663142205373e-05,Colombo Proper,2022-08-20,2022-08-21
1.5000461895482705e-05,Colombo Proper,2022-08-21,2022-08-22
5.010618618651504e-05,Colombo Proper,2022-08-22,2022-08-23
0.0001283124504349,Colombo Proper,2022-08-23,2022-08-24
4.451051588118692e-05,Colombo Proper,2022-08-24,2022-08-25
0.0001011638014948,Colombo Proper,2022-08-25,2022-08-26
,Colombo Proper,2022-08-26,2022-08-27
,Colombo Proper,2022-08-27,2022-08-28
4.618392822722968e-05,Colombo Proper,2022-08-28,2022-08-29
6.686288312300899e-05,Colombo Proper,2022-08-29,2022-08-30
0.0002854885921046,Colombo Proper,2022-08-30,2022-08-31
,Colombo Proper,2022-08-31,2022-09-01
1.565693229198301e-05,Colombo Proper,2022-09-01,2022-09-02
,Colombo Proper,2022-09-02,2022-09-03
0.0001641597048961,Colombo Proper,2022-09-03,2022-09-04
8.963632004252892e-05,Colombo Proper,2022-09-04,2022-09-05
,Colombo Proper,2022-09-05,2022-09-06
-6.792699338687377e-07,Colombo Proper,2022-09-06,2022-09-07
,Colombo Proper,2022-09-07,2022-09-08
-9.762795257692532e-05,Colombo Proper,2022-09-08,2022-09-09
0.0002011365078404,Colombo Proper,2022-09-09,2022-09-10
9.526850211364746e-05,Colombo Proper,2022-09-10,2022-09-11
2.9657231478593723e-05,Colombo Proper,2022-09-11,2022-09-12
0.000117942357241,Colombo Proper,2022-09-12,2022-09-13
-2.814454906639953e-05,Colombo Proper,2022-09-13,2022-09-14
0.0001194556631222,Colombo Proper,2022-09-14,2022-09-15
0.000118353033685,Colombo Proper,2022-09-15,2022-09-16
6.67730233906734e-05,Colombo Proper,2022-09-16,2022-09-17
0.0001177904513994,Colombo Proper,2022-09-17,2022-09-18
,Colombo Proper,2022-09-18,2022-09-19
,Colombo Proper,2022-09-19,2022-09-20
6.779620784954384e-05,Colombo Proper,2022-09-20,2022-09-21
9.969666763326336e-05,Colombo Proper,2022-09-21,2022-09-22
-8.3641799090739e-06,Colombo Proper,2022-09-22,2022-09-23
4.330000450661065e-05,Colombo Proper,2022-09-23,2022-09-24
0.0001142477185194,Colombo Proper,2022-09-24,2022-09-25
0.0001264227674242,Colombo Proper,2022-09-25,2022-09-26
0.0001198471071494,Colombo Proper,2022-09-26,2022-09-27
8.919575350173417e-05,Colombo Proper,2022-09-27,2022-09-28
9.7659064560315e-05,Colombo Proper,2022-09-28,2022-09-29
-3.93390734326406e-05,Colombo Proper,2022-09-29,2022-09-30
,Colombo Proper,2022-09-30,2022-10-01
4.887545280632972e-05,Colombo Proper,2022-10-01,2022-10-02
0.0001337392812515,Colombo Proper,2022-10-02,2022-10-03
,Colombo Proper,2022-10-03,2022-10-04
0.0002220959406469,Colombo Proper,2022-10-04,2022-10-05
0.0001123306889854,Colombo Proper,2022-10-05,2022-10-06
0.0001200957438759,Colombo Proper,2022-10-06,2022-10-07
,Colombo Proper,2022-10-07,2022-10-08
0.0001594884198312,Colombo Proper,2022-10-08,2022-10-09
3.742045062930536e-05,Colombo Proper,2022-10-09,2022-10-10
0.0001419139244152,Colombo Proper,2022-10-10,2022-10-11
6.093067180363016e-05,Colombo Proper,2022-10-11,2022-10-12
,Colombo Proper,2022-10-12,2022-10-13
,Colombo Proper,2022-10-13,2022-10-14
,Colombo Proper,2022-10-14,2022-10-15
,Colombo Proper,2022-10-15,2022-10-16
-3.318492890599806e-05,Colombo Proper,2022-10-16,2022-10-17
,Colombo Proper,2022-10-17,2022-10-18
,Colombo Proper,2022-10-18,2022-10-19
0.0001370929537762,Colombo Proper,2022-10-19,2022-10-20
7.301117473730344e-05,Colombo Proper,2022-10-20,2022-10-21
,Colombo Proper,2022-10-21,2022-10-22
,Colombo Proper,2022-10-22,2022-10-23
,Colombo Proper,2022-10-23,2022-10-24
,Colombo Proper,2022-10-24,2022-10-25
8.680718300411579e-05,Colombo Proper,2022-10-25,2022-10-26
0.0001734407756739,Colombo Proper,2022-10-26,2022-10-27
0.0001996004798047,Colombo Proper,2022-10-27,2022-10-28
0.0001792547375478,Colombo Proper,2022-10-28,2022-10-29
0.0002761884564086,Colombo Proper,2022-10-29,2022-10-30
0.0001309716753479,Colombo Proper,2022-10-30,2022-10-31
0.0001119143780524,Colombo Proper,2022-10-31,2022-11-01
,Colombo Proper,2022-11-01,2022-11-02
3.077457940725442e-05,Colombo Proper,2022-11-02,2022-11-03
0.0004343863741839,Colombo Proper,2022-11-03,2022-11-04
8.559237242551563e-05,Colombo Proper,2022-11-04,2022-11-05
,Colombo Proper,2022-11-05,2022-11-06
0.0002227222410172,Colombo Proper,2022-11-06,2022-11-07
,Colombo Proper,2022-11-07,2022-11-08
0.0001723126037669,Colombo Proper,2022-11-08,2022-11-09
0.000141347038108,Colombo Proper,2022-11-09,2022-11-10
,Colombo Proper,2022-11-10,2022-11-11
,Colombo Proper,2022-11-11,2022-11-12
,Colombo Proper,2022-11-12,2022-11-13
0.0001036606468695,Colombo Proper,2022-11-13,2022-11-14
0.0001491014192855,Colombo Proper,2022-11-14,2022-11-15
,Colombo Proper,2022-11-15,2022-11-16
0.0002833004723424,Colombo Proper,2022-11-16,2022-11-17
0.0001442376487557,Colombo Proper,2022-11-17,2022-11-18
0.0001904435901629,Colombo Proper,2022-11-18,2022-11-19
,Colombo Proper,2022-11-19,2022-11-20
,Colombo Proper,2022-11-20,2022-11-21
,Colombo Proper,2022-11-21,2022-11-22
0.0001511303440183,Colombo Proper,2022-11-22,2022-11-23
7.857260077207959e-05,Colombo Proper,2022-11-23,2022-11-24
0.0001040901177472,Colombo Proper,2022-11-24,2022-11-25
9.986190039853192e-05,Colombo Proper,2022-11-25,2022-11-26
0.0002081014431352,Colombo Proper,2022-11-26,2022-11-27
0.0001935237504272,Colombo Proper,2022-11-27,2022-11-28
8.13541344469962e-05,Colombo Proper,2022-11-28,2022-11-29
0.0002419659606366,Colombo Proper,2022-11-29,2022-11-30
0.0001900755759192,Colombo Proper,2022-11-30,2022-12-01
0.0002267515752639,Colombo Proper,2022-12-01,2022-12-02
0.0001873431536758,Colombo Proper,2022-12-02,2022-12-03
0.0001465157492286,Colombo Proper,2022-12-03,2022-12-04
9.463952468845655e-05,Colombo Proper,2022-12-04,2022-12-05
0.0001820833268962,Colombo Proper,2022-12-05,2022-12-06
0.0001284734461699,Colombo Proper,2022-12-06,2022-12-07
,Colombo Proper,2022-12-07,2022-12-08
,Colombo Proper,2022-12-08,2022-12-09
,Colombo Proper,2022-12-09,2022-12-10
,Colombo Proper,2022-12-10,2022-12-11
,Colombo Proper,2022-12-11,2022-12-12
,Colombo Proper,2022-12-12,2022-12-13
0.0001568694436659,Colombo Proper,2022-12-13,2022-12-14
0.0002459941971244,Colombo Proper,2022-12-14,2022-12-15
6.553380434996898e-05,Colombo Proper,2022-12-15,2022-12-16
0.0001918605117242,Colombo Proper,2022-12-16,2022-12-17
0.0002522981385178,Colombo Proper,2022-12-17,2022-12-18
,Colombo Proper,2022-12-18,2022-12-19
,Colombo Proper,2022-12-19,2022-12-20
0.0001248609316056,Colombo Proper,2022-12-20,2022-12-21
,Colombo Proper,2022-12-21,2022-12-22
0.000193590239578,Colombo Proper,2022-12-22,2022-12-23
,Colombo Proper,2022-12-23,2022-12-24
1.7986231245991374e-05,Colombo Proper,2022-12-24,2022-12-25
,Colombo Proper,2022-12-25,2022-12-26
0.0001106029186976,Colombo Proper,2022-12-26,2022-12-27
0.0001678065632554,Colombo Proper,2022-12-27,2022-12-28
0.0001702071877245,Colombo Proper,2022-12-28,2022-12-29
0.0002977802012511,Colombo Proper,2022-12-29,2022-12-30
0.0002259556211245,Colombo Proper,2022-12-30,2022-12-31
0.0004770094775035,Colombo Proper,2022-12-31,2023-01-01
0.0002195330110993,Colombo Proper,2023-01-01,2023-01-02
0.000210072803383,Colombo Proper,2023-01-02,2023-01-03
0.0001599005386365,Colombo Proper,2023-01-03,2023-01-04
0.0002422953012213,Colombo Proper,2023-01-04,2023-01-05
0.0002767170438908,Colombo Proper,2023-01-05,2023-01-06
6.85503448811268e-05,Colombo Proper,2023-01-06,2023-01-07
,Colombo Proper,2023-01-07,2023-01-08
,Colombo Proper,2023-01-08,2023-01-09
0.0001428822234902,Colombo Proper,2023-01-09,2023-01-10
0.0001209881834626,Colombo Proper,2023-01-10,2023-01-11
0.000221139000211,Colombo Proper,2023-01-11,2023-01-12
0.0002306530245038,Colombo Proper,2023-01-12,2023-01-13
0.0003188729098136,Colombo Proper,2023-01-13,2023-01-14
0.0002098181424171,Colombo Proper,2023-01-14,2023-01-15
0.0002398517538864,Colombo Proper,2023-01-15,2023-01-16
0.0002723411292624,Colombo Proper,2023-01-16,2023-01-17
,Colombo Proper,2023-01-17,2023-01-18
0.0002571520123029,Colombo Proper,2023-01-18,2023-01-19
0.0002667527721204,Colombo Proper,2023-01-19,2023-01-20
0.0001944332541662,Colombo Proper,2023-01-20,2023-01-21
,Colombo Proper,2023-01-21,2023-01-22
,Colombo Proper,2023-01-22,2023-01-23
,Colombo Proper,2023-01-23,2023-01-24
,Colombo Proper,2023-01-24,2023-01-25
0.0001595275860796,Colombo Proper,2023-01-25,2023-01-26
0.0002570194149372,Colombo Proper,2023-01-26,2023-01-27
0.0002392130698381,Colombo Proper,2023-01-27,2023-01-28
0.0001014222417886,Colombo Proper,2023-01-28,2023-01-29
0.0001469398412098,Colombo Proper,2023-01-29,2023-01-30
,Colombo Proper,2023-01-30,2023-01-31
,Colombo Proper,2023-01-31,2023-02-01
,Colombo Proper,2023-02-01,2023-02-02
,Colombo Proper,2023-02-02,2023-02-03
,Colombo Proper,2023-02-03,2023-02-04
0.0003387802806245,Colombo Proper,2023-02-04,2023-02-05
7.442722707856339e-05,Colombo Proper,2023-02-05,2023-02-06
,Colombo Proper,2023-02-06,2023-02-07
-3.545101436306722e-05,Colombo Proper,2023-02-07,2023-02-08
0.0002955471068557,Colombo Proper,2023-02-08,2023-02-09
,Colombo Proper,2023-02-09,2023-02-10
0.0001862642830333,Colombo Proper,2023-02-10,2023-02-11
0.0002390622162093,Colombo Proper,2023-02-11,2023-02-12
0.0002887936296956,Colombo Proper,2023-02-12,2023-02-13
0.0004747360277069,Colombo Proper,2023-02-13,2023-02-14
0.0001798614529444,Colombo Proper,2023-02-14,2023-02-15
0.0001607955227888,Colombo Proper,2023-02-15,2023-02-16
0.0002717534187798,Colombo Proper,2023-02-16,2023-02-17
0.0001518825352081,Colombo Proper,2023-02-17,2023-02-18
0.0002048813224622,Colombo Proper,2023-02-18,2023-02-19
0.0001862742105269,Colombo Proper,2023-02-19,2023-02-20
,Colombo Proper,2023-02-20,2023-02-21
0.0001196318432687,Colombo Proper,2023-02-21,2023-02-22
0.0002108888125532,Colombo Proper,2023-02-22,2023-02-23
0.0002209372563877,Colombo Proper,2023-02-23,2023-02-24
0.000312057257954,Colombo Proper,2023-02-24,2023-02-25
,Colombo Proper,2023-02-25,2023-02-26
0.0001738597190008,Colombo Proper,2023-02-26,2023-02-27
0.0001132363496411,Colombo Proper,2023-02-27,2023-02-28
,Colombo Proper,2023-02-28,2023-03-01
0.0002413338673314,Colombo Proper,2023-03-01,2023-03-02
,Colombo Proper,2023-03-02,2023-03-03
0.0002561019714159,Colombo Proper,2023-03-03,2023-03-04
,Colombo Proper,2023-03-04,2023-03-05
0.0002040672229453,Colombo Proper,2023-03-05,2023-03-06
0.0002425318673148,Colombo Proper,2023-03-06,2023-03-07
0.0002795582531988,Colombo Proper,2023-03-07,2023-03-08
0.000114448650753,Colombo Proper,2023-03-08,2023-03-09
0.0002846265918292,Colombo Proper,2023-03-09,2023-03-10
,Colombo Proper,2023-03-10,2023-03-11
0.0003995998401847,Colombo Proper,2023-03-11,2023-03-12
0.0001623864131762,Colombo Proper,2023-03-12,2023-03-13
6.238638619821683e-05,Colombo Proper,2023-03-13,2023-03-14
0.0002557811364314,Colombo Proper,2023-03-14,2023-03-15
0.0003653998779163,Colombo Proper,2023-03-15,2023-03-16
0.0002387790559438,Colombo Proper,2023-03-16,2023-03-17
0.0002346914576476,Colombo Proper,2023-03-17,2023-03-18
0.0001657164287779,Colombo Proper,2023-03-18,2023-03-19
0.0001300704157381,Colombo Proper,2023-03-19,2023-03-20
0.000134243627129,Colombo Proper,2023-03-20,2023-03-21
0.0001353106950746,Colombo Proper,2023-03-21,2023-03-22
9.233913584225328e-05,Colombo Proper,2023-03-22,2023-03-23
0.0002426826190734,Colombo Proper,2023-03-23,2023-03-24
0.0004017217600491,Colombo Proper,2023-03-24,2023-03-25
0.0002571196706745,Colombo Proper,2023-03-25,2023-03-26
0.0003344852302632,Colombo Proper,2023-03-26,2023-03-27
0.0001275665120962,Colombo Proper,2023-03-27,2023-03-28
0.0002766848366568,Colombo Proper,2023-03-28,2023-03-29
3.4584791436822145e-05,Colombo Proper,2023-03-29,2023-03-30
8.931601917643939e-05,Colombo Proper,2023-03-30,2023-03-31
0.0001830858032529,Colombo Proper,2023-03-31,2023-04-01
0.0002053332775388,Colombo Proper,2023-04-01,2023-04-02
0.0001316035003588,Colombo Proper,2023-04-02,2023-04-03
7.432237620743323e-05,Colombo Proper,2023-04-03,2023-04-04
0.0002560234603121,Colombo Proper,2023-04-04,2023-04-05
0.0001732416971208,Colombo Proper,2023-04-05,2023-04-06
0.0003923904408689,Colombo Proper,2023-04-06,2023-04-07
0.0002258557389368,Colombo Proper,2023-04-07,2023-04-08
0.0003848615360151,Colombo Proper,2023-04-08,2023-04-09
0.0002247290122479,Colombo Proper,2023-04-09,2023-04-10
0.0002064825167298,Colombo Proper,2023-04-10,2023-04-11
0.0001912068359012,Colombo Proper,2023-04-11,2023-04-12
0.0002973597449659,Colombo Proper,2023-04-12,2023-04-13
0.0002566936325812,Colombo Proper,2023-04-13,2023-04-14
,Colombo Proper,2023-04-14,2023-04-15
9.270199549247631e-05,Colombo Proper,2023-04-15,2023-04-16
0.0001513378521025,Colombo Proper,2023-04-16,2023-04-17
0.0001750330668689,Colombo Proper,2023-04-17,2023-04-18
0.000285852725495,Colombo Proper,2023-04-18,2023-04-19
9.52240811872514e-05,Colombo Proper,2023-04-19,2023-04-20
0.0001103179267486,Colombo Proper,2023-04-20,2023-04-21
0.0001546529644521,Colombo Proper,2023-04-21,2023-04-22
,Colombo Proper,2023-04-22,2023-04-23
0.0001552603557529,Colombo Proper,2023-04-23,2023-04-24
0.0002384508255432,Colombo Proper,2023-04-24,2023-04-25
0.0002849953847845,Colombo Proper,2023-04-25,2023-04-26
0.0002406764725189,Colombo Proper,2023-04-26,2023-04-27
0.0002128540327642,Colombo Proper,2023-04-27,2023-04-28
0.0002307285141544,Colombo Proper,2023-04-28,2023-04-29
,Colombo Proper,2023-04-29,2023-04-30
,Colombo Proper,2023-04-30,2023-05-01
,Colombo Proper,2023-05-01,2023-05-02
,Colombo Proper,2023-05-02,2023-05-03
,Colombo Proper,2023-05-03,2023-05-04
0.0001532629103827,Colombo Proper,2023-05-04,2023-05-05
,Colombo Proper,2023-05-05,2023-05-06
,Colombo Proper,2023-05-06,2023-05-07
4.392614880708109e-05,Colombo Proper,2023-05-07,2023-05-08
,Colombo Proper,2023-05-08,2023-05-09
,Colombo Proper,2023-05-09,2023-05-10
,Colombo Proper,2023-05-10,2023-05-11
,Colombo Proper,2023-05-11,2023-05-12
0.0001378283706821,Colombo Proper,2023-05-12,2023-05-13
0.0001332082265293,Colombo Proper,2023-05-13,2023-05-14
,Colombo Proper,2023-05-14,2023-05-15
7.7058257194474e-05,Colombo Proper,2023-05-15,2023-05-16
,Colombo Proper,2023-05-16,2023-05-17
0.0002281736137522,Colombo Proper,2023-05-17,2023-05-18
0.0002132041612718,Colombo Proper,2023-05-18,2023-05-19
0.0001739551339092,Colombo Proper,2023-05-19,2023-05-20
0.0001570695040911,Colombo Proper,2023-05-20,2023-05-21
0.0002789088976227,Colombo Proper,2023-05-21,2023-05-22
8.94065894187494e-05,Colombo Proper,2023-05-22,2023-05-23
9.73047167953993e-05,Colombo Proper,2023-05-23,2023-05-24
0.0001061255724057,Colombo Proper,2023-05-24,2023-05-25
0.0001255860765322,Colombo Proper,2023-05-25,2023-05-26
1.3122864808040422e-05,Colombo Proper,2023-05-26,2023-05-27
0.0001341033085957,Colombo Proper,2023-05-27,2023-05-28
0.0001340999211336,Colombo Proper,2023-05-28,2023-05-29
0.000190587670479,Colombo Proper,2023-05-29,2023-05-30
6.477826087013601e-05,Colombo Proper,2023-05-30,2023-05-31
0.0001727320240893,Colombo Proper,2023-05-31,2023-06-01
,Colombo Proper,2023-06-01,2023-06-02
4.6916606837504464e-05,Colombo Proper,2023-06-02,2023-06-03
0.0001585328424665,Colombo Proper,2023-06-03,2023-06-04
0.0001542145636466,Colombo Proper,2023-06-04,2023-06-05
0.0001679734273305,Colombo Proper,2023-06-05,2023-06-06
-6.942268566557468e-06,Colombo Proper,2023-06-06,2023-06-07
,Colombo Proper,2023-06-07,2023-06-08
,Colombo Proper,2023-06-08,2023-06-09
0.0001448242122365,Colombo Proper,2023-06-09,2023-06-10
0.0001297145374999,Colombo Proper,2023-06-10,2023-06-11
,Colombo Proper,2023-06-11,2023-06-12
,Colombo Proper,2023-06-12,2023-06-13
0.0001354683999001,Colombo Proper,2023-06-13,2023-06-14
0.0001776215523144,Colombo Proper,2023-06-14,2023-06-15
5.575482947222086e-05,Colombo Proper,2023-06-15,2023-06-16
0.0001379560092358,Colombo Proper,2023-06-16,2023-06-17
,Colombo Proper,2023-06-17,2023-06-18
,Colombo Proper,2023-06-18,2023-06-19
0.000359860348907,Colombo Proper,2023-06-19,2023-06-20
1.2531411715388398e-05,Colombo Proper,2023-06-20,2023-06-21
0.0002434134838518,Colombo Proper,2023-06-21,2023-06-22
8.405771039701697e-05,Colombo Proper,2023-06-22,2023-06-23
0.0001442402433445,Colombo Proper,2023-06-23,2023-06-24
0.0002077698634261,Colombo Proper,2023-06-24,2023-06-25
0.0001237573366876,Colombo Proper,2023-06-25,2023-06-26
0.0001477885171896,Colombo Proper,2023-06-26,2023-06-27
,Colombo Proper,2023-06-27,2023-06-28
1.4333644061966586e-05,Colombo Proper,2023-06-28,2023-06-29
,Colombo Proper,2023-06-29,2023-06-30
1.325340185282247e-05,Colombo Proper,2023-06-30,2023-07-01
0.0001965797001764,Colombo Proper,2023-07-01,2023-07-02
,Colombo Proper,2023-07-02,2023-07-03
,Colombo Proper,2023-07-03,2023-07-04
,Colombo Proper,2023-07-04,2023-07-05
0.0001185083168534,Colombo Proper,2023-07-05,2023-07-06
0.000138692319366,Colombo Proper,2023-07-06,2023-07-07
9.573535359065672e-05,Colombo Proper,2023-07-07,2023-07-08
5.504892634695112e-05,Colombo Proper,2023-07-08,2023-07-09
4.642524248178506e-05,Colombo Proper,2023-07-09,2023-07-10
,Colombo Proper,2023-07-10,2023-07-11
,Colombo Proper,2023-07-11,2023-07-12
0.0001598963853791,Colombo Proper,2023-07-12,2023-07-13
0.0001527497157574,Colombo Proper,2023-07-13,2023-07-14
0.0001004107036625,Colombo Proper,2023-07-14,2023-07-15
0.0001655643222436,Colombo Proper,2023-07-15,2023-07-16
0.0001146144673335,Colombo Proper,2023-07-16,2023-07-17
4.822160734924319e-05,Colombo Proper,2023-07-17,2023-07-18
9.505402648022164e-05,Colombo Proper,2023-07-18,2023-07-19
,Colombo Proper,2023-07-19,2023-07-20
-2.7580006376565908e-05,Colombo Proper,2023-07-20,2023-07-21
1.6985332973000637e-05,Colombo Proper,2023-07-21,2023-07-22
8.844224326264944e-05,Colombo Proper,2023-07-22,2023-07-23
6.397429043782942e-05,Colombo Proper,2023-07-23,2023-07-24
7.420482356318856e-05,Colombo Proper,2023-07-24,2023-07-25
,Colombo Proper,2023-07-25,2023-07-26
,Colombo Proper,2023-07-26,2023-07-27
0.0001475008415852,Colombo Proper,2023-07-27,2023-07-28
8.305317230133278e-05,Colombo Proper,2023-07-28,2023-07-29
5.678087329895237e-05,Colombo Proper,2023-07-29,2023-07-30
7.080208909908318e-05,Colombo Proper,2023-07-30,2023-07-31
7.987789167005929e-05,Colombo Proper,2023-07-31,2023-08-01
-2.961400555252201e-05,Colombo Proper,2023-08-01,2023-08-02
6.640316807957227e-05,Colombo Proper,2023-08-02,2023-08-03
2.306127329518396e-05,Colombo Proper,2023-08-03,2023-08-04
,Colombo Proper,2023-08-04,2023-08-05
0.0001373289408158,Colombo Proper,2023-08-05,2023-08-06
0.000276516317911,Colombo Proper,2023-08-06,2023-08-07
0.0001720021241325,Colombo Proper,2023-08-07,2023-08-08
6.775043618722536e-05,Colombo Proper,2023-08-08,2023-08-09
9.807306998533209e-05,Colombo Proper,2023-08-09,2023-08-10
-5.832992539545988e-05,Colombo Proper,2023-08-10,2023-08-11
0.0001510921860195,Colombo Proper,2023-08-11,2023-08-12
9.13440138218456e-05,Colombo Proper,2023-08-12,2023-08-13
-3.2173214930791106e-05,Colombo Proper,2023-08-13,2023-08-14
8.33121564612838e-05,Colombo Proper,2023-08-14,2023-08-15
-4.0600970456936095e-05,Colombo Proper,2023-08-15,2023-08-16
0.000131340462975,Colombo Proper,2023-08-16,2023-08-17
8.310050639473326e-06,Colombo Proper,2023-08-17,2023-08-18
9.198231105990012e-05,Colombo Proper,2023-08-18,2023-08-19
0.0002014292124136,Colombo Proper,2023-08-19,2023-08-20
,Colombo Proper,2023-08-20,2023-08-21
4.839257349692342e-05,Colombo Proper,2023-08-21,2023-08-22
9.956961561465628e-05,Colombo Proper,2023-08-22,2023-08-23
1.4427503888096508e-05,Colombo Proper,2023-08-23,2023-08-24
0.0001667516915499,Colombo Proper,2023-08-24,2023-08-25
6.351030303782124e-05,Colombo Proper,2023-08-25,2023-08-26
9.040862851984018e-05,Colombo Proper,2023-08-26,2023-08-27
8.105410155856142e-05,Colombo Proper,2023-08-27,2023-08-28
5.297507572298604e-05,Colombo Proper,2023-08-28,2023-08-29
,Colombo Proper,2023-08-29,2023-08-30
,Colombo Proper,2023-08-30,2023-08-31
,Colombo Proper,2023-08-31,2023-09-01
,Colombo Proper,2023-09-01,2023-09-02
,Colombo Proper,2023-09-02,2023-09-03
,Colombo Proper,2023-09-03,2023-09-04
0.0002001633859684,Colombo Proper,2023-09-04,2023-09-05
,Colombo Proper,2023-09-05,2023-09-06
,Colombo Proper,2023-09-06,2023-09-07
,Colombo Proper,2023-09-07,2023-09-08
8.835512148641754e-05,Colombo Proper,2023-09-08,2023-09-09
0.0002638733384166,Colombo Proper,2023-09-09,2023-09-10
3.74027103612667e-05,Colombo Proper,2023-09-10,2023-09-11
,Colombo Proper,2023-09-11,2023-09-12
9.754063759307574e-05,Colombo Proper,2023-09-12,2023-09-13
2.0597721347843087e-05,Colombo Proper,2023-09-13,2023-09-14
,Colombo Proper,2023-09-14,2023-09-15
5.941030218862452e-05,Colombo Proper,2023-09-15,2023-09-16
,Colombo Proper,2023-09-16,2023-09-17
3.257089444897449e-05,Colombo Proper,2023-09-17,2023-09-18
,Colombo Proper,2023-09-18,2023-09-19
,Colombo Proper,2023-09-19,2023-09-20
0.0001918486187785,Colombo Proper,2023-09-20,2023-09-21
,Colombo Proper,2023-09-21,2023-09-22
0.000235416002922,Colombo Proper,2023-09-22,2023-09-23
,Colombo Proper,2023-09-23,2023-09-24
0.0002385082399142,Colombo Proper,2023-09-24,2023-09-25
8.027862794003629e-05,Colombo Proper,2023-09-25,2023-09-26
,Colombo Proper,2023-09-26,2023-09-27
,Colombo Proper,2023-09-27,2023-09-28
,Colombo Proper,2023-09-28,2023-09-29
0.0001220002403068,Colombo Proper,2023-09-29,2023-09-30
,Colombo Proper,2023-09-30,2023-10-01
,Colombo Proper,2023-10-01,2023-10-02
,Colombo Proper,2023-10-02,2023-10-03
,Colombo Proper,2023-10-03,2023-10-04
,Colombo Proper,2023-10-04,2023-10-05
8.981570357760975e-05,Colombo Proper,2023-10-05,2023-10-06
,Colombo Proper,2023-10-06,2023-10-07
,Colombo Proper,2023-10-07,2023-10-08
7.651310194893549e-05,Colombo Proper,2023-10-08,2023-10-09
7.160477165975591e-05,Colombo Proper,2023-10-09,2023-10-10
0.0001607515008539,Colombo Proper,2023-10-10,2023-10-11
,Colombo Proper,2023-10-11,2023-10-12
,Colombo Proper,2023-10-12,2023-10-13
0.0001105467277815,Colombo Proper,2023-10-13,2023-10-14
0.0001275113790019,Colombo Proper,2023-10-14,2023-10-15
0.0001106959688466,Colombo Proper,2023-10-15,2023-10-16
3.732804671389905e-05,Colombo Proper,2023-10-16,2023-10-17
0.0001498246066056,Colombo Proper,2023-10-17,2023-10-18
,Colombo Proper,2023-10-18,2023-10-19
,Colombo Proper,2023-10-19,2023-10-20
6.573905740465747e-05,Colombo Proper,2023-10-20,2023-10-21
,Colombo Proper,2023-10-21,2023-10-22
0.0002554692645499,Colombo Proper,2023-10-22,2023-10-23
,Colombo Proper,2023-10-23,2023-10-24
0.0001220092106281,Colombo Proper,2023-10-24,2023-10-25
0.0001803767678709,Colombo Proper,2023-10-25,2023-10-26
0.0002209296679432,Colombo Proper,2023-10-26,2023-10-27
0.0002428863570352,Colombo Proper,2023-10-27,2023-10-28
0.0003210157011088,Colombo Proper,2023-10-28,2023-10-29
0.0001668342137546,Colombo Proper,2023-10-29,2023-10-30
0.0001634691046782,Colombo Proper,2023-10-30,2023-10-31
0.0001065806518715,Colombo Proper,2023-10-31,2023-11-01
0.0001575347700939,Colombo Proper,2023-11-01,2023-11-02
0.0002829217577472,Colombo Proper,2023-11-02,2023-11-03
0.0002667821111624,Colombo Proper,2023-11-03,2023-11-04
0.0002070060169401,Colombo Proper,2023-11-04,2023-11-05
0.0001578032103941,Colombo Proper,2023-11-05,2023-11-06
0.0002141486364935,Colombo Proper,2023-11-06,2023-11-07
0.0002324060021617,Colombo Proper,2023-11-07,2023-11-08
,Colombo Proper,2023-11-08,2023-11-09
0.0001663395013564,Colombo Proper,2023-11-09,2023-11-10
0.000211174960244,Colombo Proper,2023-11-10,2023-11-11
0.0001872368597521,Colombo Proper,2023-11-11,2023-11-12
0.0001335664092964,Colombo Proper,2023-11-12,2023-11-13
0.000498843978174,Colombo Proper,2023-11-13,2023-11-14
0.0001314812641878,Colombo Proper,2023-11-14,2023-11-15
7.207867952360086e-05,Colombo Proper,2023-11-15,2023-11-16
0.0001514210626486,Colombo Proper,2023-11-16,2023-11-17
2.791562832674434e-05,Colombo Proper,2023-11-17,2023-11-18
0.000149813422303,Colombo Proper,2023-11-18,2023-11-19
0.0001896994158243,Colombo Proper,2023-11-19,2023-11-20
0.0001209532049395,Colombo Proper,2023-11-20,2023-11-21
6.5280678192111e-05,Colombo Proper,2023-11-21,2023-11-22
,Colombo Proper,2023-11-22,2023-11-23
0.0001528945457337,Colombo Proper,2023-11-23,2023-11-24
,Colombo Proper,2023-11-24,2023-11-25
0.0002526776961158,Colombo Proper,2023-11-25,2023-11-26
0.0001927849228199,Colombo Proper,2023-11-26,2023-11-27
0.0002164374443265,Colombo Proper,2023-11-27,2023-11-28
,Colombo Proper,2023-11-28,2023-11-29
0.0002141556713426,Colombo Proper,2023-11-29,2023-11-30
7.061043875407501e-05,Colombo Proper,2023-11-30,2023-12-01
,Colombo Proper,2023-12-01,2023-12-02
,Colombo Proper,2023-12-02,2023-12-03
0.0001407134038862,Colombo Proper,2023-12-03,2023-12-04
,Colombo Proper,2023-12-04,2023-12-05
,Colombo Proper,2023-12-05,2023-12-06
,Colombo Proper,2023-12-06,2023-12-07
0.0001153898397299,Colombo Proper,2023-12-07,2023-12-08
0.0002443900741963,Colombo Proper,2023-12-08,2023-12-09
0.0003804756017989,Colombo Proper,2023-12-09,2023-12-10
,Colombo Proper,2023-12-10,2023-12-11
0.000234305056944,Colombo Proper,2023-12-11,2023-12-12
3.7601686208105686e-05,Colombo Proper,2023-12-12,2023-12-13
0.0001294817257308,Colombo Proper,2023-12-13,2023-12-14
,Colombo Proper,2023-12-14,2023-12-15
,Colombo Proper,2023-12-15,2023-12-16
0.0001311221710184,Colombo Proper,2023-12-16,2023-12-17
-8.258288984594488e-06,Colombo Proper,2023-12-17,2023-12-18
0.0001626701630934,Colombo Proper,2023-12-18,2023-12-19
0.0002285477098267,Colombo Proper,2023-12-19,2023-12-20
,Colombo Proper,2023-12-20,2023-12-21
0.0001968671211174,Colombo Proper,2023-12-21,2023-12-22
0.0002490088089978,Colombo Proper,2023-12-22,2023-12-23
0.0002660439145573,Colombo Proper,2023-12-23,2023-12-24
0.0001817615041144,Colombo Proper,2023-12-24,2023-12-25
0.000343357205623,Colombo Proper,2023-12-25,2023-12-26
,Colombo Proper,2023-12-26,2023-12-27
0.0001181771796371,Colombo Proper,2023-12-27,2023-12-28
,Colombo Proper,2023-12-28,2023-12-29
,Colombo Proper,2023-12-29,2023-12-30
0.0001398253253237,Colombo Proper,2023-12-30,2023-12-31
8.036317559567e-05,Colombo Proper,2023-12-31,2024-01-01
