Current Date,Next Date,HCHO reading
2019-01-01,2019-01-02,5.803530712000793e-06
2019-01-02,2019-01-03,5.803530712000793e-06
2019-01-03,2019-01-04,0.0002362357772653
2019-01-04,2019-01-05,6.437245753953118e-05
2019-01-05,2019-01-06,5.349707092885017e-05
2019-01-06,2019-01-07,0.0001315594859189
2019-01-07,2019-01-08,6.269859896976347e-05
2019-01-08,2019-01-09,2.298263979970634e-05
2019-01-09,2019-01-10,8.244993730486457e-05
2019-01-10,2019-01-11,7.190247186715247e-05
2019-01-11,2019-01-12,0.0001542091441034
2019-01-12,2019-01-13,0.0001406986305217
2019-01-13,2019-01-14,9.439598076263044e-05
2019-01-14,2019-01-15,9.439598076263044e-05
2019-01-15,2019-01-16,7.187311712186784e-05
2019-01-16,2019-01-17,3.5053075407631695e-05
2019-01-17,2019-01-18,0.0001694853136055
2019-01-18,2019-01-19,0.0003082256948783
2019-01-19,2019-01-20,0.0001003134687878739
2019-01-20,2019-01-21,6.0375266285424514e-05
2019-01-21,2019-01-22,-7.58294658224229e-05
2019-01-22,2019-01-23,3.363791867442001e-05
2019-01-23,2019-01-24,0.0001753175803488
2019-01-24,2019-01-25,5.2793313875356256e-05
2019-01-25,2019-01-26,0.000140463067106999
2019-01-26,2019-01-27,0.0001351423609870934
2019-01-27,2019-01-28,0.0001393052964840088
2019-01-28,2019-01-29,0.0001586517467092
2019-01-29,2019-01-30,0.0001037720817875
2019-01-30,2019-01-31,0.00014892866955670852
2019-01-31,2019-02-01,4.768084267461017e-05
2019-02-01,2019-02-02,5.617168790830808e-05
2019-02-02,2019-02-03,-1.3768205917585874e-06
2019-02-03,2019-02-04,0.0001028843263981
2019-02-04,2019-02-05,0.000103548176412
2019-02-05,2019-02-06,8.412867361170815e-05
2019-02-06,2019-02-07,-2.009600759496182e-06
2019-02-07,2019-02-08,0.0001495798303155
2019-02-08,2019-02-09,0.0002421511611906
2019-02-09,2019-02-10,0.00013885625542444163
2019-02-10,2019-02-11,0.0001288933472212735
2019-02-11,2019-02-12,9.253276543587998e-05
2019-02-12,2019-02-13,0.0001574102690481
2019-02-13,2019-02-14,6.523994226828871e-05
2019-02-14,2019-02-15,-0.0001202388983189
2019-02-15,2019-02-16,8.080746862281228e-05
2019-02-16,2019-02-17,8.038732615390482e-05
2019-02-17,2019-02-18,9.511122311544924e-05
2019-02-18,2019-02-19,0.0001293821304845
2019-02-19,2019-02-20,0.0001168615135118
2019-02-20,2019-02-21,8.337509543093406e-05
2019-02-21,2019-02-22,2.514510513135289e-05
2019-02-22,2019-02-23,0.0001425070075459
2019-02-23,2019-02-24,0.0001366694245436
2019-02-24,2019-02-25,0.0001627625602433
2019-02-25,2019-02-26,0.0001543677869547
2019-02-26,2019-02-27,0.00012461333002339856
2019-02-27,2019-02-28,0.00012578361633514291
2019-02-28,2019-03-01,0.0001663931743162
2019-03-01,2019-03-02,0.00013813995267626824
2019-03-02,2019-03-03,-2.715724766397789e-05
2019-03-03,2019-03-04,0.00010013009168518664
2019-03-04,2019-03-05,0.0001377504093702578
2019-03-05,2019-03-06,0.0001377504093702578
2019-03-06,2019-03-07,9.971738595225878e-05
2019-03-07,2019-03-08,0.0001356645928779
2019-03-08,2019-03-09,9.87355639618488e-05
2019-03-09,2019-03-10,0.00015505815147831385
2019-03-10,2019-03-11,5.646698909773664e-05
2019-03-11,2019-03-12,0.0001590144307147
2019-03-12,2019-03-13,0.0001171489486397
2019-03-13,2019-03-14,0.0001274961458891158
2019-03-14,2019-03-15,0.0002678319367111
2019-03-15,2019-03-16,0.0001973485736028
2019-03-16,2019-03-17,5.13548232774661e-05
2019-03-17,2019-03-18,0.0001459056630798155
2019-03-18,2019-03-19,4.457512841327116e-05
2019-03-19,2019-03-20,0.0002551880668476
2019-03-20,2019-03-21,8.954724124801195e-05
2019-03-21,2019-03-22,0.00014160637406430103
2019-03-22,2019-03-23,0.0001081070493299
2019-03-23,2019-03-24,0.0001883458499592
2019-03-24,2019-03-25,0.000171727504349
2019-03-25,2019-03-26,0.00013744482086831215
2019-03-26,2019-03-27,0.0001650504145461
2019-03-27,2019-03-28,0.0001789494366016
2019-03-28,2019-03-29,0.0001818030703527
2019-03-29,2019-03-30,4.044847087752865e-05
2019-03-30,2019-03-31,-3.0314153493748305e-05
2019-03-31,2019-04-01,0.0001430691954815648
2019-04-01,2019-04-02,0.0001046297780589
2019-04-02,2019-04-03,8.128573946871756e-05
2019-04-03,2019-04-04,6.149668792726311e-05
2019-04-04,2019-04-05,9.296972991768896e-05
2019-04-05,2019-04-06,0.0001359472150309789
2019-04-06,2019-04-07,0.0001659114059293
2019-04-07,2019-04-08,0.0001268737767335555
2019-04-08,2019-04-09,0.000143890350864
2019-04-09,2019-04-10,0.00013201463937725184
2019-04-10,2019-04-11,6.20313630194549e-05
2019-04-11,2019-04-12,8.426213025813922e-05
2019-04-12,2019-04-13,0.0001655760267849
2019-04-13,2019-04-14,0.0002243445980376
2019-04-14,2019-04-15,0.00013417000783621358
2019-04-15,2019-04-16,0.00013098319359368496
2019-04-16,2019-04-17,0.00012843667417147776
2019-04-17,2019-04-18,0.00011482233661000962
2019-04-18,2019-04-19,0.0001076937462352
2019-04-19,2019-04-20,0.00010614492458840316
2019-04-20,2019-04-21,0.00010032506722191877
2019-04-21,2019-04-22,0.00010531478358395128
2019-04-22,2019-04-23,0.0001167011796496
2019-04-23,2019-04-24,5.12579766773392e-05
2019-04-24,2019-04-25,0.0001783669821192
2019-04-25,2019-04-26,0.00012120851478497379
2019-04-26,2019-04-27,0.0001266368626811293
2019-04-27,2019-04-28,0.00013000357595747335
2019-04-28,2019-04-29,0.0001871501881396
2019-04-29,2019-04-30,0.00013212745417850335
2019-04-30,2019-05-01,0.00013212745417850335
2019-05-01,2019-05-02,0.0001513876780742
2019-05-02,2019-05-03,0.00013287718689952333
2019-05-03,2019-05-04,0.0001407489451084198
2019-05-04,2019-05-05,5.434144155589335e-05
2019-05-05,2019-05-06,7.521904743490836e-05
2019-05-06,2019-05-07,6.477919130672735e-05
2019-05-07,2019-05-08,8.903688521043591e-05
2019-05-08,2019-05-09,0.0001266048084834
2019-05-09,2019-05-10,0.0001186255669854
2019-05-10,2019-05-11,8.904187787431491e-05
2019-05-11,2019-05-12,2.949114473778149e-05
2019-05-12,2019-05-13,4.16907598251222e-05
2019-05-13,2019-05-14,9.81210520052802e-05
2019-05-14,2019-05-15,9.758382500903084e-05
2019-05-15,2019-05-16,0.0001890657581933
2019-05-16,2019-05-17,0.0001197343556303
2019-05-17,2019-05-18,0.0001049880638621
2019-05-18,2019-05-19,0.00010258270615483429
2019-05-19,2019-05-20,9.658265808306529e-05
2019-05-20,2019-05-21,1.0668271897884551e-05
2019-05-21,2019-05-22,0.000314141457475
2019-05-22,2019-05-23,0.00010429310539052141
2019-05-23,2019-05-24,0.00010429310539052141
2019-05-24,2019-05-25,8.360032868662833e-05
2019-05-25,2019-05-26,5.2382561264022686e-05
2019-05-26,2019-05-27,0.0001127015595865
2019-05-27,2019-05-28,0.000110648214343
2019-05-28,2019-05-29,0.0001113564054257
2019-05-29,2019-05-30,0.00010544136125405478
2019-05-30,2019-05-31,0.0001064063304330912
2019-05-31,2019-06-01,0.0001309619983658
2019-06-01,2019-06-02,7.860539060937241e-05
2019-06-02,2019-06-03,0.00010526267206216298
2019-06-03,2019-06-04,1.9475669421135317e-05
2019-06-04,2019-06-05,0.0001088331011901893
2019-06-05,2019-06-06,0.0001088331011901893
2019-06-06,2019-06-07,0.0001096366209174149
2019-06-07,2019-06-08,0.00010352668728080835
2019-06-08,2019-06-09,0.00010217604825168405
2019-06-09,2019-06-10,8.82573060809885e-05
2019-06-10,2019-06-11,0.00010078181843659143
2019-06-11,2019-06-12,0.0002606536600287
2019-06-12,2019-06-13,0.00012388950466244065
2019-06-13,2019-06-14,0.0001034896122957
2019-06-14,2019-06-15,0.00010473933691886794
2019-06-15,2019-06-16,9.794863285570833e-05
2019-06-16,2019-06-17,0.0001217725225117
2019-06-17,2019-06-18,0.00011235190650220951
2019-06-18,2019-06-19,-1.1336369400820557e-05
2019-06-19,2019-06-20,0.00010011848281939841
2019-06-20,2019-06-21,3.626547253389472e-05
2019-06-21,2019-06-22,9.260938953021788e-05
2019-06-22,2019-06-23,9.260938953021788e-05
2019-06-23,2019-06-24,8.834798854848653e-05
2019-06-24,2019-06-25,8.95658132908758e-05
2019-06-25,2019-06-26,3.066723729716614e-05
2019-06-26,2019-06-27,5.938476593081348e-05
2019-06-27,2019-06-28,0.0001501880620112
2019-06-28,2019-06-29,8.48560045610269e-08
2019-06-29,2019-06-30,1.8658707556202237e-05
2019-06-30,2019-07-01,8.076289701838124e-05
2019-07-01,2019-07-02,0.0001565128040965
2019-07-02,2019-07-03,7.822883224906507e-05
2019-07-03,2019-07-04,8.452012092776942e-05
2019-07-04,2019-07-05,6.491148472259721e-05
2019-07-05,2019-07-06,0.0001015658193247
2019-07-06,2019-07-07,0.0001854224783202
2019-07-07,2019-07-08,9.519535246307652e-05
2019-07-08,2019-07-09,0.000122118023414
2019-07-09,2019-07-10,7.790869490276914e-05
2019-07-10,2019-07-11,3.5168823276630766e-05
2019-07-11,2019-07-12,9.399985364620808e-05
2019-07-12,2019-07-13,9.815205823701609e-05
2019-07-13,2019-07-14,0.000155182766871
2019-07-14,2019-07-15,3.06090383772373e-05
2019-07-15,2019-07-16,8.648965893425306e-05
2019-07-16,2019-07-17,3.9205342571432974e-05
2019-07-17,2019-07-18,8.400101070463095e-05
2019-07-18,2019-07-19,8.696399811615677e-05
2019-07-19,2019-07-20,8.858630589176521e-05
2019-07-20,2019-07-21,8.473619613430053e-05
2019-07-21,2019-07-22,9.037961880961649e-05
2019-07-22,2019-07-23,9.550254104200323e-05
2019-07-23,2019-07-24,2.7530496770538245e-05
2019-07-24,2019-07-25,1.917795009592158e-06
2019-07-25,2019-07-26,8.084456407724841e-05
2019-07-26,2019-07-27,-1.7439164260629638e-05
2019-07-27,2019-07-28,1.6406873869175554e-05
2019-07-28,2019-07-29,-4.995843540715808e-06
2019-07-29,2019-07-30,0.0001339288013077
2019-07-30,2019-07-31,-7.03567768815656e-05
2019-07-31,2019-08-01,3.6934841833654336e-05
2019-08-01,2019-08-02,6.79387627216613e-05
2019-08-02,2019-08-03,4.350106046659321e-05
2019-08-03,2019-08-04,0.0001027113576807
2019-08-04,2019-08-05,7.763261304247379e-05
2019-08-05,2019-08-06,5.245533362906521e-05
2019-08-06,2019-08-07,3.5682341057929425e-05
2019-08-07,2019-08-08,3.5682341057929425e-05
2019-08-08,2019-08-09,3.5388757598470795e-05
2019-08-09,2019-08-10,3.5388757598470795e-05
2019-08-10,2019-08-11,3.5388757598470795e-05
2019-08-11,2019-08-12,3.5388757598470795e-05
2019-08-12,2019-08-13,-1.6567200397283402e-05
2019-08-13,2019-08-14,3.139214544495124e-05
2019-08-14,2019-08-15,3.139214544495124e-05
2019-08-15,2019-08-16,3.1713949501152324e-05
2019-08-16,2019-08-17,3.4422690818566885e-05
2019-08-17,2019-08-18,3.4422690818566885e-05
2019-08-18,2019-08-19,4.8707759228402166e-05
2019-08-19,2019-08-20,1.187302498785714e-05
2019-08-20,2019-08-21,0.0002373940806137
2019-08-21,2019-08-22,5.4872379645866494e-05
2019-08-22,2019-08-23,6.878673037113671e-05
2019-08-23,2019-08-24,7.276821643832202e-05
2019-08-24,2019-08-25,7.345813839784497e-05
2019-08-25,2019-08-26,7.345813839784497e-05
2019-08-26,2019-08-27,6.858260185070248e-05
2019-08-27,2019-08-28,6.677259961234822e-05
2019-08-28,2019-08-29,7.035191610816897e-05
2019-08-29,2019-08-30,6.798230223314625e-05
2019-08-30,2019-08-31,0.0001003325498068
2019-08-31,2019-09-01,7.495375274543703e-05
2019-09-01,2019-09-02,7.495375274543703e-05
2019-09-02,2019-09-03,6.411903520786512e-05
2019-09-03,2019-09-04,9.78157384524139e-05
2019-09-04,2019-09-05,9.791662909121674e-05
2019-09-05,2019-09-06,9.076763995267517e-05
2019-09-06,2019-09-07,9.076763995267517e-05
2019-09-07,2019-09-08,7.900931868731356e-05
2019-09-08,2019-09-09,-1.9800126716534245e-05
2019-09-09,2019-09-10,4.326489287765812e-05
2019-09-10,2019-09-11,4.263753551153884e-05
2019-09-11,2019-09-12,8.106719557651183e-05
2019-09-12,2019-09-13,8.720108094777346e-05
2019-09-13,2019-09-14,7.855770871679348e-05
2019-09-14,2019-09-15,6.718515134690775e-05
2019-09-15,2019-09-16,6.718515134690775e-05
2019-09-16,2019-09-17,6.718515134690775e-05
2019-09-17,2019-09-18,6.718515134690775e-05
2019-09-18,2019-09-19,6.718515134690775e-05
2019-09-19,2019-09-20,6.718515134690775e-05
2019-09-20,2019-09-21,6.718515134690775e-05
2019-09-21,2019-09-22,2.78876797254711e-05
2019-09-22,2019-09-23,5.9860949250151003e-05
2019-09-23,2019-09-24,5.9860949250151003e-05
2019-09-24,2019-09-25,5.9860949250151003e-05
2019-09-25,2019-09-26,5.9387828588182766e-05
2019-09-26,2019-09-27,5.4584339855153884e-05
2019-09-27,2019-09-28,4.8394012821430615e-05
2019-09-28,2019-09-29,4.8394012821430615e-05
2019-09-29,2019-09-30,8.320224946993188e-05
2019-09-30,2019-10-01,1.9647603158705263e-05
2019-10-01,2019-10-02,0.000117836499168
2019-10-02,2019-10-03,6.52814795283163e-05
2019-10-03,2019-10-04,6.90554701977792e-05
2019-10-04,2019-10-05,-0.0001226669264724
2019-10-05,2019-10-06,3.407746896108362e-05
2019-10-06,2019-10-07,4.612769316736376e-06
2019-10-07,2019-10-08,-5.005087337895441e-06
2019-10-08,2019-10-09,1.793068386122131e-05
2019-10-09,2019-10-10,1.793068386122131e-05
2019-10-10,2019-10-11,1.793068386122131e-05
2019-10-11,2019-10-12,1.793068386122131e-05
2019-10-12,2019-10-13,1.793068386122131e-05
2019-10-13,2019-10-14,7.59858494096762e-05
2019-10-14,2019-10-15,1.83682831601389e-05
2019-10-15,2019-10-16,2.3997654984111647e-05
2019-10-16,2019-10-17,2.3997654984111647e-05
2019-10-17,2019-10-18,0.0002317053602408
2019-10-18,2019-10-19,4.707628890152146e-05
2019-10-19,2019-10-20,4.707628890152146e-05
2019-10-20,2019-10-21,4.707628890152146e-05
2019-10-21,2019-10-22,4.707628890152146e-05
2019-10-22,2019-10-23,4.256054383047016e-05
2019-10-23,2019-10-24,4.583382106929372e-05
2019-10-24,2019-10-25,3.3833374719509334e-05
2019-10-25,2019-10-26,3.3833374719509334e-05
2019-10-26,2019-10-27,3.3833374719509334e-05
2019-10-27,2019-10-28,6.51334349578912e-05
2019-10-28,2019-10-29,6.51334349578912e-05
2019-10-29,2019-10-30,8.02636013681799e-05
2019-10-30,2019-10-31,0.00010868649760353837
2019-10-31,2019-11-01,0.0002290918466488
2019-11-01,2019-11-02,0.00013878783486485376
2019-11-02,2019-11-03,6.705511207121879e-05
2019-11-03,2019-11-04,7.110266177026302e-05
2019-11-04,2019-11-05,7.110266177026302e-05
2019-11-05,2019-11-06,6.988186486040972e-05
2019-11-06,2019-11-07,0.0002161975617461
2019-11-07,2019-11-08,0.0001877186378125
2019-11-08,2019-11-09,7.553392172272982e-05
2019-11-09,2019-11-10,0.00010178078746440596
2019-11-10,2019-11-11,0.00010178078746440596
2019-11-11,2019-11-12,0.0002234721468994
2019-11-12,2019-11-13,0.00012206268070357163
2019-11-13,2019-11-14,0.0001128827506019
2019-11-14,2019-11-15,5.815962265760409e-05
2019-11-15,2019-11-16,-9.728603617986664e-05
2019-11-16,2019-11-17,6.111619864362443e-05
2019-11-17,2019-11-18,0.0001113500110585
2019-11-18,2019-11-19,8.669282646079637e-05
2019-11-19,2019-11-20,8.8774288121999e-05
2019-11-20,2019-11-21,6.167588874374884e-05
2019-11-21,2019-11-22,8.329670267707673e-05
2019-11-22,2019-11-23,0.000158744442784
2019-11-23,2019-11-24,-9.125054756451936e-06
2019-11-24,2019-11-25,-9.875609976006672e-05
2019-11-25,2019-11-26,8.446178423940515e-05
2019-11-26,2019-11-27,6.764183570374343e-05
2019-11-27,2019-11-28,8.082623468883076e-05
2019-11-28,2019-11-29,6.841738858521916e-05
2019-11-29,2019-11-30,0.0001039900997813
2019-11-30,2019-12-01,5.394809413571411e-05
2019-12-01,2019-12-02,0.0001545732520753
2019-12-02,2019-12-03,0.0002290982823012
2019-12-03,2019-12-04,6.890041875442329e-05
2019-12-04,2019-12-05,5.923968574536225e-05
2019-12-05,2019-12-06,5.923968574536225e-05
2019-12-06,2019-12-07,6.279132131055396e-05
2019-12-07,2019-12-08,5.5972261331789723e-05
2019-12-08,2019-12-09,6.691928258262233e-05
2019-12-09,2019-12-10,6.736567365485292e-05
2019-12-10,2019-12-11,3.668150748126209e-05
2019-12-11,2019-12-12,5.953270228958781e-05
2019-12-12,2019-12-13,5.953270228958781e-05
2019-12-13,2019-12-14,4.62315488663879e-06
2019-12-14,2019-12-15,0.0001486373962426
2019-12-15,2019-12-16,0.0001227165762943
2019-12-16,2019-12-17,0.0001229212800705
2019-12-17,2019-12-18,8.340499593461687e-05
2019-12-18,2019-12-19,0.0001877353206509
2019-12-19,2019-12-20,5.3307634495522295e-05
2019-12-20,2019-12-21,0.0001115523477809161
2019-12-21,2019-12-22,3.737863824244148e-05
2019-12-22,2019-12-23,0.0001054967603682926
2019-12-23,2019-12-24,8.239901598712222e-05
2019-12-24,2019-12-25,0.0001175895423397
2019-12-25,2019-12-26,6.322827935514696e-05
2019-12-26,2019-12-27,0.0002801681133864
2019-12-27,2019-12-28,2.508077095769896e-05
2019-12-28,2019-12-29,9.608989655005621e-05
2019-12-29,2019-12-30,0.0001125148774131
2019-12-30,2019-12-31,5.958212666452036e-05
2019-12-31,2020-01-01,3.443339602476807e-05
2020-01-01,2020-01-02,5.582477187917614e-05
2020-01-02,2020-01-03,4.323339089751243e-05
2020-01-03,2020-01-04,0.0001348303220805
2020-01-04,2020-01-05,7.345198097368317e-05
2020-01-05,2020-01-06,2.321362493548122e-05
2020-01-06,2020-01-07,5.4160664857132805e-05
2020-01-07,2020-01-08,8.050683431295243e-05
2020-01-08,2020-01-09,4.716895767844027e-05
2020-01-09,2020-01-10,0.0001577781896422
2020-01-10,2020-01-11,0.0001793478869622
2020-01-11,2020-01-12,9.41050512969195e-05
2020-01-12,2020-01-13,8.779982179435479e-05
2020-01-13,2020-01-14,0.0001152762997662
2020-01-14,2020-01-15,9.169470487054273e-05
2020-01-15,2020-01-16,3.034482369753957e-05
2020-01-16,2020-01-17,7.061637462092352e-06
2020-01-17,2020-01-18,8.463598530992196e-05
2020-01-18,2020-01-19,-3.063655407360958e-05
2020-01-19,2020-01-20,0.0002380160347689
2020-01-20,2020-01-21,8.649788570140081e-05
2020-01-21,2020-01-22,5.912812620378361e-05
2020-01-22,2020-01-23,0.0001127059149439
2020-01-23,2020-01-24,4.176835190634863e-05
2020-01-24,2020-01-25,0.0001065585373179
2020-01-25,2020-01-26,0.0001661374720926
2020-01-26,2020-01-27,7.276855495625505e-05
2020-01-27,2020-01-28,8.641622602255983e-05
2020-01-28,2020-01-29,6.942144958326742e-05
2020-01-29,2020-01-30,0.0001887968234636
2020-01-30,2020-01-31,7.285972572016812e-05
2020-01-31,2020-02-01,0.0002529024599017
2020-02-01,2020-02-02,0.0001415127839008
2020-02-02,2020-02-03,7.155292117745567e-05
2020-02-03,2020-02-04,3.034274868696229e-06
2020-02-04,2020-02-05,9.503723807152622e-05
2020-02-05,2020-02-06,9.391284575515545e-05
2020-02-06,2020-02-07,0.0002128889628819
2020-02-07,2020-02-08,9.207190091336028e-05
2020-02-08,2020-02-09,0.00010877697923491256
2020-02-09,2020-02-10,0.0001354965851584
2020-02-10,2020-02-11,0.0001617020217739
2020-02-11,2020-02-12,0.0001742292469876
2020-02-12,2020-02-13,0.0002540055798295
2020-02-13,2020-02-14,3.371115622175777e-05
2020-02-14,2020-02-15,0.0001250788227030672
2020-02-15,2020-02-16,0.0001299794386322859
2020-02-16,2020-02-17,0.0001794127728646
2020-02-17,2020-02-18,0.0002209353604297
2020-02-18,2020-02-19,6.674241804341922e-05
2020-02-19,2020-02-20,0.0001222466447894
2020-02-20,2020-02-21,8.883904957213684e-05
2020-02-21,2020-02-22,-1.5101279314800582e-05
2020-02-22,2020-02-23,0.0001291872270587956
2020-02-23,2020-02-24,0.0001415435780818
2020-02-24,2020-02-25,6.469066327585497e-05
2020-02-25,2020-02-26,2.3133790736772745e-05
2020-02-26,2020-02-27,6.435616459262533e-05
2020-02-27,2020-02-28,0.0001474108560456
2020-02-28,2020-02-29,7.261802893327325e-05
2020-02-29,2020-03-01,0.00011266914105193888
2020-03-01,2020-03-02,0.00011388074341303175
2020-03-02,2020-03-03,0.0002432750616004
2020-03-03,2020-03-04,0.0001371470386965
2020-03-04,2020-03-05,0.0003196327910867
2020-03-05,2020-03-06,0.00012732939267560232
2020-03-06,2020-03-07,0.00011941213097848373
2020-03-07,2020-03-08,9.590982845119733e-05
2020-03-08,2020-03-09,8.151255612816e-05
2020-03-09,2020-03-10,0.0002133951068221
2020-03-10,2020-03-11,8.807318490189663e-05
2020-03-11,2020-03-12,0.0001212261634002
2020-03-12,2020-03-13,0.0001866045606144
2020-03-13,2020-03-14,0.0002164612674754
2020-03-14,2020-03-15,0.0001451271620085
2020-03-15,2020-03-16,7.107494193457907e-05
2020-03-16,2020-03-17,1.4219102992139211e-05
2020-03-17,2020-03-18,0.0001281037927609055
2020-03-18,2020-03-19,0.0002336150704328
2020-03-19,2020-03-20,6.550971145592522e-05
2020-03-20,2020-03-21,4.255753104668866e-05
2020-03-21,2020-03-22,0.0001205499327439
2020-03-22,2020-03-23,0.0001706812737525
2020-03-23,2020-03-24,0.0001902743112101
2020-03-24,2020-03-25,0.0001626924924219
2020-03-25,2020-03-26,0.0001398410212964
2020-03-26,2020-03-27,0.0002149587402132
2020-03-27,2020-03-28,0.0001548500985252
2020-03-28,2020-03-29,0.0001659523665068
2020-03-29,2020-03-30,0.0001050452628987
2020-03-30,2020-03-31,0.0002204980965198
2020-03-31,2020-04-01,0.0001623857386471
2020-04-01,2020-04-02,0.0001385958375868
2020-04-02,2020-04-03,0.0001188315780021
2020-04-03,2020-04-04,0.0001931528322209
2020-04-04,2020-04-05,0.00014508925570911582
2020-04-05,2020-04-06,0.0002263844998637
2020-04-06,2020-04-07,0.0001455835220135616
2020-04-07,2020-04-08,0.0001089687322607
2020-04-08,2020-04-09,0.0001147216354394
2020-04-09,2020-04-10,0.0001323069220559
2020-04-10,2020-04-11,9.85519800843023e-05
2020-04-11,2020-04-12,6.881059950028768e-05
2020-04-12,2020-04-13,3.27301412484459e-05
2020-04-13,2020-04-14,3.621056330483745e-05
2020-04-14,2020-04-15,0.0001241814675436
2020-04-15,2020-04-16,6.521946258410748e-05
2020-04-16,2020-04-17,2.395888714090688e-06
2020-04-17,2020-04-18,0.00012423762218599857
2020-04-18,2020-04-19,6.948048640131524e-05
2020-04-19,2020-04-20,6.384248190519383e-05
2020-04-20,2020-04-21,0.000138173020811
2020-04-21,2020-04-22,0.0001303255564684
2020-04-22,2020-04-23,0.00010659312761274634
2020-04-23,2020-04-24,3.486263002774481e-06
2020-04-24,2020-04-25,-7.571987892228614e-06
2020-04-25,2020-04-26,9.649427604718858e-05
2020-04-26,2020-04-27,8.073384512511853e-05
2020-04-27,2020-04-28,0.0001121884341241
2020-04-28,2020-04-29,0.0002022100508204
2020-04-29,2020-04-30,9.111307020899032e-05
2020-04-30,2020-05-01,0.0001920155304563
2020-05-01,2020-05-02,0.0001749976495949
2020-05-02,2020-05-03,7.496322389239176e-05
2020-05-03,2020-05-04,7.3721710408607e-05
2020-05-04,2020-05-05,5.825853853115324e-05
2020-05-05,2020-05-06,7.541279419699737e-05
2020-05-06,2020-05-07,7.771880777888914e-05
2020-05-07,2020-05-08,-4.922578568208555e-05
2020-05-08,2020-05-09,0.0001066485002667
2020-05-09,2020-05-10,7.41778517489957e-05
2020-05-10,2020-05-11,7.41778517489957e-05
2020-05-11,2020-05-12,7.449100943884108e-05
2020-05-12,2020-05-13,8.813543154319978e-05
2020-05-13,2020-05-14,0.000130520584253
2020-05-14,2020-05-15,7.169143558530158e-05
2020-05-15,2020-05-16,0.000125077001634
2020-05-16,2020-05-17,8.037648834467483e-05
2020-05-17,2020-05-18,8.714175574751356e-05
2020-05-18,2020-05-19,0.0001085663751123
2020-05-19,2020-05-20,0.00011170878173857982
2020-05-20,2020-05-21,8.066085494189349e-05
2020-05-21,2020-05-22,0.0001064809700281
2020-05-22,2020-05-23,0.00010201233187995101
2020-05-23,2020-05-24,4.538882770357599e-05
2020-05-24,2020-05-25,5.450283041426242e-05
2020-05-25,2020-05-26,7.77285571587363e-05
2020-05-26,2020-05-27,0.0001745190751963
2020-05-27,2020-05-28,8.829769685556784e-05
2020-05-28,2020-05-29,8.829769685556784e-05
2020-05-29,2020-05-30,8.829769685556784e-05
2020-05-30,2020-05-31,9.748732206240254e-05
2020-05-31,2020-06-01,9.112752099849167e-05
2020-06-01,2020-06-02,8.765331116827676e-05
2020-06-02,2020-06-03,0.0001365986811061
2020-06-03,2020-06-04,4.755925841214103e-05
2020-06-04,2020-06-05,0.0001642768098681
2020-06-05,2020-06-06,2.940111799718637e-05
2020-06-06,2020-06-07,9.637856833165216e-05
2020-06-07,2020-06-08,9.417099653916387e-05
2020-06-08,2020-06-09,9.417099653916387e-05
2020-06-09,2020-06-10,2.50764877911081e-05
2020-06-10,2020-06-11,8.774869751445681e-05
2020-06-11,2020-06-12,4.234014420232019e-05
2020-06-12,2020-06-13,-2.881475514700113e-05
2020-06-13,2020-06-14,2.192511656417452e-05
2020-06-14,2020-06-15,9.755461637929395e-05
2020-06-15,2020-06-16,5.990239896855989e-05
2020-06-16,2020-06-17,7.475765039767527e-05
2020-06-17,2020-06-18,7.475765039767527e-05
2020-06-18,2020-06-19,0.0001552861313468
2020-06-19,2020-06-20,-2.214336831122813e-05
2020-06-20,2020-06-21,0.0001352933324333
2020-06-21,2020-06-22,7.12827578650016e-05
2020-06-22,2020-06-23,4.162291499108151e-05
2020-06-23,2020-06-24,0.0002094515544984
2020-06-24,2020-06-25,5.990897422030939e-05
2020-06-25,2020-06-26,6.924271561430304e-05
2020-06-26,2020-06-27,0.0002051720192701
2020-06-27,2020-06-28,0.0001124744363319
2020-06-28,2020-06-29,7.964642882422273e-05
2020-06-29,2020-06-30,5.667417479348952e-05
2020-06-30,2020-07-01,7.811494522217384e-05
2020-07-01,2020-07-02,4.5889721509336015e-05
2020-07-02,2020-07-03,8.012221601086614e-05
2020-07-03,2020-07-04,7.954122675385636e-05
2020-07-04,2020-07-05,8.639349798422517e-05
2020-07-05,2020-07-06,0.0001225770297818
2020-07-06,2020-07-07,9.64119766805489e-05
2020-07-07,2020-07-08,7.719590280196281e-05
2020-07-08,2020-07-09,9.756560983302444e-05
2020-07-09,2020-07-10,-4.600551980790239e-05
2020-07-10,2020-07-11,0.0001133111030949
2020-07-11,2020-07-12,8.519586597350266e-05
2020-07-12,2020-07-13,4.19976992453612e-05
2020-07-13,2020-07-14,0.0001579608688965
2020-07-14,2020-07-15,0.0001246352851251
2020-07-15,2020-07-16,0.000163621393785
2020-07-16,2020-07-17,9.346192020286319e-05
2020-07-17,2020-07-18,9.585855920161704e-05
2020-07-18,2020-07-19,9.585855920161704e-05
2020-07-19,2020-07-20,4.0699195288202375e-05
2020-07-20,2020-07-21,8.192865911606468e-05
2020-07-21,2020-07-22,8.495499503155041e-05
2020-07-22,2020-07-23,0.00011271435277148087
2020-07-23,2020-07-24,0.00011271435277148087
2020-07-24,2020-07-25,0.0001364200889515
2020-07-25,2020-07-26,0.00012297456145504576
2020-07-26,2020-07-27,0.00012297456145504576
2020-07-27,2020-07-28,0.00012630011267966582
2020-07-28,2020-07-29,0.0001266724209694524
2020-07-29,2020-07-30,2.1475540234825472e-05
2020-07-30,2020-07-31,5.10486359096364e-05
2020-07-31,2020-08-01,0.00011473204391245664
2020-08-01,2020-08-02,0.00013080580028449254
2020-08-02,2020-08-03,0.00013274965552778062
2020-08-03,2020-08-04,0.00013274965552778062
2020-08-04,2020-08-05,0.00014409365006308304
2020-08-05,2020-08-06,0.00014211261880116632
2020-08-06,2020-08-07,0.00014502550774717738
2020-08-07,2020-08-08,-5.112344316348733e-05
2020-08-08,2020-08-09,2.924437244494896e-05
2020-08-09,2020-08-10,9.780751171136085e-05
2020-08-10,2020-08-11,9.780751171136085e-05
2020-08-11,2020-08-12,0.00010732556444855393
2020-08-12,2020-08-13,4.1295637467464296e-05
2020-08-13,2020-08-14,3.090356865327022e-05
2020-08-14,2020-08-15,3.336985659278598e-05
2020-08-15,2020-08-16,2.0616734382838223e-05
2020-08-16,2020-08-17,2.794780563557463e-05
2020-08-17,2020-08-18,6.377265381584466e-05
2020-08-18,2020-08-19,9.864819027521158e-05
2020-08-19,2020-08-20,4.9262040098221225e-06
2020-08-20,2020-08-21,2.8190357682196595e-05
2020-08-21,2020-08-22,0.0001861171290337
2020-08-22,2020-08-23,7.621310608758228e-05
2020-08-23,2020-08-24,6.437629697331358e-05
2020-08-24,2020-08-25,1.811283344713564e-05
2020-08-25,2020-08-26,0.0001197921551961
2020-08-26,2020-08-27,0.00010436146086
2020-08-27,2020-08-28,0.0001438969521762
2020-08-28,2020-08-29,-1.0076650261309432e-05
2020-08-29,2020-08-30,9.722794985268776e-06
2020-08-30,2020-08-31,6.355691278891022e-05
2020-08-31,2020-09-01,8.661133966412367e-05
2020-09-01,2020-09-02,6.061776697330166e-05
2020-09-02,2020-09-03,6.061776697330166e-05
2020-09-03,2020-09-04,6.061776697330166e-05
2020-09-04,2020-09-05,7.4993453434322835e-06
2020-09-05,2020-09-06,6.0402919930985834e-05
2020-09-06,2020-09-07,6.190475678310805e-05
2020-09-07,2020-09-08,6.433346398312392e-05
2020-09-08,2020-09-09,2.6322920997321783e-05
2020-09-09,2020-09-10,6.426695932868806e-05
2020-09-10,2020-09-11,6.19748772655865e-05
2020-09-11,2020-09-12,6.60497824981411e-05
2020-09-12,2020-09-13,6.896204594552144e-05
2020-09-13,2020-09-14,5.919912235483989e-05
2020-09-14,2020-09-15,5.765239656095422e-05
2020-09-15,2020-09-16,5.698000651971828e-05
2020-09-16,2020-09-17,6.129858130556081e-05
2020-09-17,2020-09-18,0.0002224830849442
2020-09-18,2020-09-19,6.875208757976841e-05
2020-09-19,2020-09-20,5.801710692313533e-05
2020-09-20,2020-09-21,6.936606645387612e-05
2020-09-21,2020-09-22,8.129472074759758e-05
2020-09-22,2020-09-23,8.572917273726943e-05
2020-09-23,2020-09-24,4.583581010911004e-05
2020-09-24,2020-09-25,7.553529034851601e-05
2020-09-25,2020-09-26,7.553529034851601e-05
2020-09-26,2020-09-27,7.91982205255503e-05
2020-09-27,2020-09-28,0.0001730573872732
2020-09-28,2020-09-29,0.0002153846821328
2020-09-29,2020-09-30,0.00012704701766369703
2020-09-30,2020-10-01,0.00012704701766369703
2020-10-01,2020-10-02,7.805495156078104e-05
2020-10-02,2020-10-03,5.11396381577283e-05
2020-10-03,2020-10-04,0.0001470353174131
2020-10-04,2020-10-05,0.00012652363651455872
2020-10-05,2020-10-06,-3.243603900121837e-05
2020-10-06,2020-10-07,7.427887270270059e-05
2020-10-07,2020-10-08,8.672872804832765e-05
2020-10-08,2020-10-09,0.0001776092143231
2020-10-09,2020-10-10,0.0001098641556824483
2020-10-10,2020-10-11,-8.375765006525143e-05
2020-10-11,2020-10-12,8.434409443166067e-05
2020-10-12,2020-10-13,8.434409443166067e-05
2020-10-13,2020-10-14,2.006258289078075e-05
2020-10-14,2020-10-15,7.939936277466993e-05
2020-10-15,2020-10-16,7.939936277466993e-05
2020-10-16,2020-10-17,6.743872324542771e-05
2020-10-17,2020-10-18,8.106112532361743e-05
2020-10-18,2020-10-19,7.88039692583951e-05
2020-10-19,2020-10-20,8.14640135703686e-05
2020-10-20,2020-10-21,4.375215796516543e-05
2020-10-21,2020-10-22,6.078265231303119e-05
2020-10-22,2020-10-23,-5.304393732281136e-05
2020-10-23,2020-10-24,2.8664431224434865e-05
2020-10-24,2020-10-25,4.9124287315017704e-05
2020-10-25,2020-10-26,1.5337545245524416e-05
2020-10-26,2020-10-27,9.325465439721767e-05
2020-10-27,2020-10-28,4.272551903444012e-05
2020-10-28,2020-10-29,0.0001089228643199
2020-10-29,2020-10-30,6.0740088690081596e-05
2020-10-30,2020-10-31,0.000172642832608
2020-10-31,2020-11-01,7.672441180691167e-05
2020-11-01,2020-11-02,5.735456422793126e-05
2020-11-02,2020-11-03,0.0001501435976033
2020-11-03,2020-11-04,9.204808324188104e-05
2020-11-04,2020-11-05,0.0003044006539601
2020-11-05,2020-11-06,0.00011235794546111811
2020-11-06,2020-11-07,0.00011235794546111811
2020-11-07,2020-11-08,0.00011235794546111811
2020-11-08,2020-11-09,0.00011581327024694045
2020-11-09,2020-11-10,0.0002808075766313
2020-11-10,2020-11-11,0.00013135200927562546
2020-11-11,2020-11-12,0.00013550934225106353
2020-11-12,2020-11-13,0.0001263750317383
2020-11-13,2020-11-14,0.00014239458173215808
2020-11-14,2020-11-15,0.0001601617198280644
2020-11-15,2020-11-16,-2.438379987250935e-07
2020-11-16,2020-11-17,0.00015753369535323166
2020-11-17,2020-11-18,4.60426935170965e-05
2020-11-18,2020-11-19,0.00016703211427599026
2020-11-19,2020-11-20,0.00016703211427599026
2020-11-20,2020-11-21,0.0001647422607652
2020-11-21,2020-11-22,0.0001446961525613892
2020-11-22,2020-11-23,0.00014120281755556285
2020-11-23,2020-11-24,0.00014120281755556285
2020-11-24,2020-11-25,-6.974433940553965e-06
2020-11-25,2020-11-26,0.00013073570638181677
2020-11-26,2020-11-27,4.312117315657817e-05
2020-11-27,2020-11-28,0.0001040317384849
2020-11-28,2020-11-29,9.473777529426195e-05
2020-11-29,2020-11-30,0.0002328566561061
2020-11-30,2020-12-01,0.00011008431760668838
2020-12-01,2020-12-02,0.00011008431760668838
2020-12-02,2020-12-03,8.874391022861194e-05
2020-12-03,2020-12-04,2.8697147545678196e-05
2020-12-04,2020-12-05,0.0001043584689961
2020-12-05,2020-12-06,6.682676556367445e-05
2020-12-06,2020-12-07,0.0001196708083678
2020-12-07,2020-12-08,7.595863888521366e-05
2020-12-08,2020-12-09,7.886755895828837e-06
2020-12-09,2020-12-10,8.53596431075125e-05
2020-12-10,2020-12-11,0.0001971155792713
2020-12-11,2020-12-12,9.41270155542563e-05
2020-12-12,2020-12-13,0.0001281830781171
2020-12-13,2020-12-14,9.131477073517169e-05
2020-12-14,2020-12-15,9.951479400344787e-05
2020-12-15,2020-12-16,5.124336258490429e-05
2020-12-16,2020-12-17,8.139267673429977e-05
2020-12-17,2020-12-18,0.0002554480665353
2020-12-18,2020-12-19,0.00011973060509160561
2020-12-19,2020-12-20,0.00012483790055394078
2020-12-20,2020-12-21,0.0001263240549874437
2020-12-21,2020-12-22,0.0001263240549874437
2020-12-22,2020-12-23,0.00011812923951677782
2020-12-23,2020-12-24,0.00011812923951677782
2020-12-24,2020-12-25,0.00011812923951677782
2020-12-25,2020-12-26,0.00011812923951677782
2020-12-26,2020-12-27,0.0001255819138477028
2020-12-27,2020-12-28,5.870730820802086e-05
2020-12-28,2020-12-29,0.00012677318543824365
2020-12-29,2020-12-30,-9.287236051311626e-06
2020-12-30,2020-12-31,0.000154408176711
2020-12-31,2021-01-01,0.00013361097773315257
2021-01-01,2021-01-02,0.0001389722371360015
2021-01-02,2021-01-03,0.0003106568161168
2021-01-03,2021-01-04,0.0001056232170524
2021-01-04,2021-01-05,7.407614588947896e-05
2021-01-05,2021-01-06,0.0002104229869099
2021-01-06,2021-01-07,0.00012926915206907925
2021-01-07,2021-01-08,-9.530893663843814e-05
2021-01-08,2021-01-09,0.00011830517163701669
2021-01-09,2021-01-10,0.00010116230977473126
2021-01-10,2021-01-11,0.00010116230977473126
2021-01-11,2021-01-12,0.00010116230977473126
2021-01-12,2021-01-13,0.00010116230977473126
2021-01-13,2021-01-14,0.00010116230977473126
2021-01-14,2021-01-15,1.9768748819264147e-06
2021-01-15,2021-01-16,9.014170589775293e-05
2021-01-16,2021-01-17,9.014170589775293e-05
2021-01-17,2021-01-18,9.014170589775293e-05
2021-01-18,2021-01-19,-6.800550885402525e-05
2021-01-19,2021-01-20,7.606250400197005e-05
2021-01-20,2021-01-21,7.606250400197005e-05
2021-01-21,2021-01-22,9.540035421273538e-05
2021-01-22,2021-01-23,0.0002039016721164
2021-01-23,2021-01-24,9.319373574301972e-05
2021-01-24,2021-01-25,0.0001466468874955
2021-01-25,2021-01-26,0.0001164269934655
2021-01-26,2021-01-27,5.41443757134865e-05
2021-01-27,2021-01-28,7.395618881144278e-05
2021-01-28,2021-01-29,5.689783904913562e-05
2021-01-29,2021-01-30,5.689783904913562e-05
2021-01-30,2021-01-31,7.864166414736045e-05
2021-01-31,2021-02-01,7.864166414736045e-05
2021-02-01,2021-02-02,5.148009249658708e-05
2021-02-02,2021-02-03,5.336279870397221e-05
2021-02-03,2021-02-04,7.281494891467582e-05
2021-02-04,2021-02-05,7.281494891467582e-05
2021-02-05,2021-02-06,7.281494891467582e-05
2021-02-06,2021-02-07,8.16697081687695e-05
2021-02-07,2021-02-08,0.0001721241360215
2021-02-08,2021-02-09,1.1895181311354812e-05
2021-02-09,2021-02-10,8.373769826830108e-05
2021-02-10,2021-02-11,0.0001431082062276
2021-02-11,2021-02-12,7.302566478308894e-06
2021-02-12,2021-02-13,0.0001483110951191
2021-02-13,2021-02-14,0.0001147218565813
2021-02-14,2021-02-15,9.268401723765539e-05
2021-02-15,2021-02-16,6.964192417702933e-05
2021-02-16,2021-02-17,4.398186802109072e-05
2021-02-17,2021-02-18,7.909764553193907e-05
2021-02-18,2021-02-19,9.563513663517757e-05
2021-02-19,2021-02-20,8.286953288845642e-05
2021-02-20,2021-02-21,1.247983132140844e-05
2021-02-21,2021-02-22,4.6568994067224456e-05
2021-02-22,2021-02-23,7.466259132012719e-05
2021-02-23,2021-02-24,7.304033458998807e-05
2021-02-24,2021-02-25,7.1363318321443e-05
2021-02-25,2021-02-26,7.77057268363481e-05
2021-02-26,2021-02-27,-3.355304117191814e-05
2021-02-27,2021-02-28,0.0001455363526677
2021-02-28,2021-03-01,0.0001109472344213
2021-03-01,2021-03-02,7.777781987693509e-05
2021-03-02,2021-03-03,4.18243713644176e-05
2021-03-03,2021-03-04,8.892517616661547e-05
2021-03-04,2021-03-05,0.0001515146227367
2021-03-05,2021-03-06,7.447173302198945e-05
2021-03-06,2021-03-07,0.0002879833518879
2021-03-07,2021-03-08,-3.67114827172065e-05
2021-03-08,2021-03-09,7.793473827286282e-05
2021-03-09,2021-03-10,2.901746763974157e-05
2021-03-10,2021-03-11,7.539570973928234e-05
2021-03-11,2021-03-12,7.748996585382844e-05
2021-03-12,2021-03-13,0.0001092184819312
2021-03-13,2021-03-14,5.8405098090895934e-05
2021-03-14,2021-03-15,9.231414231883206e-05
2021-03-15,2021-03-16,0.0001203036848992
2021-03-16,2021-03-17,0.0001711905994045
2021-03-17,2021-03-18,8.827706391602525e-05
2021-03-18,2021-03-19,0.00011244687059367388
2021-03-19,2021-03-20,0.00011501459261068831
2021-03-20,2021-03-21,0.00011501459261068831
2021-03-21,2021-03-22,0.0002522826750991
2021-03-22,2021-03-23,6.040138069995957e-05
2021-03-23,2021-03-24,0.000157566907336
2021-03-24,2021-03-25,0.0001339850719408037
2021-03-25,2021-03-26,0.00014056797912483126
2021-03-26,2021-03-27,0.00014454050242930942
2021-03-27,2021-03-28,0.00014395932573702688
2021-03-28,2021-03-29,0.00011611055502395801
2021-03-29,2021-03-30,0.0001478314991851352
2021-03-30,2021-03-31,9.512278511182222e-05
2021-03-31,2021-04-01,9.476370150685085e-05
2021-04-01,2021-04-02,8.535195523800697e-05
2021-04-02,2021-04-03,0.00015822388055044363
2021-04-03,2021-04-04,7.715970199000654e-05
2021-04-04,2021-04-05,0.0001144381005177
2021-04-05,2021-04-06,0.0001470178284886
2021-04-06,2021-04-07,0.0002202351622677
2021-04-07,2021-04-08,8.991131510973491e-05
2021-04-08,2021-04-09,0.00016571081145268316
2021-04-09,2021-04-10,0.00014405841221922343
2021-04-10,2021-04-11,6.758892359135745e-05
2021-04-11,2021-04-12,0.00013817614386323372
2021-04-12,2021-04-13,0.0001472687277945
2021-04-13,2021-04-14,0.00013009814791672605
2021-04-14,2021-04-15,0.00013590621185145658
2021-04-15,2021-04-16,0.00013393705771649807
2021-04-16,2021-04-17,7.886095568910807e-05
2021-04-17,2021-04-18,-1.579830613998685e-05
2021-04-18,2021-04-19,0.00011818232957158462
2021-04-19,2021-04-20,0.00011818232957158462
2021-04-20,2021-04-21,0.00010016007093045002
2021-04-21,2021-04-22,0.00010016007093045002
2021-04-22,2021-04-23,0.00010061800600487075
2021-04-23,2021-04-24,7.977429237507787e-05
2021-04-24,2021-04-25,4.26910503891764e-05
2021-04-25,2021-04-26,9.53770683702704e-05
2021-04-26,2021-04-27,9.71988050082968e-05
2021-04-27,2021-04-28,0.0001621152317577
2021-04-28,2021-04-29,8.536603600165372e-05
2021-04-29,2021-04-30,8.197535850759129e-05
2021-04-30,2021-05-01,8.098336393232334e-05
2021-05-01,2021-05-02,8.098336393232334e-05
2021-05-02,2021-05-03,8.098336393232334e-05
2021-05-03,2021-05-04,0.0001042326545431
2021-05-04,2021-05-05,0.0001141248173328
2021-05-05,2021-05-06,8.142084149357865e-05
2021-05-06,2021-05-07,0.0001213392556476
2021-05-07,2021-05-08,9.339912859190496e-05
2021-05-08,2021-05-09,8.661051161881341e-05
2021-05-09,2021-05-10,0.0001158354593824
2021-05-10,2021-05-11,0.00010209754733571256
2021-05-11,2021-05-12,0.00010209754733571256
2021-05-12,2021-05-13,0.00010209754733571256
2021-05-13,2021-05-14,0.00010209754733571256
2021-05-14,2021-05-15,8.774188287425133e-05
2021-05-15,2021-05-16,0.00010066198088956642
2021-05-16,2021-05-17,7.980255032174745e-05
2021-05-17,2021-05-18,9.644255232280054e-05
2021-05-18,2021-05-19,0.0001015199071131
2021-05-19,2021-05-20,-3.3098859100830785e-05
2021-05-20,2021-05-21,8.788230773004793e-05
2021-05-21,2021-05-22,8.813393490288734e-05
2021-05-22,2021-05-23,-2.088173853520141e-05
2021-05-23,2021-05-24,7.822341913578836e-05
2021-05-24,2021-05-25,7.822341913578836e-05
2021-05-25,2021-05-26,7.822341913578836e-05
2021-05-26,2021-05-27,-3.205932819511284e-05
2021-05-27,2021-05-28,6.100408104226593e-05
2021-05-28,2021-05-29,4.995612057224007e-05
2021-05-29,2021-05-30,-2.46833238919395e-05
2021-05-30,2021-05-31,5.851434639869688e-05
2021-05-31,2021-06-01,0.0001787415522009
2021-06-01,2021-06-02,9.685550438995948e-05
2021-06-02,2021-06-03,5.323759720588427e-05
2021-06-03,2021-06-04,0.0001564237617247
2021-06-04,2021-06-05,6.11749944765624e-05
2021-06-05,2021-06-06,6.11749944765624e-05
2021-06-06,2021-06-07,0.000123704629187
2021-06-07,2021-06-08,6.394135957754306e-05
2021-06-08,2021-06-09,6.26195936821927e-05
2021-06-09,2021-06-10,5.954477926031927e-05
2021-06-10,2021-06-11,8.201089268656899e-05
2021-06-11,2021-06-12,6.654274998507318e-05
2021-06-12,2021-06-13,3.6721001497602704e-05
2021-06-13,2021-06-14,6.43205140017073e-05
2021-06-14,2021-06-15,9.069684822449844e-06
2021-06-15,2021-06-16,0.000105527040211
2021-06-16,2021-06-17,0.0001129013989837
2021-06-17,2021-06-18,-2.7075909325492435e-05
2021-06-18,2021-06-19,6.582826121555318e-05
2021-06-19,2021-06-20,8.047208057643684e-05
2021-06-20,2021-06-21,7.728745012599005e-05
2021-06-21,2021-06-22,0.0001139107368457
2021-06-22,2021-06-23,8.526138900847612e-05
2021-06-23,2021-06-24,7.858423449473157e-05
2021-06-24,2021-06-25,-8.456496779035764e-07
2021-06-25,2021-06-26,3.848707488527653e-05
2021-06-26,2021-06-27,6.318153157278251e-05
2021-06-27,2021-06-28,6.468953809514866e-05
2021-06-28,2021-06-29,-1.1399465453476348e-05
2021-06-29,2021-06-30,3.380619203257197e-06
2021-06-30,2021-07-01,4.7814302997090105e-05
2021-07-01,2021-07-02,6.823894888371919e-05
2021-07-02,2021-07-03,-1.9926186731069902e-05
2021-07-03,2021-07-04,0.0001609016363862
2021-07-04,2021-07-05,6.779317282392435e-05
2021-07-05,2021-07-06,-7.744679386709862e-05
2021-07-06,2021-07-07,4.961645514196412e-05
2021-07-07,2021-07-08,5.164379365793984e-05
2021-07-08,2021-07-09,2.6896117295350764e-05
2021-07-09,2021-07-10,2.1520787189828937e-05
2021-07-10,2021-07-11,2.476056695751703e-05
2021-07-11,2021-07-12,2.182716022480016e-05
2021-07-12,2021-07-13,1.7316012505443494e-05
2021-07-13,2021-07-14,0.0001128433957137
2021-07-14,2021-07-15,1.2229447609397946e-05
2021-07-15,2021-07-16,1.2229447609397946e-05
2021-07-16,2021-07-17,1.2229447609397946e-05
2021-07-17,2021-07-18,1.341809281733445e-05
2021-07-18,2021-07-19,0.0001564170084476
2021-07-19,2021-07-20,2.4138995868454763e-05
2021-07-20,2021-07-21,0.000158986544886
2021-07-21,2021-07-22,0.0002578159022059
2021-07-22,2021-07-23,8.302268741554805e-05
2021-07-23,2021-07-24,3.661287708691795e-05
2021-07-24,2021-07-25,3.661287708691795e-05
2021-07-25,2021-07-26,4.2894995288916604e-05
2021-07-26,2021-07-27,2.8144165151756173e-05
2021-07-27,2021-07-28,-5.36039207876988e-05
2021-07-28,2021-07-29,8.345072912304002e-05
2021-07-29,2021-07-30,0.0002034271332976
2021-07-30,2021-07-31,-1.5025216263912378e-05
2021-07-31,2021-08-01,-1.6984848532008114e-05
2021-08-01,2021-08-02,9.430450249771984e-05
2021-08-02,2021-08-03,9.678671981849896e-05
2021-08-03,2021-08-04,4.647383922777848e-05
2021-08-04,2021-08-05,9.259397976927225e-05
2021-08-05,2021-08-06,9.075312377432428e-05
2021-08-06,2021-08-07,9.075312377432428e-05
2021-08-07,2021-08-08,9.075312377432428e-05
2021-08-08,2021-08-09,9.075312377432428e-05
2021-08-09,2021-08-10,9.075312377432428e-05
2021-08-10,2021-08-11,8.41867353069967e-05
2021-08-11,2021-08-12,8.41867353069967e-05
2021-08-12,2021-08-13,7.587564535377412e-05
2021-08-13,2021-08-14,5.313311324725838e-05
2021-08-14,2021-08-15,-7.127528630831339e-05
2021-08-15,2021-08-16,3.38458665317757e-05
2021-08-16,2021-08-17,3.38458665317757e-05
2021-08-17,2021-08-18,3.38458665317757e-05
2021-08-18,2021-08-19,-2.652712115106085e-05
2021-08-19,2021-08-20,9.913791600604868e-05
2021-08-20,2021-08-21,2.476100918879441e-05
2021-08-21,2021-08-22,2.627878078705039e-06
2021-08-22,2021-08-23,1.9064736125958006e-05
2021-08-23,2021-08-24,-7.076495342717847e-06
2021-08-24,2021-08-25,1.5171761178173976e-05
2021-08-25,2021-08-26,1.0411687609676059e-05
2021-08-26,2021-08-27,1.536567329322569e-05
2021-08-27,2021-08-28,6.52316686785696e-06
2021-08-28,2021-08-29,6.52316686785696e-06
2021-08-29,2021-08-30,6.52316686785696e-06
2021-08-30,2021-08-31,6.52316686785696e-06
2021-08-31,2021-09-01,6.52316686785696e-06
2021-09-01,2021-09-02,6.52316686785696e-06
2021-09-02,2021-09-03,6.52316686785696e-06
2021-09-03,2021-09-04,6.52316686785696e-06
2021-09-04,2021-09-05,0.0001573414590655
2021-09-05,2021-09-06,2.3280754889817296e-05
2021-09-06,2021-09-07,8.092664215041599e-05
2021-09-07,2021-09-08,4.3363780388583146e-05
2021-09-08,2021-09-09,1.5260417308962623e-05
2021-09-09,2021-09-10,8.048215618174116e-06
2021-09-10,2021-09-11,4.135711426671507e-05
2021-09-11,2021-09-12,3.557903409278171e-05
2021-09-12,2021-09-13,5.537832237531791e-05
2021-09-13,2021-09-14,4.264219733729284e-05
2021-09-14,2021-09-15,6.965765381084673e-05
2021-09-15,2021-09-16,-1.1263702040851787e-07
2021-09-16,2021-09-17,4.9469947443401955e-05
2021-09-17,2021-09-18,4.9469947443401955e-05
2021-09-18,2021-09-19,4.9402793559452415e-05
2021-09-19,2021-09-20,0.0001334556559541
2021-09-20,2021-09-21,4.062092272234077e-05
2021-09-21,2021-09-22,8.863258701642221e-05
2021-09-22,2021-09-23,-2.642892452060691e-06
2021-09-23,2021-09-24,0.0001603220398462
2021-09-24,2021-09-25,8.712596958267567e-05
2021-09-25,2021-09-26,7.192952235135094e-05
2021-09-26,2021-09-27,8.604050906615246e-05
2021-09-27,2021-09-28,0.0001014033731673
2021-09-28,2021-09-29,8.204493150199533e-05
2021-09-29,2021-09-30,4.531076947598853e-05
2021-09-30,2021-10-01,8.228072215114801e-05
2021-10-01,2021-10-02,8.786574755466346e-05
2021-10-02,2021-10-03,9.512188682161702e-05
2021-10-03,2021-10-04,9.512188682161702e-05
2021-10-04,2021-10-05,9.512188682161702e-05
2021-10-05,2021-10-06,9.909624326624694e-05
2021-10-06,2021-10-07,8.323213525538964e-05
2021-10-07,2021-10-08,0.00010045369141070122
2021-10-08,2021-10-09,0.00011162772790304674
2021-10-09,2021-10-10,7.480423587931594e-05
2021-10-10,2021-10-11,3.759869158207239e-05
2021-10-11,2021-10-12,0.0002904930417395
2021-10-12,2021-10-13,0.00012246870708147565
2021-10-13,2021-10-14,4.669760119465528e-05
2021-10-14,2021-10-15,9.09148518039712e-05
2021-10-15,2021-10-16,0.0001102070148058
2021-10-16,2021-10-17,9.82065782579854e-06
2021-10-17,2021-10-18,8.714970432771712e-05
2021-10-18,2021-10-19,1.1802676469897535e-05
2021-10-19,2021-10-20,3.187880708985268e-05
2021-10-20,2021-10-21,-8.416679327042497e-05
2021-10-21,2021-10-22,-3.73704091296612e-05
2021-10-22,2021-10-23,0.0002415061615731
2021-10-23,2021-10-24,8.61594237618718e-05
2021-10-24,2021-10-25,1.963617268921559e-05
2021-10-25,2021-10-26,0.0001740204322283
2021-10-26,2021-10-27,7.308798997964554e-05
2021-10-27,2021-10-28,7.308798997964554e-05
2021-10-28,2021-10-29,7.308798997964554e-05
2021-10-29,2021-10-30,7.236340817423525e-05
2021-10-30,2021-10-31,7.236340817423525e-05
2021-10-31,2021-11-01,-2.281988728321003e-05
2021-11-01,2021-11-02,6.539025651976911e-05
2021-11-02,2021-11-03,0.0001415070817128
2021-11-03,2021-11-04,5.606761074369194e-05
2021-11-04,2021-11-05,5.606761074369194e-05
2021-11-05,2021-11-06,5.6848444872778334e-05
2021-11-06,2021-11-07,0.0001740413022649
2021-11-07,2021-11-08,6.216796882770333e-05
2021-11-08,2021-11-09,6.692681528242194e-05
2021-11-09,2021-11-10,5.85595331627883e-05
2021-11-10,2021-11-11,7.117743861813929e-05
2021-11-11,2021-11-12,5.952602120750927e-05
2021-11-12,2021-11-13,8.947658321876137e-05
2021-11-13,2021-11-14,-4.0893907573713946e-05
2021-11-14,2021-11-15,7.219290801894011e-05
2021-11-15,2021-11-16,7.044709355107364e-05
2021-11-16,2021-11-17,9.688131562383517e-06
2021-11-17,2021-11-18,5.422975357906529e-05
2021-11-18,2021-11-19,8.308046554451422e-05
2021-11-19,2021-11-20,5.783609257474641e-05
2021-11-20,2021-11-21,1.871255270415171e-05
2021-11-21,2021-11-22,8.876347399677087e-05
2021-11-22,2021-11-23,7.064022029987355e-05
2021-11-23,2021-11-24,6.636248748819774e-05
2021-11-24,2021-11-25,6.636248748819774e-05
2021-11-25,2021-11-26,5.8013088129908605e-05
2021-11-26,2021-11-27,5.8013088129908605e-05
2021-11-27,2021-11-28,5.8013088129908605e-05
2021-11-28,2021-11-29,1.3165239029513236e-05
2021-11-29,2021-11-30,4.01379699926434e-05
2021-11-30,2021-12-01,4.01379699926434e-05
2021-12-01,2021-12-02,4.01379699926434e-05
2021-12-02,2021-12-03,3.774400317311452e-05
2021-12-03,2021-12-04,3.78251333271241e-05
2021-12-04,2021-12-05,3.511252234207595e-05
2021-12-05,2021-12-06,3.511252234207595e-05
2021-12-06,2021-12-07,4.597058375861736e-05
2021-12-07,2021-12-08,4.597058375861736e-05
2021-12-08,2021-12-09,2.5122583003680896e-05
2021-12-09,2021-12-10,0.000190726823876
2021-12-10,2021-12-11,6.599442020345237e-05
2021-12-11,2021-12-12,1.9548721196566957e-05
2021-12-12,2021-12-13,5.805295215995896e-05
2021-12-13,2021-12-14,6.367300922507428e-05
2021-12-14,2021-12-15,0.0001465155258749
2021-12-15,2021-12-16,7.21371493589626e-05
2021-12-16,2021-12-17,7.21371493589626e-05
2021-12-17,2021-12-18,5.723918619801605e-05
2021-12-18,2021-12-19,0.00011630066642195364
2021-12-19,2021-12-20,0.00011630066642195364
2021-12-20,2021-12-21,1.6750675888485124e-05
2021-12-21,2021-12-22,0.00011681287168752107
2021-12-22,2021-12-23,0.00011681287168752107
2021-12-23,2021-12-24,0.0001807723536562
2021-12-24,2021-12-25,0.0001766339145524
2021-12-25,2021-12-26,0.000231613737055
2021-12-26,2021-12-27,9.942199430847748e-05
2021-12-27,2021-12-28,0.0001426657824011
2021-12-28,2021-12-29,-1.880696551306705e-05
2021-12-29,2021-12-30,0.0001511794631573
2021-12-30,2021-12-31,0.0001395050570643
2021-12-31,2022-01-01,0.00014290837325519712
2022-01-01,2022-01-02,7.740038330940539e-06
2022-01-02,2022-01-03,8.811097408314434e-05
2022-01-03,2022-01-04,8.311941406538581e-05
2022-01-04,2022-01-05,0.00013046455240889044
2022-01-05,2022-01-06,0.00013046455240889044
2022-01-06,2022-01-07,0.0001292298621422743
2022-01-07,2022-01-08,2.790073557066796e-07
2022-01-08,2022-01-09,6.333697018267769e-05
2022-01-09,2022-01-10,9.730874404200361e-05
2022-01-10,2022-01-11,9.730874404200361e-05
2022-01-11,2022-01-12,9.730874404200361e-05
2022-01-12,2022-01-13,0.00010350551851535117
2022-01-13,2022-01-14,0.00010350551851535117
2022-01-14,2022-01-15,0.00010350551851535117
2022-01-15,2022-01-16,0.0002306828193908
2022-01-16,2022-01-17,0.0001015706909901471
2022-01-17,2022-01-18,0.00010110524425928314
2022-01-18,2022-01-19,0.0001022654549618
2022-01-19,2022-01-20,6.215176750787162e-05
2022-01-20,2022-01-21,0.000103025686975
2022-01-21,2022-01-22,0.0001378500427185
2022-01-22,2022-01-23,0.000212591230603
2022-01-23,2022-01-24,0.0001625500736445
2022-01-24,2022-01-25,9.273353486255586e-05
2022-01-25,2022-01-26,5.19385684605795e-05
2022-01-26,2022-01-27,5.829365579638542e-05
2022-01-27,2022-01-28,8.718824723604992e-05
2022-01-28,2022-01-29,-6.255603228577604e-06
2022-01-29,2022-01-30,0.0001456813643826
2022-01-30,2022-01-31,4.557810399882608e-05
2022-01-31,2022-02-01,9.003821726758444e-05
2022-02-01,2022-02-02,0.0002100428748608
2022-02-02,2022-02-03,8.535663046846281e-05
2022-02-03,2022-02-04,7.504399569051451e-05
2022-02-04,2022-02-05,0.0001243156057112
2022-02-05,2022-02-06,0.0001409045637134
2022-02-06,2022-02-07,0.00011016892981009522
2022-02-07,2022-02-08,0.0001354249740013877
2022-02-08,2022-02-09,0.0001354249740013877
2022-02-09,2022-02-10,0.0001739850720532
2022-02-10,2022-02-11,0.0001586054353504619
2022-02-11,2022-02-12,0.0001586054353504619
2022-02-12,2022-02-13,0.00016231075190882604
2022-02-13,2022-02-14,0.00016405794542242075
2022-02-14,2022-02-15,0.00016032461579314542
2022-02-15,2022-02-16,0.0001601391609721992
2022-02-16,2022-02-17,0.00011985736139101504
2022-02-17,2022-02-18,8.429738958059463e-05
2022-02-18,2022-02-19,0.00021495542049042665
2022-02-19,2022-02-20,0.00021495542049042665
2022-02-20,2022-02-21,9.995633810949394e-05
2022-02-21,2022-02-22,0.0001446917570845
2022-02-22,2022-02-23,0.00023991902508420598
2022-02-23,2022-02-24,7.502566763197762e-05
2022-02-24,2022-02-25,4.121762150430474e-05
2022-02-25,2022-02-26,-4.061309683184984e-05
2022-02-26,2022-02-27,0.0001465728090484
2022-02-27,2022-02-28,0.0001690167775012
2022-02-28,2022-03-01,0.00021769685312144737
2022-03-01,2022-03-02,0.00015778802845769208
2022-03-02,2022-03-03,0.00015778802845769208
2022-03-03,2022-03-04,0.00015778802845769208
2022-03-04,2022-03-05,0.0001559883569470801
2022-03-05,2022-03-06,0.0001550235877502
2022-03-06,2022-03-07,7.939725969777095e-05
2022-03-07,2022-03-08,4.484367723489845e-05
2022-03-08,2022-03-09,0.00014026331143388252
2022-03-09,2022-03-10,0.0002425035870062
2022-03-10,2022-03-11,7.82852669275768e-05
2022-03-11,2022-03-12,0.00010155528017271286
2022-03-12,2022-03-13,0.00010299343772205604
2022-03-13,2022-03-14,0.00010299343772205604
2022-03-14,2022-03-15,0.0002195918072273
2022-03-15,2022-03-16,0.0001129630601485399
2022-03-16,2022-03-17,0.0001100786331543617
2022-03-17,2022-03-18,0.0001100786331543617
2022-03-18,2022-03-19,5.612896584387904e-05
2022-03-19,2022-03-20,1.5655712036429945e-05
2022-03-20,2022-03-21,6.400122580082124e-05
2022-03-21,2022-03-22,9.910284292589868e-05
2022-03-22,2022-03-23,7.884883331084272e-05
2022-03-23,2022-03-24,0.00010303479688743797
2022-03-24,2022-03-25,3.95511642786841e-05
2022-03-25,2022-03-26,9.774449417004183e-05
2022-03-26,2022-03-27,9.774449417004183e-05
2022-03-27,2022-03-28,8.773774640937154e-05
2022-03-28,2022-03-29,8.462912963476917e-05
2022-03-29,2022-03-30,-7.171403386199247e-05
2022-03-30,2022-03-31,8.286018729498173e-05
2022-03-31,2022-04-01,0.00017264451877
2022-04-01,2022-04-02,7.703859827529839e-05
2022-04-02,2022-04-03,7.692526476145489e-05
2022-04-03,2022-04-04,5.7599076868455925e-05
2022-04-04,2022-04-05,0.0001606878004399
2022-04-05,2022-04-06,3.3781982985327204e-05
2022-04-06,2022-04-07,6.758884349556822e-05
2022-04-07,2022-04-08,6.758884349556822e-05
2022-04-08,2022-04-09,6.758884349556822e-05
2022-04-09,2022-04-10,6.758884349556822e-05
2022-04-10,2022-04-11,6.854383329987566e-05
2022-04-11,2022-04-12,0.0001070883098265
2022-04-12,2022-04-13,7.726885196252335e-05
2022-04-13,2022-04-14,7.50854528661858e-05
2022-04-14,2022-04-15,2.0413560925639723e-05
2022-04-15,2022-04-16,8.630860739140177e-05
2022-04-16,2022-04-17,-2.230671451419638e-05
2022-04-17,2022-04-18,6.516999862501604e-05
2022-04-18,2022-04-19,6.516999862501604e-05
2022-04-19,2022-04-20,4.074896055243247e-05
2022-04-20,2022-04-21,5.8525206938346815e-05
2022-04-21,2022-04-22,7.299623369394007e-05
2022-04-22,2022-04-23,7.299623369394007e-05
2022-04-23,2022-04-24,-1.3009315422438582e-05
2022-04-24,2022-04-25,5.2368029894780225e-05
2022-04-25,2022-04-26,5.2368029894780225e-05
2022-04-26,2022-04-27,5.1714149023070766e-05
2022-04-27,2022-04-28,9.68696398696124e-05
2022-04-28,2022-04-29,4.5159006946993036e-05
2022-04-29,2022-04-30,0.000228682853507
2022-04-30,2022-05-01,0.0001083050453417
2022-05-01,2022-05-02,7.256677194196125e-05
2022-05-02,2022-05-03,0.0001902764028714
2022-05-03,2022-05-04,8.433773503490512e-05
2022-05-04,2022-05-05,8.18098933913946e-05
2022-05-05,2022-05-06,0.000115566864403
2022-05-06,2022-05-07,0.0001837968925625
2022-05-07,2022-05-08,0.0001131050768138
2022-05-08,2022-05-09,0.00010420357059848099
2022-05-09,2022-05-10,0.0001376116840451
2022-05-10,2022-05-11,0.00012019541045441064
2022-05-11,2022-05-12,0.0002068569193795
2022-05-12,2022-05-13,0.00013680620633711737
2022-05-13,2022-05-14,0.00013680620633711737
2022-05-14,2022-05-15,0.00013680620633711737
2022-05-15,2022-05-16,1.950230047781513e-05
2022-05-16,2022-05-17,0.00014005736792714276
2022-05-17,2022-05-18,0.00014005736792714276
2022-05-18,2022-05-19,0.00014005736792714276
2022-05-19,2022-05-20,0.00014005736792714276
2022-05-20,2022-05-21,-3.335551718016387e-05
2022-05-21,2022-05-22,-7.020741959235938e-05
2022-05-22,2022-05-23,5.1411143970532645e-05
2022-05-23,2022-05-24,0.00010674208272237274
2022-05-24,2022-05-25,6.945371531536586e-05
2022-05-25,2022-05-26,4.91434836189306e-05
2022-05-26,2022-05-27,5.662344992877773e-05
2022-05-27,2022-05-28,-8.4192331214536e-05
2022-05-28,2022-05-29,0.0001686171751569
2022-05-29,2022-05-30,3.7083548744856274e-05
2022-05-30,2022-05-31,2.9481395937961905e-05
2022-05-31,2022-06-01,2.9481395937961905e-05
2022-06-01,2022-06-02,-9.464257435902104e-06
2022-06-02,2022-06-03,1.4773801789861693e-05
2022-06-03,2022-06-04,0.0001207036476987
2022-06-04,2022-06-05,1.4503429955455684e-05
2022-06-05,2022-06-06,7.789365335364425e-05
2022-06-06,2022-06-07,1.2831819127243071e-05
2022-06-07,2022-06-08,0.0001824894985919
2022-06-08,2022-06-09,9.900890710946562e-05
2022-06-09,2022-06-10,3.199830267311287e-05
2022-06-10,2022-06-11,0.0001269451468397
2022-06-11,2022-06-12,3.8780220113583384e-05
2022-06-12,2022-06-13,0.0002555792194972
2022-06-13,2022-06-14,3.4014351501032704e-05
2022-06-14,2022-06-15,9.853320736171024e-05
2022-06-15,2022-06-16,8.721347169493853e-05
2022-06-16,2022-06-17,8.721347169493853e-05
2022-06-17,2022-06-18,9.038597070127252e-05
2022-06-18,2022-06-19,7.05725510757713e-05
2022-06-19,2022-06-20,0.0001032830442254648
2022-06-20,2022-06-21,0.0001710036734569
2022-06-21,2022-06-22,0.00010348191908379814
2022-06-22,2022-06-23,9.079122506770611e-06
2022-06-23,2022-06-24,4.867159904106869e-05
2022-06-24,2022-06-25,0.00010069215446071686
2022-06-25,2022-06-26,0.00010069215446071686
2022-06-26,2022-06-27,-1.2720894917538773e-05
2022-06-27,2022-06-28,7.738115287762488e-05
2022-06-28,2022-06-29,2.724056207423861e-05
2022-06-29,2022-06-30,6.044227804740366e-07
2022-06-30,2022-07-01,0.0001336767789283
2022-07-01,2022-07-02,-5.428728176268435e-06
2022-07-02,2022-07-03,7.393944034621313e-05
2022-07-03,2022-07-04,6.98620783082526e-05
2022-07-04,2022-07-05,6.98620783082526e-05
2022-07-05,2022-07-06,5.6872733782000846e-05
2022-07-06,2022-07-07,0.0001040935371215
2022-07-07,2022-07-08,2.5241141906594952e-05
2022-07-08,2022-07-09,6.58368636986783e-05
2022-07-09,2022-07-10,5.515175115400821e-05
2022-07-10,2022-07-11,2.876432586282974e-05
2022-07-11,2022-07-12,5.2165449353083815e-05
2022-07-12,2022-07-13,-1.4444393071076972e-05
2022-07-13,2022-07-14,4.464121940750927e-05
2022-07-14,2022-07-15,6.064839515640578e-05
2022-07-15,2022-07-16,6.606611124691266e-05
2022-07-16,2022-07-17,0.0001810887650476
2022-07-17,2022-07-18,5.247262460786155e-05
2022-07-18,2022-07-19,5.247262460786155e-05
2022-07-19,2022-07-20,5.681885924288824e-05
2022-07-20,2022-07-21,2.1621476091067244e-05
2022-07-21,2022-07-22,5.494876069875195e-05
2022-07-22,2022-07-23,5.912909438477333e-05
2022-07-23,2022-07-24,4.809364614645015e-05
2022-07-24,2022-07-25,5.737698519970598e-05
2022-07-25,2022-07-26,0.0001817901440595
2022-07-26,2022-07-27,0.000206318043137
2022-07-27,2022-07-28,7.690228639949799e-05
2022-07-28,2022-07-29,7.844302121622854e-05
2022-07-29,2022-07-30,7.63054782241226e-05
2022-07-30,2022-07-31,0.0001411879190045
2022-07-31,2022-08-01,8.779778655351797e-05
2022-08-01,2022-08-02,8.779778655351797e-05
2022-08-02,2022-08-03,9.37011326225868e-05
2022-08-03,2022-08-04,9.37011326225868e-05
2022-08-04,2022-08-05,0.000105717302144105
2022-08-05,2022-08-06,0.00011335181248617946
2022-08-06,2022-08-07,0.00012088087210471857
2022-08-07,2022-08-08,0.00013001666558101955
2022-08-08,2022-08-09,7.957072094844082e-06
2022-08-09,2022-08-10,3.7973685899751686e-05
2022-08-10,2022-08-11,5.59682648847421e-05
2022-08-11,2022-08-12,-7.385112958028738e-06
2022-08-12,2022-08-13,0.0001606708824007
2022-08-13,2022-08-14,3.889309724698397e-05
2022-08-14,2022-08-15,0.0001148176852533
2022-08-15,2022-08-16,1.4988955463202632e-05
2022-08-16,2022-08-17,6.512847524776707e-06
2022-08-17,2022-08-18,0.0001504443960242
2022-08-18,2022-08-19,4.659334746586859e-05
2022-08-19,2022-08-20,0.000178904913604
2022-08-20,2022-08-21,5.7615212272614325e-05
2022-08-21,2022-08-22,0.0001859830888631
2022-08-22,2022-08-23,7.499559543143251e-05
2022-08-23,2022-08-24,7.499559543143251e-05
2022-08-24,2022-08-25,7.499559543143251e-05
2022-08-25,2022-08-26,7.499559543143251e-05
2022-08-26,2022-08-27,7.499559543143251e-05
2022-08-27,2022-08-28,7.499559543143251e-05
2022-08-28,2022-08-29,7.499559543143251e-05
2022-08-29,2022-08-30,3.846518811155942e-05
2022-08-30,2022-08-31,7.256023494344097e-05
2022-08-31,2022-09-01,7.717474657548361e-05
2022-09-01,2022-09-02,8.019021278130915e-05
2022-09-02,2022-09-03,9.8111664159159e-05
2022-09-03,2022-09-04,9.100010653245537e-05
2022-09-04,2022-09-05,8.466639963534223e-05
2022-09-05,2022-09-06,8.924372987417805e-05
2022-09-06,2022-09-07,8.640217927649784e-05
2022-09-07,2022-09-08,9.532883225315973e-05
2022-09-08,2022-09-09,0.00010801683007150017
2022-09-09,2022-09-10,0.00010094556907938353
2022-09-10,2022-09-11,-4.640457060297126e-06
2022-09-11,2022-09-12,0.0001555514256354
2022-09-12,2022-09-13,4.787863400445251e-05
2022-09-13,2022-09-14,0.0001113375526485
2022-09-14,2022-09-15,7.445066791646228e-05
2022-09-15,2022-09-16,5.609874243877766e-05
2022-09-16,2022-09-17,6.176912313608768e-05
2022-09-17,2022-09-18,4.38470497455961e-05
2022-09-18,2022-09-19,4.218953368453165e-05
2022-09-19,2022-09-20,6.506084565037669e-05
2022-09-20,2022-09-21,2.2274725456590603e-05
2022-09-21,2022-09-22,8.1695769544229e-05
2022-09-22,2022-09-23,5.084676060116101e-05
2022-09-23,2022-09-24,4.2014043715497776e-05
2022-09-24,2022-09-25,4.725132690656406e-05
2022-09-25,2022-09-26,6.408974121809015e-05
2022-09-26,2022-09-27,-9.383261082492095e-06
2022-09-27,2022-09-28,0.0001288428552343
2022-09-28,2022-09-29,0.000136972311445
2022-09-29,2022-09-30,5.217425992775271e-05
2022-09-30,2022-10-01,6.282278539998564e-05
2022-10-01,2022-10-02,6.282278539998564e-05
2022-10-02,2022-10-03,6.282278539998564e-05
2022-10-03,2022-10-04,6.67912114270611e-05
2022-10-04,2022-10-05,6.124369803903991e-05
2022-10-05,2022-10-06,6.21347023080124e-05
2022-10-06,2022-10-07,-6.92390668412229e-05
2022-10-07,2022-10-08,5.0096261008697555e-05
2022-10-08,2022-10-09,3.589134697514253e-05
2022-10-09,2022-10-10,0.0001207530373001
2022-10-10,2022-10-11,5.3312384577517456e-05
2022-10-11,2022-10-12,5.416798849236251e-05
2022-10-12,2022-10-13,5.416798849236251e-05
2022-10-13,2022-10-14,5.682576041201018e-05
2022-10-14,2022-10-15,5.456485049089938e-05
2022-10-15,2022-10-16,5.493665947987321e-05
2022-10-16,2022-10-17,5.637250567591493e-05
2022-10-17,2022-10-18,5.751265302208378e-05
2022-10-18,2022-10-19,5.6573068994082876e-05
2022-10-19,2022-10-20,3.508329540104517e-05
2022-10-20,2022-10-21,5.193919736796957e-05
2022-10-21,2022-10-22,3.493257455256348e-05
2022-10-22,2022-10-23,3.0622153208766175e-05
2022-10-23,2022-10-24,3.0622153208766175e-05
2022-10-24,2022-10-25,3.0622153208766175e-05
2022-10-25,2022-10-26,3.0622153208766175e-05
2022-10-26,2022-10-27,3.0622153208766175e-05
2022-10-27,2022-10-28,0.0001210621465318
2022-10-28,2022-10-29,0.0002658054569501
2022-10-29,2022-10-30,0.00011571905663163751
2022-10-30,2022-10-31,0.00011571905663163751
2022-10-31,2022-11-01,0.00013567598404576125
2022-11-01,2022-11-02,0.00014065029962764833
2022-11-02,2022-11-03,8.026747495163149e-05
2022-11-03,2022-11-04,0.00012555459345864415
2022-11-04,2022-11-05,0.00012555459345864415
2022-11-05,2022-11-06,0.00012555459345864415
2022-11-06,2022-11-07,8.418290801288693e-05
2022-11-07,2022-11-08,0.0001933736594963153
2022-11-08,2022-11-09,0.0001933736594963153
2022-11-09,2022-11-10,0.0001933736594963153
2022-11-10,2022-11-11,0.0001933736594963153
2022-11-11,2022-11-12,0.0002011347231285
2022-11-12,2022-11-13,0.00022658394504180627
2022-11-13,2022-11-14,0.00022658394504180627
2022-11-14,2022-11-15,2.6058102158502537e-05
2022-11-15,2022-11-16,0.0001931629712279223
2022-11-16,2022-11-17,0.0001931629712279223
2022-11-17,2022-11-18,0.0001220587221909
2022-11-18,2022-11-19,0.0001212596920144
2022-11-19,2022-11-20,0.00018303344214871912
2022-11-20,2022-11-21,0.0001682282632173
2022-11-21,2022-11-22,0.0001377111045833
2022-11-22,2022-11-23,7.871344075470074e-05
2022-11-23,2022-11-24,6.0761262078494e-05
2022-11-24,2022-11-25,7.072246778968517e-05
2022-11-25,2022-11-26,0.0001927633460105
2022-11-26,2022-11-27,0.00014946009523393477
2022-11-27,2022-11-28,0.00014946009523393477
2022-11-28,2022-11-29,0.00014946009523393477
2022-11-29,2022-11-30,0.00011794111239262825
2022-11-30,2022-12-01,0.0001364157957485
2022-12-01,2022-12-02,0.0001202947494789
2022-12-02,2022-12-03,0.00011967680576280687
2022-12-03,2022-12-04,0.00011967680576280687
2022-12-04,2022-12-05,0.0001044564835691
2022-12-05,2022-12-06,4.845764671216594e-05
2022-12-06,2022-12-07,0.00010676162125434216
2022-12-07,2022-12-08,0.00011348691451232881
2022-12-08,2022-12-09,0.00011348691451232881
2022-12-09,2022-12-10,0.00011348691451232881
2022-12-10,2022-12-11,0.00011270765926882233
2022-12-11,2022-12-12,9.320620975570026e-05
2022-12-12,2022-12-13,0.00011015734269984965
2022-12-13,2022-12-14,0.0001069880993197
2022-12-14,2022-12-15,0.00011311553989079515
2022-12-15,2022-12-16,5.583327128363942e-06
2022-12-16,2022-12-17,1.9021098699925372e-05
2022-12-17,2022-12-18,0.0001525903389394
2022-12-18,2022-12-19,5.7327413090315544e-05
2022-12-19,2022-12-20,5.7327413090315544e-05
2022-12-20,2022-12-21,5.7327413090315544e-05
2022-12-21,2022-12-22,5.7327413090315544e-05
2022-12-22,2022-12-23,5.7327413090315544e-05
2022-12-23,2022-12-24,8.53175657688922e-05
2022-12-24,2022-12-25,4.46534612716275e-05
2022-12-25,2022-12-26,4.46534612716275e-05
2022-12-26,2022-12-27,4.46534612716275e-05
2022-12-27,2022-12-28,0.0001380181641814
2022-12-28,2022-12-29,0.0001872226360459
2022-12-29,2022-12-30,1.505185474815644e-06
2022-12-30,2022-12-31,-3.5529062180789846e-05
2022-12-31,2023-01-01,7.194632994670327e-05
2023-01-01,2023-01-02,7.169464229737906e-05
2023-01-02,2023-01-03,9.36433217436386e-05
2023-01-03,2023-01-04,7.40771093134019e-05
2023-01-04,2023-01-05,7.40771093134019e-05
2023-01-05,2023-01-06,7.133452681287707e-05
2023-01-06,2023-01-07,4.0442834866700766e-05
2023-01-07,2023-01-08,0.0001004194043583147
2023-01-08,2023-01-09,0.00010855923492415363
2023-01-09,2023-01-10,0.00010366689003357071
2023-01-10,2023-01-11,0.00010366689003357071
2023-01-11,2023-01-12,-1.8609198427402316e-06
2023-01-12,2023-01-13,0.0001631737160943
2023-01-13,2023-01-14,0.0002155935142532
2023-01-14,2023-01-15,0.000109159026733908
2023-01-15,2023-01-16,0.00011132643227618217
2023-01-16,2023-01-17,0.00011132643227618217
2023-01-17,2023-01-18,0.00011132643227618217
2023-01-18,2023-01-19,0.00011132643227618217
2023-01-19,2023-01-20,2.1386846930892285e-05
2023-01-20,2023-01-21,-2.970450393897801e-05
2023-01-21,2023-01-22,8.895271123278026e-05
2023-01-22,2023-01-23,0.0001027840193898436
2023-01-23,2023-01-24,9.049508264607186e-05
2023-01-24,2023-01-25,7.414623659413565e-05
2023-01-25,2023-01-26,-4.121447989870412e-05
2023-01-26,2023-01-27,8.399649617308312e-05
2023-01-27,2023-01-28,6.025650969820284e-05
2023-01-28,2023-01-29,0.0001496633888216
2023-01-29,2023-01-30,9.544317238821683e-05
2023-01-30,2023-01-31,7.469723136269417e-05
2023-01-31,2023-02-01,7.469723136269417e-05
2023-02-01,2023-02-02,7.469723136269417e-05
2023-02-02,2023-02-03,7.469723136269417e-05
2023-02-03,2023-02-04,8.320369260774244e-05
2023-02-04,2023-02-05,7.320743967192274e-05
2023-02-05,2023-02-06,5.286657187459742e-05
2023-02-06,2023-02-07,5.286657187459742e-05
2023-02-07,2023-02-08,1.5640040222149375e-05
2023-02-08,2023-02-09,0.000215994187924
2023-02-09,2023-02-10,0.0001825659959775
2023-02-10,2023-02-11,7.842662272458312e-05
2023-02-11,2023-02-12,8.476437559054876e-05
2023-02-12,2023-02-13,3.431482652575244e-05
2023-02-13,2023-02-14,1.2289563167959992e-05
2023-02-14,2023-02-15,0.0002344875642797
2023-02-15,2023-02-16,9.831807555812574e-05
2023-02-16,2023-02-17,0.0001750885341174
2023-02-17,2023-02-18,0.0001081774221779
2023-02-18,2023-02-19,6.578241782784244e-05
2023-02-19,2023-02-20,-6.916265567256713e-05
2023-02-20,2023-02-21,9.732918808507761e-05
2023-02-21,2023-02-22,9.751778965476369e-05
2023-02-22,2023-02-23,6.184132146729261e-05
2023-02-23,2023-02-24,-3.496996412401181e-05
2023-02-24,2023-02-25,0.0002736071750677
2023-02-25,2023-02-26,5.6782166452617856e-05
2023-02-26,2023-02-27,2.223903120121664e-05
2023-02-27,2023-02-28,4.302654489320091e-05
2023-02-28,2023-03-01,1.771444557330602e-06
2023-03-01,2023-03-02,8.232209506252846e-05
2023-03-02,2023-03-03,8.648972349005216e-05
2023-03-03,2023-03-04,7.785609252778896e-05
2023-03-04,2023-03-05,0.0003064208130367
2023-03-05,2023-03-06,0.0001250092235546
2023-03-06,2023-03-07,0.000113142236545
2023-03-07,2023-03-08,0.0001587675523449
2023-03-08,2023-03-09,5.3497145352733686e-06
2023-03-09,2023-03-10,0.0001198655891988
2023-03-10,2023-03-11,9.016109218712915e-05
2023-03-11,2023-03-12,8.485312706648721e-05
2023-03-12,2023-03-13,8.972196602187521e-05
2023-03-13,2023-03-14,0.0002490810634519
2023-03-14,2023-03-15,0.00010611039188029301
2023-03-15,2023-03-16,0.00010611039188029301
2023-03-16,2023-03-17,0.00010611039188029301
2023-03-17,2023-03-18,-1.080891817305178e-05
2023-03-18,2023-03-19,0.0001538653834762
2023-03-19,2023-03-20,0.00010244527222118304
2023-03-20,2023-03-21,3.8173171573303865e-05
2023-03-21,2023-03-22,0.00010718352192431016
2023-03-22,2023-03-23,0.00011252993667690259
2023-03-23,2023-03-24,0.0001781179576199
2023-03-24,2023-03-25,0.00012722547943211672
2023-03-25,2023-03-26,7.698513066253081e-05
2023-03-26,2023-03-27,5.9747310367104205e-05
2023-03-27,2023-03-28,0.00010438595239833352
2023-03-28,2023-03-29,0.00010359653250777624
2023-03-29,2023-03-30,0.0001237537190187
2023-03-30,2023-03-31,0.00012714380765346963
2023-03-31,2023-04-01,0.000138215997936942
2023-04-01,2023-04-02,0.0001776886206053
2023-04-02,2023-04-03,7.874862708092882e-05
2023-04-03,2023-04-04,0.0001109676428073
2023-04-04,2023-04-05,0.00013984944271493467
2023-04-05,2023-04-06,6.202933726447077e-05
2023-04-06,2023-04-07,7.484012691389921e-05
2023-04-07,2023-04-08,0.0001427698529624
2023-04-08,2023-04-09,0.00012205368330486326
2023-04-09,2023-04-10,2.667663238722656e-05
2023-04-10,2023-04-11,0.00012249013333478186
2023-04-11,2023-04-12,0.0001374172603294
2023-04-12,2023-04-13,0.0001650285970605
2023-04-13,2023-04-14,0.0001396015174761
2023-04-14,2023-04-15,0.0001241979655405
2023-04-15,2023-04-16,1.2938095333670409e-05
2023-04-16,2023-04-17,0.00012220400249369568
2023-04-17,2023-04-18,0.0002964527594232
2023-04-18,2023-04-19,0.0001487440903902
2023-04-19,2023-04-20,0.0001811268645655
2023-04-20,2023-04-21,0.00012518635682245597
2023-04-21,2023-04-22,0.00012528186600937305
2023-04-22,2023-04-23,6.634853392887615e-05
2023-04-23,2023-04-24,0.00012159853275434198
2023-04-24,2023-04-25,0.00012029781458630083
2023-04-25,2023-04-26,0.00014839584850586952
2023-04-26,2023-04-27,0.00015106929177005304
2023-04-27,2023-04-28,0.0001525047163951
2023-04-28,2023-04-29,0.0001575318188508123
2023-04-29,2023-04-30,0.00016389271823057485
2023-04-30,2023-05-01,1.3755844067142111e-05
2023-05-01,2023-05-02,0.0001539685637001704
2023-05-02,2023-05-03,0.000294218285664
2023-05-03,2023-05-04,0.0001834360279655
2023-05-04,2023-05-05,0.00017808859607808372
2023-05-05,2023-05-06,0.00017917692932954905
2023-05-06,2023-05-07,0.00018277469404349894
2023-05-07,2023-05-08,0.00018863236689379886
2023-05-08,2023-05-09,7.827712073089403e-05
2023-05-09,2023-05-10,0.0001951662694335212
2023-05-10,2023-05-11,0.00018391221499022356
2023-05-11,2023-05-12,0.0001883082305652265
2023-05-12,2023-05-13,0.00018933413999375884
2023-05-13,2023-05-14,0.0001009699022513
2023-05-14,2023-05-15,0.00017828861027595152
2023-05-15,2023-05-16,0.00014478078923
2023-05-16,2023-05-17,0.0001922564690827
2023-05-17,2023-05-18,0.0002185844974499
2023-05-18,2023-05-19,0.0001588842691705
2023-05-19,2023-05-20,0.00015376679220070361
2023-05-20,2023-05-21,0.0002123592928169
2023-05-21,2023-05-22,0.00015975224984288362
2023-05-22,2023-05-23,9.85495884475047e-05
2023-05-23,2023-05-24,6.309908788815101e-05
2023-05-24,2023-05-25,-8.598253808476787e-06
2023-05-25,2023-05-26,0.0002296672127841
2023-05-26,2023-05-27,-0.0001179925326757
2023-05-27,2023-05-28,-5.730786804871004e-05
2023-05-28,2023-05-29,7.871604080151962e-05
2023-05-29,2023-05-30,9.944611543718447e-05
2023-05-30,2023-05-31,0.0001274159015278
2023-05-31,2023-06-01,9.880669639056384e-05
2023-06-01,2023-06-02,0.0001143740025855
2023-06-02,2023-06-03,0.00010341031849334701
2023-06-03,2023-06-04,0.00010341031849334701
2023-06-04,2023-06-05,0.00010341031849334701
2023-06-05,2023-06-06,2.195230073699613e-06
2023-06-06,2023-06-07,0.0002024301481572
2023-06-07,2023-06-08,0.00010083998641519699
2023-06-08,2023-06-09,9.474555423736346e-05
2023-06-09,2023-06-10,8.589991543646799e-05
2023-06-10,2023-06-11,0.0001063946303141
2023-06-11,2023-06-12,-2.2358521792620195e-05
2023-06-12,2023-06-13,6.53850973317594e-05
2023-06-13,2023-06-14,6.53850973317594e-05
2023-06-14,2023-06-15,-1.4683952738099934e-05
2023-06-15,2023-06-16,5.685067181314431e-05
2023-06-16,2023-06-17,9.46276806900288e-05
2023-06-17,2023-06-18,5.10514546071068e-05
2023-06-18,2023-06-19,6.64190898146347e-05
2023-06-19,2023-06-20,7.879178560096916e-05
2023-06-20,2023-06-21,7.88002016897969e-05
2023-06-21,2023-06-22,7.88002016897969e-05
2023-06-22,2023-06-23,0.0001377765334739
2023-06-23,2023-06-24,2.892870480613205e-05
2023-06-24,2023-06-25,6.389860455942337e-05
2023-06-25,2023-06-26,6.657878417152929e-05
2023-06-26,2023-06-27,6.657878417152929e-05
2023-06-27,2023-06-28,6.704852455813411e-05
2023-06-28,2023-06-29,0.0001106896824545
2023-06-29,2023-06-30,6.359132070283313e-05
2023-06-30,2023-07-01,-7.534215509575606e-05
2023-07-01,2023-07-02,4.9697973122974205e-05
2023-07-02,2023-07-03,4.9697973122974205e-05
2023-07-03,2023-07-04,0.0002021358529492
2023-07-04,2023-07-05,6.834216396194025e-05
2023-07-05,2023-07-06,6.834216396194025e-05
2023-07-06,2023-07-07,6.834216396194025e-05
2023-07-07,2023-07-08,7.872042854944527e-05
2023-07-08,2023-07-09,0.0001370563527496
2023-07-09,2023-07-10,3.616520432973071e-05
2023-07-10,2023-07-11,7.870636719831824e-05
2023-07-11,2023-07-12,5.50486241074281e-05
2023-07-12,2023-07-13,1.0087443895991318e-05
2023-07-13,2023-07-14,6.875689656498243e-05
2023-07-14,2023-07-15,7.01875224461055e-05
2023-07-15,2023-07-16,-2.673674711807168e-05
2023-07-16,2023-07-17,5.898257126865111e-05
2023-07-17,2023-07-18,-4.869497392328926e-06
2023-07-18,2023-07-19,4.788902431572596e-05
2023-07-19,2023-07-20,-2.971257075747845e-06
2023-07-20,2023-07-21,4.0866547261840186e-05
2023-07-21,2023-07-22,2.03969750011837e-05
2023-07-22,2023-07-23,-6.42010686206235e-05
2023-07-23,2023-07-24,6.6319814784385786e-06
2023-07-24,2023-07-25,3.758973803195349e-05
2023-07-25,2023-07-26,3.758973803195349e-05
2023-07-26,2023-07-27,2.4932344576780684e-05
2023-07-27,2023-07-28,1.702629377800378e-05
2023-07-28,2023-07-29,-3.655631780132558e-05
2023-07-29,2023-07-30,1.9942317433382263e-05
2023-07-30,2023-07-31,-3.866315461827765e-05
2023-07-31,2023-08-01,-7.139582778127925e-05
2023-08-01,2023-08-02,4.546878190333665e-06
2023-08-02,2023-08-03,4.757678647449002e-05
2023-08-03,2023-08-04,3.049533876822192e-05
2023-08-04,2023-08-05,0.000182768375509
2023-08-05,2023-08-06,0.0001117710800714
2023-08-06,2023-08-07,7.284778142993559e-05
2023-08-07,2023-08-08,5.9279979540697286e-05
2023-08-08,2023-08-09,5.64746947678288e-05
2023-08-09,2023-08-10,6.266203353290402e-05
2023-08-10,2023-08-11,6.438684872249725e-05
2023-08-11,2023-08-12,-1.3483024428697988e-08
2023-08-12,2023-08-13,0.0001767895106966
2023-08-13,2023-08-14,4.134073694717008e-05
2023-08-14,2023-08-15,-4.22518030303873e-05
2023-08-15,2023-08-16,2.1110987105704134e-05
2023-08-16,2023-08-17,-1.4511191694968417e-05
2023-08-17,2023-08-18,4.809858179990245e-05
2023-08-18,2023-08-19,8.757289509145106e-06
2023-08-19,2023-08-20,-2.7226003325564182e-05
2023-08-20,2023-08-21,0.0001402804698621
2023-08-21,2023-08-22,7.867157752275577e-05
2023-08-22,2023-08-23,9.272025797347728e-05
2023-08-23,2023-08-24,8.461176919038305e-05
2023-08-24,2023-08-25,0.00010967933379
2023-08-25,2023-08-26,0.000112196572322
2023-08-26,2023-08-27,6.547479087355236e-05
2023-08-27,2023-08-28,-3.89804995392192e-05
2023-08-28,2023-08-29,-4.738957201891463e-06
2023-08-29,2023-08-30,4.9016128831747895e-05
2023-08-30,2023-08-31,4.8502936296300424e-05
2023-08-31,2023-09-01,4.808337006095683e-05
2023-09-01,2023-09-02,4.727344431251532e-05
2023-09-02,2023-09-03,4.626677346486932e-05
2023-09-03,2023-09-04,4.915928949545045e-05
2023-09-04,2023-09-05,4.0650608082040476e-05
2023-09-05,2023-09-06,4.060131316310264e-05
2023-09-06,2023-09-07,4.697462979337111e-05
2023-09-07,2023-09-08,4.9129933350676684e-05
2023-09-08,2023-09-09,5.491549017300806e-05
2023-09-09,2023-09-10,5.559718101031862e-05
2023-09-10,2023-09-11,6.080161339933789e-05
2023-09-11,2023-09-12,7.180506548995066e-05
2023-09-12,2023-09-13,6.20228648653579e-05
2023-09-13,2023-09-14,5.924807942245825e-05
2023-09-14,2023-09-15,5.2553643712254436e-05
2023-09-15,2023-09-16,4.4539112342722285e-05
2023-09-16,2023-09-17,2.2825705193629717e-05
2023-09-17,2023-09-18,-2.185972837055542e-05
2023-09-18,2023-09-19,-2.185972837055542e-05
2023-09-19,2023-09-20,7.966551476995192e-05
2023-09-20,2023-09-21,7.966551476995192e-05
2023-09-21,2023-09-22,6.14523745919886e-05
2023-09-22,2023-09-23,7.055894468097019e-05
2023-09-23,2023-09-24,7.055894468097019e-05
2023-09-24,2023-09-25,7.055894468097019e-05
2023-09-25,2023-09-26,6.729614205860716e-05
2023-09-26,2023-09-27,6.947134380684919e-05
2023-09-27,2023-09-28,6.947134380684919e-05
2023-09-28,2023-09-29,6.947134380684919e-05
2023-09-29,2023-09-30,6.947134380684919e-05
2023-09-30,2023-10-01,6.947134380684919e-05
2023-10-01,2023-10-02,6.947134380684919e-05
2023-10-02,2023-10-03,6.947134380684919e-05
2023-10-03,2023-10-04,6.947134380684919e-05
2023-10-04,2023-10-05,6.947134380684919e-05
2023-10-05,2023-10-06,6.947134380684919e-05
2023-10-06,2023-10-07,6.947134380684919e-05
2023-10-07,2023-10-08,0.0002079933903549
2023-10-08,2023-10-09,0.00010410185544386189
2023-10-09,2023-10-10,0.00010410185544386189
2023-10-10,2023-10-11,0.00010410185544386189
2023-10-11,2023-10-12,0.00010410185544386189
2023-10-12,2023-10-13,0.00011224730233516522
2023-10-13,2023-10-14,0.00011224730233516522
2023-10-14,2023-10-15,0.0001376447662067535
2023-10-15,2023-10-16,0.0001376447662067535
2023-10-16,2023-10-17,4.771259924672508e-05
2023-10-17,2023-10-18,0.00010766737722007737
2023-10-18,2023-10-19,0.0001278529948008125
2023-10-19,2023-10-20,0.0001278529948008125
2023-10-20,2023-10-21,-3.600144853980223e-07
2023-10-21,2023-10-22,8.511532503874231e-05
2023-10-22,2023-10-23,8.511532503874231e-05
2023-10-23,2023-10-24,8.511532503874231e-05
2023-10-24,2023-10-25,8.511532503874231e-05
2023-10-25,2023-10-26,8.511532503874231e-05
2023-10-26,2023-10-27,-1.54619333695409e-05
2023-10-27,2023-10-28,0.0001646177020159
2023-10-28,2023-10-29,0.0001845578806959
2023-10-29,2023-10-30,9.817660407641434e-05
2023-10-30,2023-10-31,0.0001100181707097
2023-10-31,2023-11-01,4.326112640784534e-05
2023-11-01,2023-11-02,7.633507588873306e-05
2023-11-02,2023-11-03,7.633507588873306e-05
2023-11-03,2023-11-04,7.633507588873306e-05
2023-11-04,2023-11-05,7.633507588873306e-05
2023-11-05,2023-11-06,7.633507588873306e-05
2023-11-06,2023-11-07,7.633507588873306e-05
2023-11-07,2023-11-08,7.633507588873306e-05
2023-11-08,2023-11-09,0.0002117989562766
2023-11-09,2023-11-10,9.977598403585805e-05
2023-11-10,2023-11-11,-6.789071314300927e-05
2023-11-11,2023-11-12,8.247477091032861e-05
2023-11-12,2023-11-13,8.917199506296546e-05
2023-11-13,2023-11-14,8.917199506296546e-05
2023-11-14,2023-11-15,8.917199506296546e-05
2023-11-15,2023-11-16,-1.8007558609338862e-05
2023-11-16,2023-11-17,9.473118075529136e-05
2023-11-17,2023-11-18,3.46532396208114e-05
2023-11-18,2023-11-19,-3.359668048079802e-05
2023-11-19,2023-11-20,6.420003731433305e-05
2023-11-20,2023-11-21,5.9405907008403406e-05
2023-11-21,2023-11-22,5.1684839945583384e-05
2023-11-22,2023-11-23,4.520335874957043e-05
2023-11-23,2023-11-24,0.0001390543799269
2023-11-24,2023-11-25,5.5847053585020944e-05
2023-11-25,2023-11-26,9.717686430566911e-05
2023-11-26,2023-11-27,8.900176918972284e-05
2023-11-27,2023-11-28,0.0001094852073353
2023-11-28,2023-11-29,6.652394359132338e-05
2023-11-29,2023-11-30,6.652394359132338e-05
2023-11-30,2023-12-01,6.652394359132338e-05
2023-12-01,2023-12-02,5.331712425629823e-05
2023-12-02,2023-12-03,0.0002280575611766
2023-12-03,2023-12-04,8.022151283080816e-05
2023-12-04,2023-12-05,7.999618702285612e-05
2023-12-05,2023-12-06,7.999618702285612e-05
2023-12-06,2023-12-07,7.999618702285612e-05
2023-12-07,2023-12-08,0.0001833126720592
2023-12-08,2023-12-09,0.00010012821008971
2023-12-09,2023-12-10,0.0001007278800157565
2023-12-10,2023-12-11,0.00010898721006512464
2023-12-11,2023-12-12,9.172827110939618e-05
2023-12-12,2023-12-13,0.00012465282901389892
2023-12-13,2023-12-14,-1.161305319806964e-05
2023-12-14,2023-12-15,0.0001157754589880898
2023-12-15,2023-12-16,0.0001157754589880898
2023-12-16,2023-12-17,0.00011244989885397406
2023-12-17,2023-12-18,0.00011244989885397406
2023-12-18,2023-12-19,0.00011499540461202488
2023-12-19,2023-12-20,1.1028121148346528e-05
2023-12-20,2023-12-21,0.0001282711591571
2023-12-21,2023-12-22,2.168823721318748e-05
2023-12-22,2023-12-23,9.321042409510864e-05
2023-12-23,2023-12-24,5.3081248336759565e-05
2023-12-24,2023-12-25,6.343488840490688e-05
2023-12-25,2023-12-26,7.16594721727925e-05
2023-12-26,2023-12-27,5.91728579519819e-05
2023-12-27,2023-12-28,0.000227705836447
2023-12-28,2023-12-29,8.176997370932738e-05
2023-12-29,2023-12-30,8.176997370932738e-05
2023-12-30,2023-12-31,0.0001161015238442
2023-12-31,2024-01-01,7.565986932614558e-05
