YEAR,MO,DY,T2M,T2M_MAX,T2M_MIN,PRECTOTCORR,QV2M
2019,1,1,25.09,26.42,23.92,0,14.47
2019,1,2,25.07,26.55,23.65,0,13.98
2019,1,3,25.35,26.84,24.11,0,13.73
2019,1,4,25.31,26.84,23.95,0,13.79
2019,1,5,25.55,26.95,24.41,0.03,15.14
2019,1,6,25.51,27.13,24.11,0,14.47
2019,1,7,25.77,27.08,24.53,0,15.75
2019,1,8,25.62,27.3,24.1,0,15.81
2019,1,9,25.15,26.82,23.5,0,15.08
2019,1,10,25.16,26.64,23.76,0,15.14
2019,1,11,25.44,26.9,24.15,0.03,15.2
2019,1,12,25.9,27.33,24.87,0.25,15.99
2019,1,13,26.01,27.26,25.01,0.46,17.03
2019,1,14,26.18,27.46,25.25,0.05,16.66
2019,1,15,25.9,27.22,24.89,0.02,15.81
2019,1,16,25.81,27.24,24.7,0.01,15.5
2019,1,17,25.41,26.98,24.06,0,14.1
2019,1,18,25.15,26.85,23.96,0.05,13.37
2019,1,19,24.88,26.51,23.56,0.04,13.43
2019,1,20,25.11,26.88,23.76,0.04,13.85
2019,1,21,25.12,27.05,23.58,0.01,14.22
2019,1,22,25.33,27.17,23.73,0.03,15.69
2019,1,23,25.77,27.5,24.33,0.01,16.3
2019,1,24,26.22,28.15,24.69,0,16.6
2019,1,25,26.48,28.25,24.75,0.03,17.58
2019,1,26,26.89,28.78,25.56,0.04,17.21
2019,1,27,26.63,28.55,25.03,0.01,16.3
2019,1,28,26.26,28.18,24.8,0,15.56
2019,1,29,26.14,27.9,24.98,0.01,16.11
2019,1,30,26.19,27.61,25.01,0.02,16.05
2019,1,31,26.26,27.94,24.8,0.03,15.62
2019,2,1,26.26,27.85,24.99,0.11,16.11
2019,2,2,26.39,28.05,25.26,0.05,16.17
2019,2,3,26.52,28.16,25.17,0.49,16.91
2019,2,4,26.83,28.08,25.88,18.69,18.37
2019,2,5,26.85,28.33,25.87,6.06,17.58
2019,2,6,26.62,28.35,25.53,1.52,16.3
2019,2,7,26.73,28.55,25.12,0.08,16.48
2019,2,8,27.48,29.44,25.76,0.03,17.7
2019,2,9,27.66,29.52,25.98,2.44,18.07
2019,2,10,27.35,29.07,26.14,0.55,17.64
2019,2,11,27.51,29.24,26.27,0.01,17.27
2019,2,12,27.44,28.97,26.39,0.03,16.97
2019,2,13,27.29,28.79,26.23,0.02,16.36
2019,2,14,27.48,29.05,26.32,0.19,17.82
2019,2,15,27.6,29.32,26.25,0.66,17.52
2019,2,16,27.87,29.96,26.15,0.1,17.88
2019,2,17,28.01,30.05,25.94,0.2,17.82
2019,2,18,28.41,30.3,26.57,1.61,18.37
2019,2,19,28.17,30.54,26.42,1.19,18.31
2019,2,20,27.8,29.79,26.12,0.01,17.03
2019,2,21,27.83,29.6,26.47,0.02,16.24
2019,2,22,27.34,29.34,25.55,0.01,15.56
2019,2,23,26.97,29.32,25.35,0,15.38
2019,2,24,26.9,29.47,24.96,0,15.75
2019,2,25,27.03,29.76,24.51,0,16.3
2019,2,26,27.88,30.24,25.69,0.02,18.01
2019,2,27,28.37,30.4,26.3,0.04,18.01
2019,2,28,28.7,30.57,26.94,0.13,17.94
2019,3,1,28.35,30.77,26.69,0.02,18.19
2019,3,2,28.11,30.26,26.54,0.01,17.27
2019,3,3,27.96,30.15,26.46,0,17.21
2019,3,4,27.87,30.32,25.64,0,16.6
2019,3,5,28.71,31.06,25.99,0,17.46
2019,3,6,29.37,31.62,27.12,0.02,18.74
2019,3,7,29.7,32.51,27.52,0.03,18.8
2019,3,8,29.33,31.46,27.14,0.13,18.74
2019,3,9,29.01,31.24,27.15,0.97,17.94
2019,3,10,28.76,31.66,26.42,0.4,17.27
2019,3,11,28.55,31.21,26.24,0,16.66
2019,3,12,28.55,31.33,26.46,0,16.66
2019,3,13,28.24,30.66,26.31,0.13,17.03
2019,3,14,28.74,31.68,26.56,0,16.6
2019,3,15,28.26,31.05,25.89,0,17.09
2019,3,16,28.26,31.07,25.98,0.02,16.97
2019,3,17,28.58,31.06,26.51,0,17.21
2019,3,18,28.9,31.41,26.79,0.15,17.94
2019,3,19,29.34,31.97,27.28,0.05,17.46
2019,3,20,29.3,32.58,26.64,0,17.03
2019,3,21,28.98,32.09,26.29,0,17.15
2019,3,22,29.56,32.45,27.3,0.09,18.01
2019,3,23,29.84,32.76,27.39,0,18.01
2019,3,24,29.8,33.56,26.12,0.01,15.75
2019,3,25,29.67,33.23,26.75,0,16.05
2019,3,26,29.51,32.71,26.82,0,16.11
2019,3,27,29.58,33,26.68,0,15.44
2019,3,28,29.99,33.48,26.61,0,15.14
2019,3,29,30.13,33.77,26.62,0,15.32
2019,3,30,30.17,33.16,26.75,0,15.99
2019,3,31,30.42,32.8,27.84,0,17.15
2019,4,1,30.74,33.34,28.2,0,16.66
2019,4,2,30.58,33.19,28.24,0,17.09
2019,4,3,30.12,33.43,27.28,0,17.03
2019,4,4,30.26,32.93,27.6,0.01,17.64
2019,4,5,30.65,33.22,28.12,0.03,16.72
2019,4,6,30.62,33.01,28.33,0.02,17.33
2019,4,7,30.72,33.6,27.96,0,17.64
2019,4,8,31.09,33.47,28.78,0.02,18.74
2019,4,9,31.12,33.15,29.15,0.06,18.62
2019,4,10,31.25,33.63,29.26,0.04,18.49
2019,4,11,31.06,33.47,28.6,0.25,17.82
2019,4,12,31.16,33.81,28.89,0.12,17.94
2019,4,13,31.12,33.79,28.74,0.38,17.76
2019,4,14,31.24,34.23,28.2,0.03,16.97
2019,4,15,31.24,33.89,28.2,0.03,16.97
2019,4,16,31.14,32.73,29.36,0.64,17.33
2019,4,17,30.82,32.16,29.34,2.46,18.43
2019,4,18,30.83,32.61,29.15,1.23,19.78
2019,4,19,30.48,31.76,29.13,0.79,19.65
2019,4,20,30.44,32.12,29.19,2.94,19.35
2019,4,21,30.47,32.35,28.71,6.16,18.8
2019,4,22,30.86,33.27,28.8,0.92,18.86
2019,4,23,30.69,32.83,28.69,1.45,18.62
2019,4,24,30.48,32.22,28.9,3.73,18.98
2019,4,25,30.62,32.55,28.76,0.4,18.49
2019,4,26,30.78,32.57,29.09,0.81,19.23
2019,4,27,30.89,32.8,29.01,0.52,18.31
2019,4,28,30.94,32.65,28.94,2.43,19.23
2019,4,29,30.82,32.65,28.89,3.2,20.08
2019,4,30,30.95,32.72,29.19,0.46,20.63
2019,5,1,30.8,32.46,29.25,0.68,20.69
2019,5,2,30.62,31.62,29.94,0.32,21.3
2019,5,3,30.63,31.9,29.77,0.07,20.75
2019,5,4,30.48,31.88,29.37,0.04,20.39
2019,5,5,30.18,31.77,29.01,0.08,20.32
2019,5,6,29.98,32.25,28.39,0.02,19.65
2019,5,7,30.12,32.08,28.57,0.05,19.53
2019,5,8,30.31,31.91,29.4,0.07,19.04
2019,5,9,30.33,32.27,29.04,0.08,19.53
2019,5,10,30.34,32.33,28.7,0.11,20.32
2019,5,11,30.26,32.37,28.8,0.07,20.08
2019,5,12,30.37,32.51,28.58,0.1,20.2
2019,5,13,30.23,32.22,29.05,0.78,20.63
2019,5,14,30.58,32.58,29.08,0.12,20.45
2019,5,15,30.51,32.68,29.13,0.12,20.69
2019,5,16,29.98,31.27,29.02,0.19,21.12
2019,5,17,29.78,31,28.87,0.13,20.87
2019,5,18,30.24,32.23,28.78,0.08,21.12
2019,5,19,30.24,31.78,29.08,0.05,20.81
2019,5,20,30.43,31.99,28.94,0.18,20.14
2019,5,21,29.7,30.64,28.77,0.85,20.75
2019,5,22,30.13,31.45,29.04,0.07,20.57
2019,5,23,29.96,31.27,28.9,0.15,21
2019,5,24,30.09,31.73,29.19,0.16,20.63
2019,5,25,30.06,31.45,29.15,0.1,20.57
2019,5,26,29.9,31.27,28.98,0.03,20.69
2019,5,27,30.56,32.49,28.99,0.03,21.18
2019,5,28,30.69,32.36,29.14,0.05,21.61
2019,5,29,30.7,32.27,29.48,0.09,21.91
2019,5,30,30.44,32.05,29.37,0.15,21.3
2019,5,31,29.99,31.52,29.06,0.64,18.8
2019,6,1,30.11,31.83,28.95,0.26,19.71
2019,6,2,30.08,31.44,29.24,0.37,20.57
2019,6,3,30.29,32.07,29.26,1.05,20.75
2019,6,4,29.84,31.21,28.98,0.84,20.57
2019,6,5,29.71,31.05,28.9,0.58,20.39
2019,6,6,29.79,31.06,28.74,0.44,20.81
2019,6,7,29.81,30.96,28.98,0.44,20.69
2019,6,8,30.02,31.53,29.19,0.12,20.45
2019,6,9,29.88,31.6,28.89,0.39,20.69
2019,6,10,29.59,30.9,28.45,0.35,20.39
2019,6,11,29.98,31.25,29.03,0.26,20.63
2019,6,12,30.08,31.11,29,0.26,20.94
2019,6,13,30.15,31.35,29.05,2.59,20.87
2019,6,14,29.98,31.55,28.87,4.18,20.63
2019,6,15,30.09,31.62,28.91,0.11,20.81
2019,6,16,30.14,32.08,29.05,0.19,19.71
2019,6,17,29.8,30.87,29.05,0.14,21.18
2019,6,18,29.88,31,29.04,0.14,20.69
2019,6,19,30.2,31.67,28.98,0.18,20.87
2019,6,20,30.2,31.85,29.08,0.24,18.92
2019,6,21,29.68,30.65,28.88,0.1,19.04
2019,6,22,30.08,31.48,28.9,0.08,19.53
2019,6,23,29.94,31.23,28.98,0.12,19.96
2019,6,24,30.23,32.18,28.96,0.12,20.32
2019,6,25,29.85,30.74,29.08,0.73,20.75
2019,6,26,29.82,31.04,28.9,0.76,20.32
2019,6,27,29.89,31.32,28.98,0.07,20.14
2019,6,28,29.72,31.15,28.67,0.02,19.41
2019,6,29,30.05,31.8,28.81,0.02,19.23
2019,6,30,29.96,31.61,28.73,0.02,19.78
2019,7,1,29.65,31.31,28.44,0.04,20.2
2019,7,2,29.61,30.8,28.71,0.08,20.51
2019,7,3,29.62,30.98,28.69,0.07,19.96
2019,7,4,29.43,30.67,28.51,0.14,20.08
2019,7,5,29.18,30.12,28.48,0.25,20.32
2019,7,6,29.28,30.29,28.5,0.16,20.08
2019,7,7,29.33,30.95,28.33,0.04,19.84
2019,7,8,29.39,31.14,28.05,0.08,20.2
2019,7,9,29.16,30.76,28.13,0.53,19.04
2019,7,10,29.3,31.05,27.97,0.63,18.55
2019,7,11,29.84,31.45,28.52,0.44,17.4
2019,7,12,30.15,32.15,28.16,0.2,18.55
2019,7,13,29.12,30.21,28.34,0.73,19.65
2019,7,14,28.85,29.78,28.2,1.6,19.96
2019,7,15,29.41,31.05,28.15,0.95,19.29
2019,7,16,29.68,31.47,28.09,0.26,18.74
2019,7,17,29.92,31.15,28.87,0.65,19.04
2019,7,18,28.23,28.82,27.53,1.37,18.8
2019,7,19,28.5,29.05,27.9,1.02,19.23
2019,7,20,29.09,31.22,27.31,0.45,18.8
2019,7,21,29.45,31.23,28.12,2.13,18.37
2019,7,22,28.84,29.52,27.97,2.33,18.92
2019,7,23,29.43,30.65,28.3,0.11,17.88
2019,7,24,29.68,31.09,28.58,0.1,18.55
2019,7,25,29.37,30.9,28.37,5.95,19.53
2019,7,26,28.62,29.68,27.73,19.23,18.92
2019,7,27,28.75,30.47,27.46,0.73,18.86
2019,7,28,28.96,30.31,28.04,0.37,19.47
2019,7,29,28.79,30.22,27.87,0.62,19.47
2019,7,30,28.69,30.15,27.73,0.47,19.1
2019,7,31,28.55,29.87,27.73,0.33,19.47
2019,8,1,28.46,29.81,27.65,0.98,19.59
2019,8,2,28.48,29.32,27.91,0.55,19.9
2019,8,3,28.65,29.79,27.87,0.12,20.08
2019,8,4,28.72,29.73,27.84,0.27,19.71
2019,8,5,29.06,29.83,28.22,0.86,19.47
2019,8,6,29.29,30.83,28.05,0.37,19.29
2019,8,7,28.97,30.26,28.11,1.52,19.84
2019,8,8,28.72,29.9,27.49,2.34,18.86
2019,8,9,28.5,29.12,27.77,0.57,19.1
2019,8,10,28.69,30.31,27.76,2.12,18.8
2019,8,11,29.02,30.55,27.67,0.81,18.55
2019,8,12,29.35,31.34,27.55,0.67,18.49
2019,8,13,29.19,30.51,28.03,0.78,18.68
2019,8,14,29.58,31.4,27.9,1.07,19.04
2019,8,15,29.19,30.57,28.12,1.4,19.41
2019,8,16,28.91,30.4,27.48,9.58,18.62
2019,8,17,27.37,27.8,26.96,8.1,18.31
2019,8,18,28.65,30.03,27.46,7.15,18.25
2019,8,19,28.42,30.17,27.25,9.24,19.23
2019,8,20,28.83,30.7,27.62,1.21,19.29
2019,8,21,28.65,30.21,27.58,10.54,19.29
2019,8,22,28.41,30.04,26.93,4.93,18.74
2019,8,23,28.57,29.98,27.37,1.15,17.94
2019,8,24,28.58,30.26,27.42,0.55,18.01
2019,8,25,28.5,29.73,27.52,0.63,18.13
2019,8,26,28.26,29.43,27.24,0.23,18.25
2019,8,27,28.55,29.89,27.27,0.19,18.49
2019,8,28,28.87,30.53,27.59,0.24,19.1
2019,8,29,28.45,29.58,27.51,9.07,18.49
2019,8,30,28.9,30.69,27.45,0.56,17.82
2019,8,31,29.06,30.75,27.87,0.73,18.62
2019,9,1,28.55,29.63,27.75,0.74,19.59
2019,9,2,28.58,29.94,27.86,1.35,19.53
2019,9,3,28.39,29.51,27.62,1.13,19.65
2019,9,4,28.48,29.76,27.67,0.62,19.41
2019,9,5,28.65,30.3,27.72,0.61,19.53
2019,9,6,28.76,29.94,27.72,0.47,20.02
2019,9,7,29.07,30.69,27.76,0.19,19.96
2019,9,8,29.19,30.83,27.92,0.13,19.78
2019,9,9,29.43,31.75,27.3,0.76,17.58
2019,9,10,29.26,31.02,27.85,0.67,19.41
2019,9,11,28.91,30.12,27.92,2.95,19.47
2019,9,12,28.48,30.1,27.46,6.62,19.04
2019,9,13,28.14,29.3,27.24,26.04,19.04
2019,9,14,28.18,29.28,27.23,15.07,19.71
2019,9,15,28.09,29.12,27.42,9.49,19.71
2019,9,16,28.08,28.99,27.44,19.07,19.96
2019,9,17,28.23,29.62,27.26,7.19,19.1
2019,9,18,28.4,29.73,27.51,10.1,20.02
2019,9,19,28.37,29.77,27.51,3.51,19.84
2019,9,20,28.3,29.8,27.17,1.07,19.1
2019,9,21,28.52,30.08,27.15,1.55,18.98
2019,9,22,28.44,29.94,27.2,1.11,19.23
2019,9,23,28.01,29.07,27.3,8.2,19.96
2019,9,24,27.67,28.3,27.15,14.77,19.65
2019,9,25,27.94,29.31,26.96,4.55,19.47
2019,9,26,28.17,30.09,26.56,0.38,18.55
2019,9,27,28.29,29.42,27.25,0.53,18.19
2019,9,28,27.99,28.93,27.08,0.82,18.86
2019,9,29,27.65,29.06,26.46,8.46,17.46
2019,9,30,27.55,28.32,26.51,12.29,18.07
2019,10,1,27.91,28.85,26.98,1.63,18.49
2019,10,2,28.35,29.91,26.83,0.37,18.43
2019,10,3,28.81,30.63,27.05,0.68,18.68
2019,10,4,28.65,30.34,26.88,2.26,18.74
2019,10,5,28.64,30.02,27.28,3.83,18.98
2019,10,6,28.26,29.47,27.22,6.29,18.68
2019,10,7,28.44,29.85,27.21,5.01,18.62
2019,10,8,28.87,30.5,27.23,2.38,18.86
2019,10,9,29.08,30.96,27.3,4.52,19.29
2019,10,10,28.65,30.05,27.26,3.28,19.1
2019,10,11,28.08,28.8,27.12,10.2,18.55
2019,10,12,28.7,30,27.32,8.49,18.49
2019,10,13,28.74,30.28,27.29,5.81,18.92
2019,10,14,28.48,29.45,27.43,7.54,19.71
2019,10,15,28.48,29.29,27.55,22.04,19.78
2019,10,16,27.58,28.37,27.05,22.76,19.1
2019,10,17,27.18,27.76,26.83,42.07,18.31
2019,10,18,28,28.87,26.94,1.9,18.98
2019,10,19,28.01,28.79,27.34,7.41,19.41
2019,10,20,27.59,28.51,26.83,24.51,19.59
2019,10,21,27.25,28.07,26.58,34.79,19.35
2019,10,22,27.08,27.62,26.36,12.44,18.98
2019,10,23,27.96,28.99,27.27,27.58,18.98
2019,10,24,27.33,27.62,26.93,32.68,18.98
2019,10,25,27.55,28.21,27.11,5.25,18.62
2019,10,26,27.31,27.72,26.94,5.74,17.52
2019,10,27,27.6,28.22,27.02,11.57,17.58
2019,10,28,27.34,28.35,26.19,35.32,18.55
2019,10,29,27.57,28.63,26.98,27.48,19.1
2019,10,30,27.12,27.42,26.61,51.15,19.59
2019,10,31,27.19,28.22,26.14,7.03,19.1
2019,11,1,27.81,28.9,26.49,7.95,16.91
2019,11,2,27.79,28.63,26.85,8.73,18.68
2019,11,3,27.82,28.75,26.93,3.19,18.92
2019,11,4,27.95,28.62,27.17,2.44,19.17
2019,11,5,28.65,29.84,27.4,0.08,18.07
2019,11,6,28.32,29.1,27.44,0.37,18.68
2019,11,7,28.08,28.86,27.15,1.18,19.59
2019,11,8,28.15,28.8,27.41,2.28,20.08
2019,11,9,28.19,29.03,27.4,1.05,20.08
2019,11,10,27.93,28.79,26.9,1.46,19.29
2019,11,11,27.96,29.12,26.83,2.61,17.88
2019,11,12,27.58,28.51,26.59,0.86,18.49
2019,11,13,27.6,28.44,26.8,2.25,18.98
2019,11,14,27.95,29,27.09,3.51,19.41
2019,11,15,27.9,29.17,26.99,8.28,19.41
2019,11,16,27.78,28.64,26.77,4.44,19.35
2019,11,17,28.01,28.93,27.19,8.24,19.47
2019,11,18,28.12,29.05,27.24,1.58,19.41
2019,11,19,28.25,29.1,27.48,6.36,19.35
2019,11,20,28.08,28.87,27.37,2.58,19.35
2019,11,21,28.14,29.27,27.02,3.79,19.17
2019,11,22,27.6,28.18,26.98,12.29,19.23
2019,11,23,27.65,28.44,26.83,4.06,19.04
2019,11,24,28.39,29.58,27.25,7.22,18.43
2019,11,25,28.03,29.07,27.32,44.77,19.65
2019,11,26,28.1,29.34,27.25,4.13,18.55
2019,11,27,28.37,29.66,27.42,7.54,19.41
2019,11,28,28.39,29.55,27.48,17.27,19.96
2019,11,29,28.4,29.56,27.61,18.76,20.26
2019,11,30,27.62,28.41,26.91,54.16,20.08
2019,12,1,27.18,28.24,26.38,31.05,19.04
2019,12,2,27.46,28.78,26.48,21.67,18.98
2019,12,3,27.28,28.05,26.22,18.74,18.49
2019,12,4,27.74,28.69,27.13,11.2,18.8
2019,12,5,27.48,28.6,26.81,22.4,18.8
2019,12,6,27.16,27.72,26.71,43.81,18.86
2019,12,7,27.16,28.1,26.37,4.12,17.94
2019,12,8,27.05,28.15,26.21,1.01,17.03
2019,12,9,27.04,28.12,26.19,1.16,17.7
2019,12,10,26.92,27.82,26.31,2.83,17.64
2019,12,11,26.8,27.82,25.75,0.27,17.7
2019,12,12,27.09,28.16,26.26,4.53,18.8
2019,12,13,27.06,28.14,26.23,12.56,18.8
2019,12,14,27.19,28.52,26.15,13.8,18.62
2019,12,15,26.78,27.77,25.9,1.23,16.97
2019,12,16,27.23,28.58,26.15,0.78,18.01
2019,12,17,27.16,28.33,26.31,4.96,18.49
2019,12,18,27.35,28.4,26.61,5.5,18.62
2019,12,19,27.37,28.35,26.7,2.22,18.62
2019,12,20,27.3,28.48,26.64,3.68,18.62
2019,12,21,27.08,28.34,26.21,0.38,17.58
2019,12,22,27,28.19,26.23,2.05,18.01
2019,12,23,26.82,27.67,26.08,15.02,17.82
2019,12,24,27.16,28.33,26.33,4.31,19.35
2019,12,25,26.98,28.14,26.06,8.39,18.49
2019,12,26,26.65,28.06,25.73,0.44,16.78
2019,12,27,26.24,27.47,25.28,0.02,15.75
2019,12,28,26.71,28.17,25.48,0.04,16.05
2019,12,29,26.88,28.28,25.64,0.12,16.78
2019,12,30,26.7,27.89,25.72,0.06,16.97
2019,12,31,26.85,28.09,25.71,0.38,17.94
2020,1,1,27.34,28.97,26.09,0.41,18.92
2020,1,2,27.43,29.08,26.14,0.25,18.92
2020,1,3,27.4,28.67,26.39,0.21,18.92
2020,1,4,27.37,28.78,26.12,0.08,18.86
2020,1,5,27.4,28.76,26.26,0.02,18.74
2020,1,6,27.21,28.33,26.26,1.05,18.19
2020,1,7,27.19,28.45,26.37,3.13,18.01
2020,1,8,26.7,28.08,25.37,0.02,16.42
2020,1,9,26.45,28.07,24.98,0,15.08
2020,1,10,26.62,28.08,25.34,0.05,15.14
2020,1,11,26.69,27.96,25.64,0.04,15.81
2020,1,12,26.83,28.33,25.51,0,15.08
2020,1,13,26.43,27.59,25.26,0,14.22
2020,1,14,25.53,27.14,24.27,0,13.79
2020,1,15,26.05,27.8,24.36,0,13.98
2020,1,16,26.52,27.89,25.51,0.68,15.93
2020,1,17,26.55,27.87,25.36,2.98,18.01
2020,1,18,26.84,28.19,25.73,3.94,18.37
2020,1,19,26.76,28,25.94,3.38,17.7
2020,1,20,26.73,28.23,25.51,0.01,16.78
2020,1,21,26.76,28.14,25.75,0.35,17.09
2020,1,22,26.98,28.15,25.94,1.12,17.94
2020,1,23,27.16,28.45,26.34,0.36,18.13
2020,1,24,26.76,28.07,25.86,0.06,17.33
2020,1,25,26.73,28.23,25.66,0.02,16.11
2020,1,26,26.5,28.12,25.25,0,15.26
2020,1,27,26.4,28.03,24.73,0.01,14.47
2020,1,28,26.99,28.95,25.51,0.01,15.32
2020,1,29,26.5,28.36,24.74,0,15.75
2020,1,30,26.58,28.33,25.19,0,16.42
2020,1,31,26.58,28.53,24.83,0,16.42
2020,2,1,27.06,28.91,25.79,0,16.05
2020,2,2,27,28.76,25.47,0.02,15.69
2020,2,3,26.8,28.37,25.4,0.01,15.87
2020,2,4,27.27,28.85,26.13,0.03,16.72
2020,2,5,27.23,28.87,26.06,0.02,16.11
2020,2,6,26.98,28.72,25.69,0.02,15.62
2020,2,7,26.79,28.73,25.19,0,15.5
2020,2,8,26.79,28.8,25.19,0,15.32
2020,2,9,26.76,28.75,25.01,0,15.75
2020,2,10,27.08,28.79,25.47,0,15.62
2020,2,11,27.46,29.28,26,0.03,16.3
2020,2,12,27.66,29.15,26.51,0.08,17.64
2020,2,13,27.37,28.91,26.15,0.06,17.15
2020,2,14,26.95,28.94,25.42,0,15.38
2020,2,15,26.8,29.3,24.99,0,15.62
2020,2,16,26.7,28.9,24.62,0,16.48
2020,2,17,26.94,28.73,25.63,0,15.56
2020,2,18,26.44,28.37,24.83,0,14.71
2020,2,19,26.37,28.4,24.76,0,14.71
2020,2,20,26.93,28.9,25.03,0.06,16.24
2020,2,21,27.64,29.17,26.38,7.94,18.49
2020,2,22,27.8,29.48,26.69,4.4,17.82
2020,2,23,27.44,29.1,26.15,0.22,17.21
2020,2,24,27.68,29.34,26.44,0.06,17.09
2020,2,25,27.83,29.46,26.57,0.03,17.58
2020,2,26,28.04,30.1,26.58,0,17.46
2020,2,27,27.64,29.66,26,0,17.09
2020,2,28,27.58,29.73,26,0,16.72
2020,2,29,27.44,29.56,25.8,0,15.93
2020,3,1,27.37,29.8,25.43,0,15.99
2020,3,2,27.24,29.62,25.34,0,15.5
2020,3,3,27.75,30.3,25.62,0,15.44
2020,3,4,28.13,30.76,26.3,0,15.99
2020,3,5,28.33,31.05,26.1,0.01,16.48
2020,3,6,28.46,31.19,25.7,0.05,17.46
2020,3,7,28.15,29.69,26.6,2.03,18.19
2020,3,8,28.26,30.47,26.59,0.61,18.01
2020,3,9,28.13,30.54,26.38,0,17.09
2020,3,10,28.45,31.09,26.6,0.01,16.85
2020,3,11,27.72,30.11,25.63,0,16.66
2020,3,12,27.93,30.77,25.77,0,16.54
2020,3,13,28.04,30.41,25.98,0.01,17.33
2020,3,14,28.16,30.41,26.36,0.01,17.4
2020,3,15,28.19,30.41,26.2,0.03,17.4
2020,3,16,28.83,31.08,27.26,0.02,18.25
2020,3,17,28.76,30.99,26.9,0.02,18.37
2020,3,18,28.95,31.08,27.28,0.1,18.68
2020,3,19,29.27,32.05,27.14,0.05,18.19
2020,3,20,29.51,32.73,26.81,0,16.78
2020,3,21,29.4,32.89,26.47,0.07,16.66
2020,3,22,29.19,32.33,26.38,0.07,16.78
2020,3,23,29.16,32.53,26.33,0.07,16.66
2020,3,24,29.23,32.14,26.96,0.04,17.52
2020,3,25,29.33,32.27,26.94,0.05,16.66
2020,3,26,29.17,31.84,27.08,0,17.09
2020,3,27,28.9,31.32,27.14,0.35,17.27
2020,3,28,28.75,31.55,26.44,0,16.42
2020,3,29,28.72,31.72,26.01,0,16.36
2020,3,30,29.01,31.94,26.43,0.01,16.24
2020,3,31,29.08,31.9,26.58,0,16.66
2020,4,1,29.08,32.42,26.26,0,17.4
2020,4,2,29.68,33.25,26.87,0,17.88
2020,4,3,29.44,32.65,26.8,0,17.4
2020,4,4,29.87,32.37,27.55,0.85,18.8
2020,4,5,30.06,31.77,28.26,1.88,18.98
2020,4,6,30.05,31.61,28.47,2.15,19.17
2020,4,7,30.1,32.08,27.9,0.5,18.37
2020,4,8,29.94,31.24,28.47,0.8,18.37
2020,4,9,30.52,33.26,27.94,1.79,17.7
2020,4,10,30.06,32.14,28.44,1.2,18.43
2020,4,11,30.11,32.59,28.22,0.09,18.68
2020,4,12,30,32.47,28,0.55,18.43
2020,4,13,30.02,32.71,27.48,0.67,17.88
2020,4,14,30.43,33.26,27.9,0.28,18.68
2020,4,15,30.16,32.76,27.95,1.23,18.8
2020,4,16,30.33,32.82,27.91,3.08,18.62
2020,4,17,30.72,33.02,28.15,0.87,18.62
2020,4,18,30.98,32.94,28.75,2.37,18.74
2020,4,19,30.91,33.07,29.05,0.99,18.86
2020,4,20,30.8,33.11,29.09,0.54,19.23
2020,4,21,30.91,33.48,28.69,1.79,19.29
2020,4,22,31.29,33.52,28.91,1.29,18.68
2020,4,23,30.94,32.48,29.31,5.03,19.96
2020,4,24,30.51,32.21,29.01,1.8,20.26
2020,4,25,31.01,32.73,28.98,0.51,20.39
2020,4,26,30.74,32.4,29.05,0.44,19.65
2020,4,27,30.64,32.16,29.25,3.29,20.26
2020,4,28,30.87,32.78,29.37,3.41,19.65
2020,4,29,30.12,30.86,29.4,4.9,20.02
2020,4,30,30.3,31.58,29.1,0.92,19.53
2020,5,1,30.78,32.37,29.03,0.35,19.65
2020,5,2,31.03,33.2,29.04,1.46,19.78
2020,5,3,30.75,32.51,28.86,1.57,19.53
2020,5,4,31.14,33.24,29.16,0.31,18.74
2020,5,5,31.23,33.38,29.19,1.5,19.1
2020,5,6,30.87,32.59,29.56,2.28,20.57
2020,5,7,30.51,32.07,29.22,4.18,20.2
2020,5,8,30.03,31.13,28.99,4.67,20.45
2020,5,9,30.34,31.81,28.8,7.43,19.96
2020,5,10,30.34,31.41,29.26,10.55,20.14
2020,5,11,29.56,30.25,28.87,15.44,20.02
2020,5,12,29.99,31.58,28.64,3.29,19.47
2020,5,13,30.39,31.92,28.69,2.44,18.92
2020,5,14,30.88,32.54,29.37,1.45,18.8
2020,5,15,30.81,31.83,29.84,1.17,20.08
2020,5,16,30.88,32.47,29.8,1.83,21.06
2020,5,17,31.2,33,29.48,4.84,21.3
2020,5,18,29.87,31.61,28.4,3.44,19.47
2020,5,19,29.91,31.2,28.62,0.95,20.94
2020,5,20,30.57,31.92,29.51,1.1,21.3
2020,5,21,30.56,32.45,29.33,0.28,19.41
2020,5,22,30.33,32.01,29.04,0.04,19.53
2020,5,23,30.35,32.04,29.22,0.12,21.12
2020,5,24,30.61,31.86,29.58,0.26,22.16
2020,5,25,30.33,31.69,29.45,0.39,21.85
2020,5,26,30.27,31.8,29.19,0.28,21.3
2020,5,27,30.24,31.89,29.17,0.33,21.67
2020,5,28,30.1,31.33,29.41,0.81,21.36
2020,5,29,30.02,31.5,28.87,0.3,20.39
2020,5,30,29.92,31.64,28.71,0.21,20.08
2020,5,31,29.75,31.16,28.61,0.22,20.51
2020,6,1,29.73,30.96,28.94,0.33,20.45
2020,6,2,29.43,30.28,28.67,0.33,20.2
2020,6,3,29.69,31.16,28.73,0.45,19.78
2020,6,4,29.66,31.16,28.48,0.16,20.08
2020,6,5,29.69,30.81,28.67,0.41,20.75
2020,6,6,29.44,30.4,28.63,1.13,19.17
2020,6,7,28.9,29.76,28.25,0.88,18.62
2020,6,8,29.37,30.76,28.19,0.51,19.78
2020,6,9,29.83,31.9,28.55,0.48,19.84
2020,6,10,30.01,31.48,28.91,0.36,19.65
2020,6,11,29.69,30.98,28.64,0.09,18.25
2020,6,12,29.69,30.81,28.69,0.13,19.17
2020,6,13,29.75,31.06,28.6,0.1,19.84
2020,6,14,30.63,32.5,28.69,0.12,19.84
2020,6,15,30.12,31.24,29.05,0.21,20.45
2020,6,16,29.95,31.17,29.26,0.09,20.81
2020,6,17,30.01,31.51,29.19,0.11,19.84
2020,6,18,29.98,31.4,28.99,0.15,19.65
2020,6,19,30.11,31.13,29.27,0.29,19.53
2020,6,20,30.3,32.38,28.49,0.8,19.04
2020,6,21,29.72,30.9,28.45,1.97,18.55
2020,6,22,29.53,30.44,28.67,2.08,19.04
2020,6,23,29.84,30.8,28.92,0.69,17.64
2020,6,24,29.79,31.72,28.11,5.74,18.74
2020,6,25,27.96,28.51,27.33,8.55,18.74
2020,6,26,28.89,30.29,27.61,1.79,18.98
2020,6,27,29.64,31.44,28.32,0.65,19.59
2020,6,28,29.82,31.51,28.46,0.4,20.08
2020,6,29,29.44,30.23,28.76,0.56,20.51
2020,6,30,29.24,30.12,28.49,0.91,20.32
2020,7,1,28.96,29.41,28.4,0.5,19.84
2020,7,2,29.66,31.31,28.61,0.82,19.47
2020,7,3,29.18,29.8,28.48,1.21,19.23
2020,7,4,29.49,31.51,28.15,0.26,18.49
2020,7,5,29.25,30.76,28.42,0.41,19.04
2020,7,6,29.44,31.23,28.17,1.17,18.68
2020,7,7,29.5,31.15,28.23,0.51,18.98
2020,7,8,29.3,29.96,28.44,2.69,18.68
2020,7,9,28.43,29.22,27.73,8.18,19.1
2020,7,10,28.29,29.39,27.53,4.83,19.71
2020,7,11,28.69,30.34,27.73,1.98,19.65
2020,7,12,29.32,31.21,28.12,2.21,19.35
2020,7,13,28.73,29.92,27.96,1.31,19.41
2020,7,14,29.16,30.54,28.08,1.15,19.78
2020,7,15,29.13,30.33,28.19,1.27,20.45
2020,7,16,29.08,30.56,28.19,0.69,19.47
2020,7,17,29.06,30.61,27.98,0.45,18.98
2020,7,18,28.39,28.8,27.86,7.56,19.1
2020,7,19,28.46,29.78,27.48,4.65,19.17
2020,7,20,28.4,30.07,27.16,2.36,19.65
2020,7,21,28.48,30.19,27.26,2.06,19.17
2020,7,22,28.64,30.24,27.46,0.82,19.17
2020,7,23,28.18,29.23,27.26,2.09,19.41
2020,7,24,28.2,28.98,27.44,1.19,19.65
2020,7,25,28.66,30.07,27.8,2.91,18.98
2020,7,26,28.35,29.57,27.23,1.53,17.64
2020,7,27,27.34,27.9,26.9,2.19,18.55
2020,7,28,27.9,29.37,26.85,15.64,19.04
2020,7,29,27.87,28.43,27.08,23.07,19.04
2020,7,30,28.89,30.85,27.42,0.39,18.8
2020,7,31,28.83,30.33,27.83,0.86,19.53
2020,8,1,28.8,29.89,27.94,0.24,19.35
2020,8,2,29.19,31.08,27.64,0.71,18.19
2020,8,3,28.59,29.8,27.4,0.29,18.74
2020,8,4,29.41,31.34,27.53,0.15,18.31
2020,8,5,28.88,29.68,27.91,0.2,18.31
2020,8,6,28.55,29.62,27.89,0.84,18.98
2020,8,7,29.22,31.01,27.71,0.79,19.29
2020,8,8,28.44,29.6,27.31,15.95,18.86
2020,8,9,27.91,29.65,27.01,9.24,18.86
2020,8,10,28.7,30.89,26.8,0.25,19.23
2020,8,11,28.73,30.43,27.4,0.22,19.65
2020,8,12,28.58,30.25,27.35,0.12,19.1
2020,8,13,28.23,29.64,27.3,0.18,19.41
2020,8,14,28.48,30.03,27.4,0.2,19.35
2020,8,15,28.42,30.05,27.44,0.04,19.17
2020,8,16,28.51,30.28,27.28,0.04,19.47
2020,8,17,28.6,30.65,27.31,0.19,19.35
2020,8,18,28.6,30.3,27.48,0.35,19.53
2020,8,19,28.51,30.03,27.47,0.36,19.71
2020,8,20,28.54,29.69,27.66,0.4,19.96
2020,8,21,28.7,30.48,27.51,0.47,19.9
2020,8,22,28.87,30.94,27.42,0.66,19.96
2020,8,23,28.73,30.41,27.57,0.46,19.84
2020,8,24,28.94,30.65,27.55,0.32,19.59
2020,8,25,29.03,30.98,27.48,0.45,19.78
2020,8,26,28.77,30.44,27.54,0.82,19.65
2020,8,27,29.05,31.05,27.93,0.5,19.53
2020,8,28,29.17,31.16,27.84,0.46,19.41
2020,8,29,29.01,30.73,28.04,0.58,19.47
2020,8,30,28.71,29.94,27.87,1.13,19.35
2020,8,31,28.96,30.58,27.73,7.09,19.84
2020,9,1,28.69,30.4,27.58,16.95,19.71
2020,9,2,27.76,28.46,26.84,35.43,18.98
2020,9,3,28.03,29.35,26.7,4.02,19.35
2020,9,4,28.63,30.17,27.59,1.59,19.84
2020,9,5,28.42,29.9,27.49,2.23,19.78
2020,9,6,28.46,29.76,27.54,2.38,19.59
2020,9,7,28.51,29.88,27.25,0.65,18.86
2020,9,8,28.57,29.85,27.63,1.77,19.78
2020,9,9,28.22,29.11,27.51,25.06,20.14
2020,9,10,28.03,29.32,27.09,12.83,18.31
2020,9,11,28.56,30.26,27.05,1.37,18.25
2020,9,12,28.45,30.01,27.13,0.97,18.25
2020,9,13,28.28,29.3,27.4,1.12,18.8
2020,9,14,28.7,30.43,27.4,0.5,18.74
2020,9,15,28.24,29.12,27.43,0.52,18.13
2020,9,16,28.5,29.94,27.23,0.37,19.78
2020,9,17,28.62,29.9,27.69,0.55,20.2
2020,9,18,28.68,29.93,27.74,1.01,20.14
2020,9,19,28.41,29.66,27.55,0.7,18.8
2020,9,20,28.39,29.79,27.27,0.19,17.33
2020,9,21,28.41,29.83,27.32,0.26,18.07
2020,9,22,28.81,30.63,27.22,0.1,18.37
2020,9,23,28.54,30.21,27.25,0.09,19.17
2020,9,24,28.26,29.55,27.33,0.25,19.35
2020,9,25,27.96,29.5,26.87,0.99,19.41
2020,9,26,28.15,30.07,26.62,0.31,18.37
2020,9,27,28.17,29.8,26.98,2.14,18.98
2020,9,28,27.8,28.98,27.01,18.03,19.78
2020,9,29,27.54,28.11,27.1,17.77,19.59
2020,9,30,28.13,29.73,27.1,6.63,19.04
2020,10,1,28.24,29.65,27.36,0.34,18.86
2020,10,2,28.23,29.8,27.23,0.19,19.1
2020,10,3,28.33,29.69,27.25,0.64,19.17
2020,10,4,28.55,30.51,27.33,0.32,18.19
2020,10,5,28.74,30.69,27.46,0.58,18.07
2020,10,6,28.8,30.9,27.15,4.62,19.47
2020,10,7,28.51,30.37,27.3,3.03,19.78
2020,10,8,28.3,29.75,27.34,10.67,20.14
2020,10,9,27.73,28.7,27.12,2.27,19.35
2020,10,10,28.15,29.04,27.34,0.62,18.62
2020,10,11,28.58,29.73,27.65,0.65,18.74
2020,10,12,28.83,30.43,27.37,0.83,19.23
2020,10,13,28.76,30.2,27.74,1.22,19.1
2020,10,14,28.87,30.46,27.6,1.43,19.59
2020,10,15,28.49,30.08,27.42,1.85,19.84
2020,10,16,28.47,29.92,27.13,0.53,18.98
2020,10,17,28.27,29.52,27.11,3.09,19.04
2020,10,18,28.12,29.28,27.14,3.42,19.29
2020,10,19,28.33,29.87,27.15,2.01,19.35
2020,10,20,28.19,28.94,27.56,5.6,19.65
2020,10,21,28.57,30.09,27.46,5.09,19.71
2020,10,22,28.66,30.5,27.38,0.7,18.74
2020,10,23,28.48,30.23,27.01,0.03,18.98
2020,10,24,28.76,30.51,27.6,0.44,17.58
2020,10,25,28.23,29.49,27.25,6.03,18.55
2020,10,26,28.3,29.57,27.15,0.67,18.62
2020,10,27,28.45,30.01,27.17,0.85,18.25
2020,10,28,28.54,30.23,26.91,8.11,18.19
2020,10,29,28.2,29.46,27,9.53,18.8
2020,10,30,28.02,28.82,27.12,11.67,19.1
2020,10,31,28.44,29.39,27.62,0.48,18.31
2020,11,1,28.9,30.22,27.83,0.12,17.4
2020,11,2,29.04,30.59,27.6,0.45,17.4
2020,11,3,28.93,30.5,27.93,0.89,18.07
2020,11,4,28.27,29.18,27.45,4.84,19.04
2020,11,5,28.85,30.74,27.4,8.51,18.68
2020,11,6,28.17,28.84,27.62,8.4,19.96
2020,11,7,28.29,29.15,27.59,7.34,19.9
2020,11,8,28.51,29.19,27.8,12.18,19.65
2020,11,9,28.58,29.55,27.84,21.2,18.68
2020,11,10,28.29,29.44,27.4,5.3,18.74
2020,11,11,27.86,28.65,27.26,11.75,20.14
2020,11,12,27.73,28.55,27.08,11.89,19.78
2020,11,13,28.1,29.26,27.37,16.99,19.65
2020,11,14,28.42,29.45,27.47,11.24,20.26
2020,11,15,28.33,29.16,27.48,17.71,20.75
2020,11,16,27.15,27.68,26.57,30.13,19.47
2020,11,17,27.76,29.19,26.58,19.03,18.92
2020,11,18,27.24,28.04,26.29,7.25,19.1
2020,11,19,27.81,29,27.03,1.26,19.04
2020,11,20,27.95,29,27.07,7.72,18.55
2020,11,21,28,29.05,27.1,1.29,17.58
2020,11,22,27.68,28.55,26.97,1.54,17.58
2020,11,23,27.28,27.94,26.71,8.51,19.53
2020,11,24,27.37,27.9,26.8,10.78,20.02
2020,11,25,27.31,27.81,26.74,17.08,19.35
2020,11,26,27.12,28.25,26.44,17,18.92
2020,11,27,27.22,28.55,25.9,8.52,18.49
2020,11,28,27.32,28.68,26.02,1.71,18.74
2020,11,29,27.4,28.1,26.81,1.1,18.74
2020,11,30,27.3,28.3,26.24,6.53,18.74
2020,12,1,27.24,28.34,26.53,6.95,18.01
2020,12,2,26.82,27.28,26.44,88.56,19.96
2020,12,3,26.7,26.81,26.32,106.88,20.08
2020,12,4,26.87,27.85,25.96,27.81,19.29
2020,12,5,26.49,26.95,26.08,61.5,19.96
2020,12,6,26.73,27.42,26.12,48.46,20.08
2020,12,7,26.98,27.86,26.29,19.83,19.53
2020,12,8,26.87,27.74,25.98,3.12,18.8
2020,12,9,26.76,27.55,26.03,1.88,18.43
2020,12,10,26.72,27.84,25.92,0.17,16.91
2020,12,11,26.41,27.44,25.51,0.21,16.6
2020,12,12,26.58,27.87,25.5,1.85,16.97
2020,12,13,26.91,28.55,25.63,0.29,15.38
2020,12,14,26.77,27.87,25.98,0.67,15.69
2020,12,15,26.65,27.68,25.75,27.41,18.19
2020,12,16,26.69,27.94,25.79,23.81,18.8
2020,12,17,25.75,26.32,25.37,20.43,18.43
2020,12,18,25.91,26.66,25.42,18.5,18.37
2020,12,19,26.31,27.19,25.49,26.91,18.19
2020,12,20,26.49,27.3,25.97,1.42,17.09
2020,12,21,26.22,26.96,25.76,2.98,17.27
2020,12,22,26.09,26.82,25.64,2.49,17.52
2020,12,23,25.87,26.47,25.41,4.54,18.07
2020,12,24,26.12,27.14,25.42,0.06,17.21
2020,12,25,26.12,27.38,25.05,1.42,16.36
2020,12,26,26.15,27.43,24.93,0.66,15.26
2020,12,27,26.12,27.08,25.4,18.12,17.94
2020,12,28,26.07,26.97,25.36,7.4,17.58
2020,12,29,26.22,27.3,25.51,11.61,18.62
2020,12,30,26.63,27.96,25.49,9.34,19.41
2020,12,31,26.64,27.8,25.63,12.08,18.86
2021,1,1,26,27.13,25.05,0.45,16.17
2021,1,2,26.37,27.44,25.2,7.01,18.55
2021,1,3,26.49,27.08,26.01,15.74,19.29
2021,1,4,26.74,27.81,26.03,6.18,18.86
2021,1,5,25.85,26.38,25.52,3.86,18.31
2021,1,6,26.67,27.8,25.54,17.16,19.1
2021,1,7,26.49,27.26,25.7,9.61,19.17
2021,1,8,26.76,27.61,25.87,5.28,18.86
2021,1,9,26.5,27.1,25.87,9.3,19.29
2021,1,10,25.94,26.34,25.29,22.87,18.74
2021,1,11,26.25,26.82,25.73,92.36,18.86
2021,1,12,26.5,27.41,25.8,40.59,19.35
2021,1,13,26.48,27.36,25.8,30.42,19.23
2021,1,14,26.68,27.65,26.01,11.52,18.86
2021,1,15,26.37,27.3,25.73,7.24,18.86
2021,1,16,26.35,27.44,25.55,5.5,18.62
2021,1,17,26,27.05,24.95,2.16,17.03
2021,1,18,25.68,26.88,24.62,0.05,15.44
2021,1,19,26.13,27.26,24.98,0.88,16.3
2021,1,20,26.44,27.03,25.77,8.46,18.92
2021,1,21,26.76,27.72,25.94,0.51,19.29
2021,1,22,26.81,28.2,25.77,0.04,18.13
2021,1,23,26.41,27.51,25.46,0.01,16.97
2021,1,24,26.11,27.68,24.97,0,15.26
2021,1,25,26.36,28.03,24.98,0,14.53
2021,1,26,26.04,27.19,25.02,0.02,14.4
2021,1,27,26.19,27.38,25.08,0.03,14.71
2021,1,28,26.65,27.82,25.69,0.03,15.44
2021,1,29,26.51,27.48,25.8,3.08,17.64
2021,1,30,26.85,28.03,26.03,2.01,18.01
2021,1,31,26.64,27.68,25.9,0.34,17.27
2021,2,1,26.51,27.37,25.8,1.94,17.27
2021,2,2,26.48,27.27,25.86,8.69,17.27
2021,2,3,26.22,27.39,25.27,0.01,15.87
2021,2,4,25.93,27.31,25.01,0,15.14
2021,2,5,25.76,27.17,24.59,0.01,15.62
2021,2,6,25.81,27.1,24.69,0.04,16.3
2021,2,7,25.98,27.15,25.08,0.18,16.6
2021,2,8,25.89,27.2,24.59,0,15.2
2021,2,9,25.33,26.73,24.24,0,14.34
2021,2,10,25.19,26.73,24.05,0.01,13.79
2021,2,11,24.99,26.65,23.51,0,13.79
2021,2,12,25.67,27.42,24.06,0,14.22
2021,2,13,25.89,27.62,24.53,0.01,15.99
2021,2,14,25.73,27.33,24.52,0.04,16.72
2021,2,15,25.87,27.62,24.26,0,16.97
2021,2,16,26.08,27.64,24.66,0,16.3
2021,2,17,26.4,28.08,25,0,16.24
2021,2,18,26.44,27.85,25.25,0.04,16.24
2021,2,19,26.8,27.87,25.57,2.24,18.62
2021,2,20,27.15,28.44,26.29,4.36,18.43
2021,2,21,26.96,28.12,25.99,1.92,18.13
2021,2,22,27.1,28.17,26.22,1.18,17.76
2021,2,23,26.94,28.32,26,0.01,17.03
2021,2,24,26.78,28.52,25.46,0.03,16.78
2021,2,25,26.65,28.44,25.19,0,16.3
2021,2,26,26.4,28.41,24.67,0,16.05
2021,2,27,26.73,29.23,24.45,0,15.32
2021,2,28,26.71,29.05,24.55,0,15.99
2021,3,1,27.08,29.56,24.99,0,16.3
2021,3,2,26.69,28.97,24.95,0,16.24
2021,3,3,26.55,28.94,24.57,0,15.14
2021,3,4,26.87,28.83,25.05,0.02,15.2
2021,3,5,27.48,29.26,25.97,0.03,15.87
2021,3,6,27.58,29.13,26.4,0.03,17.88
2021,3,7,27.55,29.03,26.09,0.11,18.74
2021,3,8,27.94,29.31,26.76,1.12,18.98
2021,3,9,28.03,29.67,26.56,0.93,18.01
2021,3,10,27.83,28.83,27.01,9.05,18.98
2021,3,11,27.79,29.5,26.52,1.73,18.19
2021,3,12,27.46,29.4,25.78,0,17.15
2021,3,13,27.75,29.49,26.23,0.04,17.88
2021,3,14,28.03,29.9,26.58,0.03,17.52
2021,3,15,28.02,30.26,26.4,0,16.6
2021,3,16,28.04,30.34,26.34,0.01,17.64
2021,3,17,28.05,30.5,25.99,0.01,18.07
2021,3,18,27.86,29.75,26.35,0,17.15
2021,3,19,28.06,29.72,26.41,0.15,17.27
2021,3,20,28.19,30.04,26.32,0.55,16.17
2021,3,21,28.48,30.51,26.66,0.47,17.21
2021,3,22,28.54,30.77,26.54,0.43,18.13
2021,3,23,28.62,30.76,27.03,0.02,18.55
2021,3,24,28.17,29.31,27.01,0.1,18.62
2021,3,25,28.51,30.01,27.24,0.17,18.19
2021,3,26,28.54,30.24,27.08,0.22,18.62
2021,3,27,29.05,31.08,27.28,1.89,18.68
2021,3,28,28.88,30.79,26.83,0.17,18.25
2021,3,29,29,31.19,26.62,0.35,18.19
2021,3,30,29.3,31.43,27.31,0.14,19.35
2021,3,31,29.53,31.62,27.92,0.06,19.96
2021,4,1,29.63,31.7,28.11,0.06,20.63
2021,4,2,29.73,31.85,28.34,0.05,20.08
2021,4,3,29.4,31.51,28.06,0.02,19.47
2021,4,4,29.5,31.51,27.82,0.05,19.47
2021,4,5,29.64,32.15,27.44,0.33,19.17
2021,4,6,29.44,31.96,27.52,0.08,19.04
2021,4,7,28.98,31.73,26.65,0.01,18.07
2021,4,8,28.87,31.24,26.19,0.11,17.46
2021,4,9,29.33,31.19,27.43,0.75,18.01
2021,4,10,29.54,31.91,27.58,2.49,18.25
2021,4,11,29.1,31.28,27.2,4.39,18.37
2021,4,12,29.03,31.25,27.11,11.99,18.74
2021,4,13,28.79,30.14,27.46,9.11,18.92
2021,4,14,28.94,30.36,27.36,8.23,18.86
2021,4,15,29.05,30.45,27.38,10.13,18.19
2021,4,16,28.87,30.08,27.27,5.56,19.17
2021,4,17,29.55,31.02,28.01,0.72,19.59
2021,4,18,29.26,30.61,28.12,0.5,19.96
2021,4,19,29.45,30.87,28.08,0.14,20.51
2021,4,20,29.59,30.79,28.6,0.31,20.39
2021,4,21,29.67,30.75,28.52,0.64,20.14
2021,4,22,29.79,31.66,28.07,0.23,20.14
2021,4,23,29.69,31.01,28.63,0.26,20.14
2021,4,24,29.66,31.12,28.08,1.58,19.65
2021,4,25,29.84,31.29,27.94,2.11,19.47
2021,4,26,30.02,31.33,28.47,6.37,19.47
2021,4,27,29.99,31.4,28.52,2.16,19.78
2021,4,28,29.85,30.85,28.62,0.57,20.32
2021,4,29,29.99,31.16,29.02,0.46,20.69
2021,4,30,30.22,31.42,28.9,0.86,20.2
2021,5,1,29.78,30.95,28.62,1.61,20.14
2021,5,2,29.68,31.45,28.52,3.39,19.78
2021,5,3,29.44,30.82,28.19,6.81,20.14
2021,5,4,29.47,31,28.12,7.71,19.71
2021,5,5,29.77,31.34,28.27,1.23,19.59
2021,5,6,29.83,30.95,28.69,3.16,20.14
2021,5,7,29.4,30.16,28.57,11.83,20.45
2021,5,8,29.14,30.2,27.89,1.47,19.84
2021,5,9,29.8,31.23,28.23,2.82,19.71
2021,5,10,29.58,30.69,28.63,5.67,20.87
2021,5,11,29.58,30.33,28.78,4.4,21.55
2021,5,12,29.63,30.5,28.97,1.86,21.55
2021,5,13,29.83,31.01,29.1,0.35,20.69
2021,5,14,29.49,30.73,28.63,0.51,20.32
2021,5,15,29.17,30.35,28.44,0.76,20.39
2021,5,16,29.25,30.71,28.18,0.88,20.45
2021,5,17,29.82,31.34,28.38,0.42,20.32
2021,5,18,29.81,31.2,28.68,0.38,20.63
2021,5,19,29.51,30.44,28.77,2.24,21.3
2021,5,20,29.4,30.8,28.37,9.02,20.26
2021,5,21,29.47,31.15,28.23,5.87,18.92
2021,5,22,29.81,31.33,28.64,2.71,20.26
2021,5,23,29.65,30.79,28.8,1.4,21.12
2021,5,24,29.85,31.19,28.69,1.32,20.87
2021,5,25,29.12,30.24,28.34,2.38,19.65
2021,5,26,29.33,30.87,28.26,1.03,18.43
2021,5,27,29.37,30.77,28.22,0.2,19.71
2021,5,28,29.77,31.72,28.21,0.13,19.71
2021,5,29,29.89,31.76,28.58,0.18,20.14
2021,5,30,29.89,31.49,28.57,0.16,20.02
2021,5,31,30.08,31.61,28.87,0.13,20.32
2021,6,1,29.97,31.45,28.82,0.05,20.51
2021,6,2,29.89,31.5,28.33,0.06,20.32
2021,6,3,29.64,30.77,28.7,1.18,21.12
2021,6,4,28.19,28.73,27.76,19.7,20.51
2021,6,5,28.3,29.01,27.74,2.4,19.1
2021,6,6,28.91,29.85,28.08,0.41,20.02
2021,6,7,29.21,30.35,28.35,0.27,20.63
2021,6,8,29.3,30.42,28.42,1.37,20.08
2021,6,9,29.27,30.57,28.29,0.94,20.39
2021,6,10,29.43,30.96,28.31,0.23,20.45
2021,6,11,29.65,31.26,28.49,0.13,19.96
2021,6,12,29.55,30.92,28.49,4.34,20.45
2021,6,13,29.61,30.88,28.58,1.8,19.78
2021,6,14,30.1,32.13,28.52,0.14,18.07
2021,6,15,29.35,30.51,28.23,0.13,19.84
2021,6,16,29.61,30.93,28.45,0.11,19.9
2021,6,17,29.48,30.58,28.48,0.24,20.26
2021,6,18,29.29,30.61,28.19,0.08,20.2
2021,6,19,29.19,30.37,28.35,0.07,19.78
2021,6,20,29.04,30.17,28.05,0.21,19.59
2021,6,21,29.35,31.01,28.05,0.29,19.84
2021,6,22,29.01,30.04,28.12,1.3,20.26
2021,6,23,29.15,30.58,28.23,1.69,19.9
2021,6,24,28.96,29.96,28.25,0.47,19.9
2021,6,25,29.12,30.43,28.12,0.22,19.59
2021,6,26,29.1,30.48,28.09,0.77,19.53
2021,6,27,28.4,29.02,27.77,2.99,19.04
2021,6,28,28.9,30.62,27.58,0.63,18.49
2021,6,29,28.86,30.55,27.62,0.88,19.04
2021,6,30,28.85,30.39,27.77,1.66,19.65
2021,7,1,28.9,30.31,27.91,0.47,20.14
2021,7,2,29.12,30.54,28.08,0.46,20.02
2021,7,3,28.81,29.87,28.02,1.42,20.08
2021,7,4,28.94,30.17,27.71,0.87,19.9
2021,7,5,29.26,30.9,27.94,2.36,19.78
2021,7,6,28.94,30.3,27.7,0.16,19.9
2021,7,7,29.03,30.47,28.02,1.56,19.65
2021,7,8,29.18,30.33,28.18,3.84,20.63
2021,7,9,29.3,30.4,28.21,3.27,20.26
2021,7,10,28.83,29.86,27.84,1.88,17.88
2021,7,11,29.26,30.65,27.88,1.07,17.52
2021,7,12,30.01,32.13,28.19,2.22,18.8
2021,7,13,29.2,30.45,27.99,1.02,19.41
2021,7,14,29.5,31.22,27.86,3.31,18.86
2021,7,15,29.29,30.99,27.69,1.77,18.01
2021,7,16,28.94,30.03,27.98,4.68,19.59
2021,7,17,29.3,30.85,27.94,5.31,19.23
2021,7,18,28.92,30.19,27.92,12.55,19.65
2021,7,19,29.05,30.33,27.95,1.88,19.59
2021,7,20,29.43,30.9,28.1,0.14,19.35
2021,7,21,29.68,31.31,28.12,0.18,19.29
2021,7,22,29.18,30.62,28.08,0.44,19.9
2021,7,23,29.09,30.43,28.12,0.56,19.41
2021,7,24,29.09,30.77,27.83,0.24,19.1
2021,7,25,29.16,30.81,27.76,0.83,19.35
2021,7,26,28.7,29.79,27.64,1.05,19.1
2021,7,27,29.27,30.83,27.9,0.68,19.71
2021,7,28,29.1,30.84,28.05,0.69,19.9
2021,7,29,29,31.05,27.78,0.09,19.17
2021,7,30,29.23,30.77,28.3,0.1,19.47
2021,7,31,29.53,31.71,28.19,0.06,19.1
2021,8,1,29.54,31.4,28.53,0.16,19.29
2021,8,2,29.1,30.7,28.08,0.19,19.04
2021,8,3,29.4,31.39,28.05,0.14,18.74
2021,8,4,29.31,30.54,28.33,0.36,19.29
2021,8,5,29.25,30.57,28.26,0.32,19.41
2021,8,6,29.29,30.98,28.19,1.67,19.84
2021,8,7,29.5,31.23,28.19,1.47,19.78
2021,8,8,28.97,29.93,27.95,5.12,19.9
2021,8,9,28.83,30.18,27.84,11.06,19.23
2021,8,10,29.4,31.4,28.05,0.33,18.62
2021,8,11,29.15,30.61,28.16,2.11,18.55
2021,8,12,28.4,29.44,27.5,7.14,18.55
2021,8,13,28.96,30.78,27.72,3.14,18.37
2021,8,14,28.37,29.62,27.37,2.91,18.98
2021,8,15,28.62,30.03,27.6,1.48,18.86
2021,8,16,28.55,29.96,27.62,1.17,19.04
2021,8,17,28.43,29.72,27.41,2.07,19.23
2021,8,18,28.55,30.4,27.36,0.51,17.64
2021,8,19,28.91,31,27.52,0.15,17.88
2021,8,20,28.62,29.76,27.68,0.24,18.74
2021,8,21,28.25,29.32,27.21,2.15,18.68
2021,8,22,27.99,29.29,26.87,2.81,18.01
2021,8,23,27.79,29.48,26.55,1.96,18.62
2021,8,24,27.95,29.84,26.61,0.69,18.68
2021,8,25,28.14,29.74,26.98,0.16,19.23
2021,8,26,28.76,30.63,27.52,0.32,19.41
2021,8,27,28.65,29.83,27.64,0.71,19.84
2021,8,28,28.35,29.39,27.41,2.74,19.41
2021,8,29,28.22,29.4,27.17,2.85,18.86
2021,8,30,28.83,30.87,27.26,0.55,18.49
2021,8,31,28.8,30.73,27.39,0.55,19.41
2021,9,1,28.41,29.57,27.55,1.96,19.71
2021,9,2,27.99,29.05,27.48,15.82,19.65
2021,9,3,27.6,28.05,26.93,8.43,19.04
2021,9,4,28.37,29.7,27.48,1.15,19.47
2021,9,5,28.62,29.98,27.58,0.94,19.65
2021,9,6,28.86,30.72,27.37,0.19,18.86
2021,9,7,28.62,30.04,27.48,0.24,19.41
2021,9,8,28.69,30.07,27.53,0.16,19.41
2021,9,9,28.55,29.85,27.55,0.08,18.92
2021,9,10,28.62,29.91,27.59,0.29,19.71
2021,9,11,28.76,30.19,27.74,0.19,19.59
2021,9,12,28.92,30.57,27.82,0.18,19.29
2021,9,13,29.14,30.88,27.89,0.39,19.53
2021,9,14,28.86,30.24,27.95,0.6,20.02
2021,9,15,29.06,30.68,27.89,1.23,20.32
2021,9,16,28.58,29.46,27.8,1.29,19.84
2021,9,17,28.32,29.76,27.35,5.71,19.41
2021,9,18,28.26,29.33,27.28,13.81,19.47
2021,9,19,28.47,29.6,27.38,3.16,19.78
2021,9,20,28.64,30.09,27.33,2.33,19.59
2021,9,21,28.76,30.22,27.58,0.69,19.96
2021,9,22,29.3,30.84,28.06,0.38,19.29
2021,9,23,29.18,30.87,27.8,3.5,19.9
2021,9,24,29.4,30.69,28.29,8.91,19.84
2021,9,25,28.83,29.89,27.69,5.48,20.2
2021,9,26,28.44,29.25,27.75,4.04,19.47
2021,9,27,28.3,28.84,27.4,4.02,19.17
2021,9,28,29.16,30.61,27.65,0.36,17.94
2021,9,29,29.31,31.26,27.49,0.54,17.46
2021,9,30,29.17,30.87,27.65,8.55,18.13
2021,10,1,27.55,28.2,26.72,16.79,19.1
2021,10,2,27.88,29.08,26.54,9.15,18.31
2021,10,3,28.37,30.09,27.1,9.56,19.1
2021,10,4,27.99,28.83,27.2,19.36,19.17
2021,10,5,27.8,28.61,27.31,25.22,19.96
2021,10,6,27.79,28.4,27.35,16.84,19.71
2021,10,7,28.31,29.26,27.48,1.11,20.32
2021,10,8,28.56,29.6,27.85,4.97,20.45
2021,10,9,28.38,29.01,27.8,6.14,20.26
2021,10,10,28.4,29.05,27.8,17.26,20.57
2021,10,11,28.09,28.58,27.55,30.1,19.84
2021,10,12,28.03,28.85,26.84,3.56,18.8
2021,10,13,28.6,29.83,27.37,0.7,19.1
2021,10,14,28.83,30.09,27.81,1.37,20.63
2021,10,15,28.54,29.72,27.8,1.24,20.39
2021,10,16,28.36,29.3,27.69,3.43,20.63
2021,10,17,28.43,29.54,27.51,2.67,20.32
2021,10,18,28.58,29.92,27.63,0.4,20.14
2021,10,19,28.17,28.99,27.46,1.96,19.65
2021,10,20,28.08,28.81,27.26,2.49,19.9
2021,10,21,28.41,29.77,26.83,3.23,19.17
2021,10,22,28.38,29.07,27.4,4.62,19.1
2021,10,23,28.35,29.59,27.33,3.65,19.35
2021,10,24,28.04,28.85,27.26,9.22,17.76
2021,10,25,27.87,28.76,26.97,1.75,17.76
2021,10,26,28.19,29.18,27.31,6.82,18.55
2021,10,27,27.98,29.13,27.23,12.41,18.62
2021,10,28,27.62,28.14,27.03,22.62,19.1
2021,10,29,28.01,29.33,26.9,35.23,20.45
2021,10,30,27.47,28.3,26.98,28.25,19.53
2021,10,31,27.98,28.65,27.31,31.23,20.2
2021,11,1,27.77,28.52,27.04,29.72,20.39
2021,11,2,27.51,28.83,26.4,15.61,18.98
2021,11,3,27.27,27.72,26.75,25.48,18.62
2021,11,4,27.74,28.73,26.71,11.28,17.46
2021,11,5,27.4,27.83,26.83,7.57,19.1
2021,11,6,27.14,27.4,26.75,26.45,19.23
2021,11,7,26.91,27.33,26.52,15.17,19.1
2021,11,8,26.99,27.76,26.28,63.2,19.35
2021,11,9,26.79,27.68,26.05,75.34,19.78
2021,11,10,25.91,26.32,25.61,36.51,18.43
2021,11,11,27.24,28.26,25.98,6.02,18.74
2021,11,12,27.75,28.7,26.85,8.73,19.78
2021,11,13,27.61,28.4,26.94,5.84,19.9
2021,11,14,27.1,27.76,26.58,5.44,19.35
2021,11,15,27.62,28.44,27.02,1.18,20.02
2021,11,16,27.46,28.19,26.92,4.13,19.84
2021,11,17,27.02,27.73,26.31,35.87,19.84
2021,11,18,26.88,27.83,25.74,11.24,18.55
2021,11,19,27.28,28.23,26.36,0.94,19.23
2021,11,20,27.56,28.58,26.64,1.34,19.59
2021,11,21,27.22,28.52,26.19,0.06,17.52
2021,11,22,27.26,28.26,26.62,2.69,18.37
2021,11,23,27.12,27.8,26.6,19.78,19.41
2021,11,24,27.16,27.94,26.57,27.88,19.29
2021,11,25,27.16,27.81,26.44,58.96,19.71
2021,11,26,26.94,27.92,26.02,25.91,19.59
2021,11,27,26.94,27.46,26.31,30.76,19.71
2021,11,28,27.12,27.9,26.24,35.24,19.65
2021,11,29,26.76,27.42,25.88,26.33,19.04
2021,11,30,27.12,27.69,26.61,12.46,19.23
2021,12,1,27.44,28.43,26.59,3.59,18.86
2021,12,2,27.11,27.82,26.44,7.66,18.49
2021,12,3,27.06,28.06,26.01,0.09,17.46
2021,12,4,27.67,28.75,26.52,1.89,17.82
2021,12,5,28.01,29.16,26.94,2.63,18.01
2021,12,6,27.58,28.89,26.38,4.91,18.62
2021,12,7,27.24,28.37,26.12,3.13,18.43
2021,12,8,27.52,28.76,26.38,2.25,18.68
2021,12,9,27.53,28.55,26.88,2.57,18.55
2021,12,10,27.69,29.05,26.77,0.46,18.19
2021,12,11,27.72,28.79,26.98,2.92,18.62
2021,12,12,27.73,28.91,27.04,9.93,18.62
2021,12,13,27.63,28.66,26.85,3.17,18.37
2021,12,14,27.4,28.51,26.69,9.41,18.07
2021,12,15,27.03,27.74,26.58,11.69,18.37
2021,12,16,27.12,28.03,26.47,7.56,18.68
2021,12,17,26.62,27.3,26.12,8.49,18.74
2021,12,18,26.6,27.26,26.1,3.27,18.01
2021,12,19,26.37,27.44,25.47,0.16,16.6
2021,12,20,26.49,27.55,25.51,0.07,16.54
2021,12,21,26.55,27.8,25.57,0.03,15.87
2021,12,22,26.34,27.82,25.12,0,15.38
2021,12,23,25.67,27.05,24.4,0,14.59
2021,12,24,26.03,27.69,24.67,0,14.59
2021,12,25,25.8,27.23,24.38,0,15.08
2021,12,26,26.21,27.72,24.9,0.02,15.32
2021,12,27,26.58,28.27,25.36,0.05,15.26
2021,12,28,26.55,28.04,25.43,0.28,15.87
2021,12,29,26.98,28.6,25.56,0.67,15.87
2021,12,30,27.12,28.49,26.16,18.34,18.86
2021,12,31,27.16,28.48,26.18,19.39,18.92
2022,1,1,27.07,28.28,26.37,30.32,19.04
2022,1,2,26.76,27.84,26.09,20.13,18.49
2022,1,3,26.52,27.56,25.69,2.96,17.09
2022,1,4,26.13,27.16,25.4,0.18,16.48
2022,1,5,26.14,27.13,25.22,1.97,17.46
2022,1,6,26.71,27.95,25.85,2.2,18.31
2022,1,7,26.55,27.79,25.68,4.17,18.07
2022,1,8,26.52,27.65,25.68,0.38,16.78
2022,1,9,26.45,27.54,25.6,0.27,17.21
2022,1,10,26.44,27.74,25.53,1.08,17.46
2022,1,11,26.81,28.3,25.61,0.93,17.46
2022,1,12,27.01,28.44,25.86,0.62,18.01
2022,1,13,27.18,28.67,25.95,0.02,18.13
2022,1,14,27.06,28.75,25.51,0.02,18.13
2022,1,15,26.96,28.53,25.66,0.03,18.37
2022,1,16,27.15,28.52,25.95,0.34,17.76
2022,1,17,27.01,28.03,26.21,19.81,17.58
2022,1,18,26.55,27.76,25.51,8.09,16.17
2022,1,19,26.09,27.62,24.87,0.01,16.11
2022,1,20,25.8,27.45,24.42,0,14.65
2022,1,21,25.69,27.5,24.01,0,13.98
2022,1,22,26.47,29.01,23.87,0,14.47
2022,1,23,26.58,28.81,23.89,0,15.93
2022,1,24,26.84,28.78,24.63,0.04,16.48
2022,1,25,26.37,28.15,24.44,0.01,15.87
2022,1,26,26.18,27.85,24.73,0.04,15.75
2022,1,27,26.16,27.86,24.44,0.16,15.44
2022,1,28,26.75,27.93,25.65,0.93,16.66
2022,1,29,27.02,28.03,26.23,1.29,18.49
2022,1,30,27.05,28.16,26.35,4.12,18.74
2022,1,31,26.98,28.52,25.68,0.29,17.52
2022,2,1,26.19,27.87,24.8,0,16.48
2022,2,2,25.36,27.04,23.83,0,14.65
2022,2,3,25.47,27.31,24.04,0,13.73
2022,2,4,25.95,28.25,23.58,0,14.59
2022,2,5,26.51,28.74,24.32,0,16.72
2022,2,6,26.69,28.56,25.29,0,16.36
2022,2,7,26.58,28.61,25.08,0,15.32
2022,2,8,25.76,27.52,24.4,0,14.83
2022,2,9,25.77,27.12,24.43,0.23,15.38
2022,2,10,26.36,27.19,25.55,8.03,17.94
2022,2,11,26.72,27.62,26.06,15.92,18.8
2022,2,12,26.87,27.99,26.22,23.39,18.01
2022,2,13,26.65,27.77,25.94,7.58,16.91
2022,2,14,26.5,27.96,25.54,0.47,16.24
2022,2,15,25.84,27.19,24.71,0.57,15.62
2022,2,16,25.82,27.33,24.61,0,15.32
2022,2,17,26.06,27.77,24.67,0,15.38
2022,2,18,26.69,28.32,25.28,0.15,16.85
2022,2,19,26.95,28.33,25.89,1.58,17.4
2022,2,20,27.13,28.59,26.05,1.02,17.58
2022,2,21,27.38,29.3,25.6,0.03,17.88
2022,2,22,27.05,29.11,25.52,0.15,17.52
2022,2,23,27.13,29,25.57,4.17,16.54
2022,2,24,27.06,28.46,25.98,1.09,16.24
2022,2,25,26.7,28.13,25.6,0,16.48
2022,2,26,27.2,28.65,25.9,0.96,17.82
2022,2,27,26.99,28.51,25.73,0.32,16.85
2022,2,28,26.95,28.67,25.32,0.01,16.85
2022,3,1,27.22,29.03,25.79,0,16.3
2022,3,2,27.37,29.08,25.73,0,16.05
2022,3,3,27.56,28.81,26.64,0.47,16.91
2022,3,4,27.42,28.36,26.79,9.38,18.55
2022,3,5,27.23,28.26,26.46,0.81,18.19
2022,3,6,27.41,28.84,26.49,1.12,18.68
2022,3,7,27.76,29.85,26.29,1.37,18.98
2022,3,8,27.33,29.1,26.12,0.08,17.58
2022,3,9,27.27,29.46,25.59,0.01,17.27
2022,3,10,27.37,29.73,25.44,0,16.72
2022,3,11,27.35,29.34,25.73,0.01,17.7
2022,3,12,27.65,29.48,26.1,0.27,17.52
2022,3,13,27.84,29.7,26.4,0.03,17.64
2022,3,14,27.86,29.68,26.62,0,17.52
2022,3,15,27.93,30.22,26.08,0,16.36
2022,3,16,28.29,30.94,26.18,0,14.83
2022,3,17,28.66,31.62,25.8,0.11,15.81
2022,3,18,28.84,31.19,26.48,0.25,18.37
2022,3,19,28.83,30.69,27.05,0.18,19.1
2022,3,20,29.05,31.07,27.82,0.41,19.65
2022,3,21,29.08,30.99,27.66,0.49,19.59
2022,3,22,29.66,31.58,28.19,0.58,19.41
2022,3,23,29.4,31.16,27.82,0.72,19.96
2022,3,24,28.91,30.29,27.42,0.54,19.35
2022,3,25,28.97,30.52,27.31,1.16,18.74
2022,3,26,28.92,30.22,27.6,0.53,18.8
2022,3,27,29.37,31.3,27.51,0.52,19.17
2022,3,28,29.62,31.63,27.4,0.11,19.17
2022,3,29,29.62,31.65,27.63,0.14,19.65
2022,3,30,29.62,31.29,28.12,0.46,19.78
2022,3,31,29.6,31.57,27.59,0.51,19.53
2022,4,1,29.6,31.6,27.53,0.39,19.35
2022,4,2,29.45,30.92,27.77,0.43,19.04
2022,4,3,29.33,30.92,27.55,3.29,18.49
2022,4,4,29.61,31.74,27.69,3.06,18.74
2022,4,5,29.45,31.58,27.31,2.16,18.07
2022,4,6,28.84,29.82,27.54,1.73,18.19
2022,4,7,29.05,30.44,27.64,3.87,18.37
2022,4,8,29.07,30.62,27.62,12.55,18.19
2022,4,9,28.59,29.34,27.82,14.78,18.19
2022,4,10,28.54,29.45,27.76,23.28,18.68
2022,4,11,28.62,29.27,27.73,27.9,20.51
2022,4,12,28.63,29.1,28.21,10.54,20.69
2022,4,13,28.69,29.83,27.7,22.63,20.26
2022,4,14,28.55,29.69,27.39,6.31,19.59
2022,4,15,29.15,30.55,27.85,1.04,20.51
2022,4,16,29.3,30.41,28.3,3.47,21.06
2022,4,17,29.23,30.15,28.59,9.95,21.36
2022,4,18,29.38,30.65,28.36,4.11,20.45
2022,4,19,29.57,31,28.46,2.58,20.02
2022,4,20,29.1,30.21,27.83,0.27,20.51
2022,4,21,29.34,30.82,27.94,0.82,20.45
2022,4,22,28.76,29.71,27.94,16.36,20.2
2022,4,23,28.49,29.51,27.37,2.97,18.74
2022,4,24,29.54,31.22,27.79,3.55,18.55
2022,4,25,29.25,30.58,27.64,1,19.29
2022,4,26,29.95,31.71,28.19,0.08,19.84
2022,4,27,30.15,32.08,28.05,0.16,19.84
2022,4,28,29.68,31.04,28.12,1.55,20.57
2022,4,29,29.72,30.9,28.58,1.36,21.18
2022,4,30,29.87,30.98,28.95,0.35,21.48
2022,5,1,30.12,31.42,28.91,0.25,22.03
2022,5,2,30.18,31.23,29.42,0.69,22.16
2022,5,3,30.05,30.98,29,0.56,22.4
2022,5,4,29.84,31.11,28.73,0.42,22.09
2022,5,5,29.62,30.42,28.88,0.56,21.61
2022,5,6,29.8,31.18,28.56,1.43,19.78
2022,5,7,29.59,31.21,28.18,5.11,20.81
2022,5,8,29.85,30.82,29,1.65,21.73
2022,5,9,30.23,31.18,29.54,3.95,21.67
2022,5,10,30.01,31.04,29.27,3.3,20.2
2022,5,11,30.12,31.58,28.98,0.65,20.57
2022,5,12,29.96,31.57,28.72,0.27,19.96
2022,5,13,29.94,31.51,28.66,0.27,20.08
2022,5,14,29.59,30.8,28.59,0.91,19.53
2022,5,15,29.39,30.81,28.3,0.69,19.84
2022,5,16,29.33,30.78,28.25,0.61,20.26
2022,5,17,29.25,30.3,28.47,0.68,21
2022,5,18,29.09,30.41,28.37,0.7,20.26
2022,5,19,29.03,30.26,28.2,0.86,19.84
2022,5,20,29.12,30.4,28.13,0.41,20.2
2022,5,21,28.98,29.95,28.14,0.26,20.51
2022,5,22,29.41,31,28.26,0.4,20.63
2022,5,23,29.22,30.37,28.34,0.77,20.75
2022,5,24,28.96,30.01,28.21,1.15,21.18
2022,5,25,28.69,29.75,27.79,0.91,21.06
2022,5,26,28.62,30.08,27.64,0.39,20.75
2022,5,27,28.68,29.96,27.52,0.18,19.35
2022,5,28,28.79,30.19,27.53,0.33,19.65
2022,5,29,28.7,29.65,27.93,0.88,19.9
2022,5,30,28.8,29.97,27.8,0.48,20.08
2022,5,31,28.87,30.51,27.73,0.19,18.74
2022,6,1,28.83,30.12,27.9,0.11,19.35
2022,6,2,29.02,30.85,27.87,0.11,19.9
2022,6,3,28.87,30.05,27.95,0.09,20.26
2022,6,4,28.65,29.99,27.69,0.13,20.45
2022,6,5,28.5,30,27.48,1.77,20.63
2022,6,6,28.3,29.23,27.47,7.55,20.69
2022,6,7,28.28,29.26,27.65,3.25,20.08
2022,6,8,28.37,29.42,27.58,0.43,20.26
2022,6,9,28.51,29.75,27.66,0.29,20.63
2022,6,10,28.58,29.9,27.57,0.51,20.2
2022,6,11,28.01,29.06,27.31,0.23,19.29
2022,6,12,28.44,29.89,27.28,0.37,19.41
2022,6,13,28.66,30.43,27.23,0.08,17.88
2022,6,14,29.03,30.58,27.7,1.32,19.84
2022,6,15,28.69,30,27.78,1.49,19.23
2022,6,16,27.78,29.12,26.87,4.88,19.04
2022,6,17,27.84,28.84,26.94,4.25,19.41
2022,6,18,28.08,29.3,27.15,4.99,19.41
2022,6,19,28.41,29.74,27.4,1.79,19.41
2022,6,20,28.73,30.3,27.56,0.52,19.04
2022,6,21,28.87,30.43,27.88,0.51,19.17
2022,6,22,28.4,29.52,27.61,1.97,19.1
2022,6,23,28.51,29.6,27.59,0.36,19.35
2022,6,24,29.58,31.51,28.09,0.24,19.41
2022,6,25,29.15,30.42,27.98,0.23,19.23
2022,6,26,29.43,31.48,28,0.12,18.25
2022,6,27,29.23,30.91,27.87,0.18,19.84
2022,6,28,29.51,31.02,28.46,0.13,19.29
2022,6,29,29.87,31.65,28.33,0.11,19.17
2022,6,30,29.94,31.61,28.41,0.3,19.47
2022,7,1,29.81,31.23,28.4,0.08,19.29
2022,7,2,29.71,31.02,28.76,0.68,18.92
2022,7,3,29.15,30.17,28.15,0.89,19.35
2022,7,4,29.58,31.48,27.93,0.25,18.19
2022,7,5,29.59,31.24,28.24,0.1,18.37
2022,7,6,29.45,31.29,27.78,0.2,18.01
2022,7,7,29.4,30.38,28.26,0.32,18.49
2022,7,8,29.3,30.37,28.07,0.22,18.01
2022,7,9,29.37,31.14,28.04,1.48,18.07
2022,7,10,29.31,31.03,27.65,1.05,18.01
2022,7,11,28.53,29.79,27.65,104.28,18.07
2022,7,12,28.5,30.23,27.03,22.25,18.62
2022,7,13,28.69,30.55,27.26,1.59,18.86
2022,7,14,28.69,30.19,27.49,1.33,19.17
2022,7,15,28.66,30.44,27.21,0.34,19.35
2022,7,16,28.21,29.24,27.32,1.25,19.9
2022,7,17,28.25,29.43,27.48,1.1,20.08
2022,7,18,28.72,30.17,27.61,0.55,18.98
2022,7,19,28.84,30.37,27.29,1.85,19.17
2022,7,20,28.73,29.95,27.59,2.03,19.96
2022,7,21,28.58,30.17,27.26,4.83,20.14
2022,7,22,28.55,30.23,27.24,3.31,19.71
2022,7,23,28.33,29.17,27.47,9.99,19.78
2022,7,24,28.83,30.26,27.72,3.98,18.13
2022,7,25,28.82,30.19,27.39,3.68,19.29
2022,7,26,27.58,28.42,26.94,14.14,19.59
2022,7,27,28.09,29,26.96,6.71,18.86
2022,7,28,28.62,29.72,27.25,5.04,17.7
2022,7,29,28.84,29.98,27.75,5.51,17.46
2022,7,30,28.42,29.73,27.23,2.15,18.92
2022,7,31,28.35,30.08,26.97,4.41,19.35
2022,8,1,28.81,30.57,27.54,3.07,19.59
2022,8,2,28.01,28.73,27.45,2.9,19.47
2022,8,3,27.85,28.39,27.19,2.16,19.78
2022,8,4,28,29.01,27.42,2.81,19.17
2022,8,5,28.87,30.47,27.47,0.08,18.86
2022,8,6,28.44,29.41,27.51,0.46,19.04
2022,8,7,28.48,29.93,27.37,0.41,18.98
2022,8,8,28.38,29.88,27.33,0.21,18.98
2022,8,9,28.26,29.48,27.18,0.03,19.29
2022,8,10,28.46,30.39,26.86,0,18.98
2022,8,11,28.87,31,26.94,0.01,18.86
2022,8,12,28.95,30.88,27.55,0.02,18.8
2022,8,13,28.84,30.81,27.38,0.05,18.86
2022,8,14,28.56,30.13,27.22,0.03,18.01
2022,8,15,28.87,31.05,26.8,0.68,18.86
2022,8,16,28.55,30.63,26.93,0.98,19.47
2022,8,17,28.4,29.96,27.24,0.6,19.29
2022,8,18,28.31,29.75,27.27,5.08,19.84
2022,8,19,28.44,30.11,27.26,1.87,19.53
2022,8,20,28.32,29.99,27.23,2.06,19.78
2022,8,21,28.43,30.29,27.29,2.13,19.29
2022,8,22,28.73,30.29,27.62,12.96,19.47
2022,8,23,28.61,30.49,27.23,13.19,18.98
2022,8,24,27.55,28.33,26.82,7.68,18.62
2022,8,25,27.48,28.49,26.66,2.57,18.98
2022,8,26,27.98,29.55,26.35,6.74,18.07
2022,8,27,26.95,27.68,26.3,2.29,18.19
2022,8,28,27.66,28.9,26.47,4.68,18.55
2022,8,29,27.92,28.97,26.93,5.22,19.23
2022,8,30,28.1,29.07,26.72,7.32,18.8
2022,8,31,27.36,28.44,26.65,5.06,18.92
2022,9,1,27.6,28.86,26.51,11.54,17.52
2022,9,2,27.91,29.2,26.76,0.62,18.62
2022,9,3,27.91,29.15,27.04,0.96,19.41
2022,9,4,27.79,29.22,26.89,1.19,19.84
2022,9,5,27.69,29.05,26.9,3.56,20.02
2022,9,6,28.17,29.64,27.1,1.52,18.92
2022,9,7,27.86,28.66,27.09,1.73,18.86
2022,9,8,27.74,29.08,26.73,0.1,18.25
2022,9,9,28.06,29.38,27.12,0.01,18.98
2022,9,10,28.2,30.1,27.14,0.15,19.47
2022,9,11,28.38,30.25,27.2,0.16,19.59
2022,9,12,28.19,30.22,26.94,0.03,19.17
2022,9,13,27.87,29.33,26.85,0.02,18.92
2022,9,14,27.84,29.42,26.7,0.12,18.86
2022,9,15,27.92,29.35,26.73,0.07,19.04
2022,9,16,28.19,30.09,26.98,0.06,19.23
2022,9,17,27.97,29.58,26.82,0.14,19.47
2022,9,18,28.08,29.47,27.05,0.29,19.41
2022,9,19,28.4,29.82,27.22,0.47,19.71
2022,9,20,28.48,29.9,27.57,0.09,19.17
2022,9,21,28.5,30.71,27.23,0.07,18.68
2022,9,22,28.65,30.6,27.33,0.06,18.62
2022,9,23,28.69,30.73,27.35,0.07,18.19
2022,9,24,29.03,30.91,27.68,0.2,18.13
2022,9,25,29.31,31.25,27.16,1.32,18.37
2022,9,26,29.14,30.8,27.48,1.84,18.86
2022,9,27,29.19,31.17,27.33,0.98,18.98
2022,9,28,28.7,30.13,27.82,4.76,19.65
2022,9,29,28.28,29.19,27.55,5.28,19.17
2022,9,30,28.32,29.33,27.51,1.12,19.47
2022,10,1,28.94,30.64,27.4,0.21,18.49
2022,10,2,28.69,30.37,27.36,0.5,18.01
2022,10,3,28.76,30.42,27.35,0.92,18.19
2022,10,4,28.19,28.92,27.57,0.38,19.1
2022,10,5,27.8,28.51,27.32,2.25,19.1
2022,10,6,28.4,30.05,27.26,0.64,17.94
2022,10,7,28.69,30.46,27.28,0.74,17.82
2022,10,8,28.69,30.33,27.32,9.18,18.37
2022,10,9,28.12,29.23,27.09,13.08,18.19
2022,10,10,28.04,29.12,26.62,8.76,18.37
2022,10,11,28.98,30.62,27.18,1.99,19.1
2022,10,12,28.71,29.76,27.65,4.21,18.74
2022,10,13,28.81,30.48,27.28,3.26,18.74
2022,10,14,28.23,29.43,27.29,17.46,19.29
2022,10,15,27.83,28.94,27.13,22.96,19.41
2022,10,16,27.9,29.08,26.79,7.36,19.29
2022,10,17,28.03,29.32,26.82,2.53,19.29
2022,10,18,27.97,28.87,27.23,9.37,19.35
2022,10,19,28.06,29,26.84,4.73,18.37
2022,10,20,27.9,28.4,27.32,17.29,19.04
2022,10,21,27.51,28.22,26.51,21.41,17.64
2022,10,22,27.8,28.28,27.24,10.84,18.8
2022,10,23,27.78,28.76,27.1,17.65,18.62
2022,10,24,27.36,28.05,26.7,30.99,19.29
2022,10,25,27.84,28.51,27.24,12.68,19.04
2022,10,26,28.04,29.69,26.46,0.26,17.4
2022,10,27,28.37,29.84,27.15,0.01,16.05
2022,10,28,27.98,29.55,26.82,0.05,17.27
2022,10,29,27.95,29.22,26.7,12.34,19.04
2022,10,30,27.83,28.44,27.19,29.31,19.47
2022,10,31,27.48,28.21,26.63,27.14,19.84
2022,11,1,26.98,27.45,26.55,30.48,18.74
2022,11,2,26.55,27.11,26.04,23.32,18.01
2022,11,3,26.73,27.58,25.83,12.64,18.37
2022,11,4,27.21,28.33,26.23,13.57,18.01
2022,11,5,26.91,27.46,26.3,14.78,19.1
2022,11,6,27.14,28.05,26.33,3.54,18.8
2022,11,7,27.1,28.16,26.13,16.38,18.55
2022,11,8,27.21,28.08,26.3,13.06,18.98
2022,11,9,27.64,28.73,26.93,10.13,18.31
2022,11,10,27.48,28.51,26.41,28.31,18.31
2022,11,11,26.6,26.98,26.23,43.69,19.9
2022,11,12,26.64,27.49,25.8,17.72,19.1
2022,11,13,26.64,27.27,25.83,4.19,18.49
2022,11,14,26.69,27.5,26.16,17.09,18.55
2022,11,15,26.61,27.39,25.93,4.63,18.8
2022,11,16,26.92,27.94,26.08,0.75,17.7
2022,11,17,26.84,27.9,25.98,0,15.93
2022,11,18,26.97,28.48,25.74,0.03,16.36
2022,11,19,26.44,26.65,26.15,0.15,17.58
2022,11,20,26.05,26.65,25.21,0.01,16.42
2022,11,21,26.02,27.12,24.64,0,15.01
2022,11,22,26.5,27.9,24.94,0.02,17.27
2022,11,23,27.2,28.71,25.84,0.02,18.19
2022,11,24,27.4,29.28,25.8,0,17.27
2022,11,25,26.81,28.12,25.34,0.11,17.64
2022,11,26,27.03,28.41,25.88,0.66,17.94
2022,11,27,27.14,28.65,26.01,0.68,17.94
2022,11,28,26.7,27.96,25.45,2.31,17.94
2022,11,29,26.8,28.23,25.83,0.96,17.09
2022,11,30,26.6,27.69,25.25,3.36,17.21
2022,12,1,27.36,28.3,26.29,6.65,18.68
2022,12,2,27.49,28.48,26.8,8.51,18.86
2022,12,3,27.27,28.26,26.55,10.08,18.74
2022,12,4,27.03,27.78,26.31,15.64,18.62
2022,12,5,27.14,28.26,26.26,3.06,18.74
2022,12,6,27.11,28.29,26.26,0.17,17.58
2022,12,7,26.17,26.72,25.45,1.9,17.15
2022,12,8,24.26,25.65,22.21,30.27,14.22
2022,12,9,24.41,25.91,22.4,49.44,15.38
2022,12,10,26.65,28.02,25.51,11.71,17.33
2022,12,11,26.94,28.2,25.78,3.58,18.74
2022,12,12,27.13,28.4,26.08,1.42,18.86
2022,12,13,26.83,28.51,25.28,5.04,18.43
2022,12,14,26.5,27.9,25.26,3.63,18.13
2022,12,15,26.15,27.19,25.15,0.06,17.27
2022,12,16,26.69,27.87,25.93,0.09,17.52
2022,12,17,26.8,27.94,25.8,0.21,17.4
2022,12,18,26.66,27.59,26.1,0.22,17.03
2022,12,19,26.36,27.05,25.71,9.48,18.25
2022,12,20,26.65,27.76,25.98,7,19.17
2022,12,21,26.4,27.11,25.81,47.35,18.98
2022,12,22,26.08,26.86,25.57,14.12,18.92
2022,12,23,26.23,27.13,25.49,2.5,18.8
2022,12,24,26.39,27.32,25.76,5.45,19.29
2022,12,25,26.53,27.34,26.12,12.33,19.35
2022,12,26,26.76,27.83,26.01,2.13,18.8
2022,12,27,26.51,27.62,25.51,2.92,18.31
2022,12,28,26.76,28.07,25.81,0.92,17.82
2022,12,29,26.58,27.89,25.52,0.02,17.27
2022,12,30,25.96,27.17,25.08,0.01,16.85
2022,12,31,25.91,27.23,24.91,0.01,16.48
2023,1,1,25.75,26.9,24.66,0.04,16.6
2023,1,2,25.97,27.19,24.68,0.48,15.5
2023,1,3,25.97,27.05,24.82,0.73,15.62
2023,1,4,26.4,27.9,25.18,0.01,15.08
2023,1,5,26.3,27.25,25.27,1.48,16.97
2023,1,6,26.37,27.28,25.73,11.81,17.52
2023,1,7,26.36,27.41,25.63,7.64,17.09
2023,1,8,26.01,27.18,24.96,1.01,15.99
2023,1,9,25.33,26.66,24.28,0,15.01
2023,1,10,25.12,26.36,24.15,0.02,14.53
2023,1,11,25.42,27.03,24.24,0.03,14.1
2023,1,12,25.31,26.81,24.16,0,14.1
2023,1,13,25.03,26.76,23.65,0,14.34
2023,1,14,24.76,26.27,23.68,0.01,14.59
2023,1,15,24.88,26.42,23.44,0,15.26
2023,1,16,25.48,26.76,24.37,0.03,16.3
2023,1,17,25.35,26.87,24.3,0.22,15.81
2023,1,18,25.19,26.38,23.9,0.04,14.89
2023,1,19,25.37,26.65,24.32,0.02,13.79
2023,1,20,25.98,27.4,24.96,0.07,15.01
2023,1,21,25.93,27.52,24.56,0.18,15.44
2023,1,22,25.78,26.87,24.9,0.69,15.99
2023,1,23,26.13,27.28,25.31,5.37,17.82
2023,1,24,26,26.9,25.22,2.64,16.72
2023,1,25,25.67,27.05,24.65,0.04,15.2
2023,1,26,25.62,27.13,24.44,0.01,14.89
2023,1,27,25.5,26.83,24.48,0.12,15.99
2023,1,28,25.74,27.28,24.53,0.1,15.14
2023,1,29,26.12,27.37,24.98,0.9,16.91
2023,1,30,26.46,27.59,25.5,6.05,17.94
2023,1,31,25.48,25.94,24.65,4.46,17.76
2023,2,1,26.06,26.86,25.51,47,18.62
2023,2,2,26.38,27.4,25.68,47.15,18.8
2023,2,3,26.37,27.2,25.83,20.27,18.86
2023,2,4,26.49,27.58,25.77,6.93,18.13
2023,2,5,26.15,27.51,25.16,0.02,16.54
2023,2,6,26.08,27.57,24.94,0.03,16.48
2023,2,7,26.25,27.76,25.14,0.03,16.72
2023,2,8,26.09,27.54,25.03,0.9,17.58
2023,2,9,25.95,27.51,24.48,0.04,16.85
2023,2,10,25.9,27.47,24.76,0.03,16.11
2023,2,11,25.77,27.34,24.25,0,14.77
2023,2,12,25.67,27.53,24.16,0,14.77
2023,2,13,25.64,27.52,23.98,0,15.5
2023,2,14,25.52,27.32,24.1,0,15.44
2023,2,15,25.47,27.45,23.8,0,14.89
2023,2,16,25.44,27.12,23.9,0,15.26
2023,2,17,25.6,27.22,23.98,0.05,15.14
2023,2,18,26.68,28.29,25.11,0.04,16.17
2023,2,19,27.01,28.52,25.88,0.03,17.33
2023,2,20,26.49,28.1,25.16,0.03,17.21
2023,2,21,26.04,28.01,24.46,0,15.26
2023,2,22,25.99,27.87,24.42,0.01,14.4
2023,2,23,26.39,28.4,24.51,0.02,14.59
2023,2,24,26.36,28.31,24.76,0.01,16.05
2023,2,25,25.86,27.83,24.14,0,15.5
2023,2,26,26.15,27.95,24.52,0,14.65
2023,2,27,26.77,28.44,25.22,0.21,15.62
2023,2,28,27.4,28.6,26.42,5.52,18.19
2023,3,1,27.63,29.25,26.53,1.88,17.27
2023,3,2,27.19,28.74,26.05,0.01,16.6
2023,3,3,26.91,28.59,25.65,0.01,15.69
2023,3,4,27.23,28.72,25.78,0.31,17.64
2023,3,5,27.04,28.16,26.21,0.2,17.94
2023,3,6,27.23,28.8,26.06,0.04,17.27
2023,3,7,27.39,28.89,26.3,0.35,17.76
2023,3,8,27,28.48,25.88,0.37,17.76
2023,3,9,27.44,28.79,26.17,0.05,17.21
2023,3,10,27.31,28.44,26.49,0.37,17.4
2023,3,11,27.35,29.13,26.05,0.67,17.7
2023,3,12,27.69,29.05,26.4,0.16,18.31
2023,3,13,27.77,29.44,26.5,0.08,17.94
2023,3,14,27.52,29.45,25.95,0.03,18.01
2023,3,15,27.98,30.06,25.94,0.05,18.13
2023,3,16,27.9,29.55,26.66,0.19,18.62
2023,3,17,28.38,30.47,26.8,0.39,18.25
2023,3,18,28.69,30.67,27.05,1.19,18.13
2023,3,19,28.64,30.61,26.36,1.19,18.07
2023,3,20,28.49,29.92,27.28,9.18,18.86
2023,3,21,28.57,30.13,27.08,10.1,19.1
2023,3,22,28.46,29.92,26.76,4.16,19.23
2023,3,23,28.9,30.38,27.25,1.09,18.98
2023,3,24,29.2,31.38,26.82,1.79,18.13
2023,3,25,29.15,30.83,27.29,0.59,18.55
2023,3,26,29.4,31.2,27.37,0.12,17.94
2023,3,27,29.5,31.77,27.45,0.51,18.07
2023,3,28,29.3,31.92,27.02,0.6,17.94
2023,3,29,29.08,31.5,26.91,0.02,17.82
2023,3,30,29.14,31.51,26.64,0,16.54
2023,3,31,29.63,32.11,27.09,0.03,18.01
2023,4,1,29.94,32.18,27.5,0.24,18.37
2023,4,2,29.56,31.3,27.56,0.99,18.92
2023,4,3,29.45,30.82,27.84,1.22,19.17
2023,4,4,29.06,30.48,27.4,3.22,18.8
2023,4,5,29.52,31.11,27.73,0.88,18.62
2023,4,6,29.68,31.72,27.69,0.48,18.74
2023,4,7,29.8,32.43,27.71,0.05,17.94
2023,4,8,29.22,31.3,27.69,0.79,18.49
2023,4,9,29.05,31.16,27.43,0.21,18.8
2023,4,10,29.31,31.33,27.65,0.26,18.98
2023,4,11,29.54,31.7,27.76,0.47,19.04
2023,4,12,29.84,32.56,27.73,0.11,18.74
2023,4,13,30.04,32.9,27.58,0.02,17.03
2023,4,14,29.72,31.94,27.26,0,17.82
2023,4,15,30.27,32.44,28.21,0.28,19.29
2023,4,16,30.12,32.53,27.86,0.6,17.82
2023,4,17,30.04,32.05,27.76,1.71,18.62
2023,4,18,30.5,32.92,28.14,0.01,18.19
2023,4,19,30.1,31.82,28.04,0.05,19.96
2023,4,20,30.48,32.16,28.83,0.31,20.57
2023,4,21,30.54,32.27,29.08,0.27,20.51
2023,4,22,30.73,32.29,29.08,0.28,20.32
2023,4,23,30.91,32.89,28.82,1.37,20.08
2023,4,24,30.2,31.55,28.96,5.18,20.14
2023,4,25,29.97,31.4,28.73,1.42,19.65
2023,4,26,29.58,31.29,28.15,2.89,18.62
2023,4,27,30.48,33.19,28.3,3.24,18.86
2023,4,28,30.21,31.82,29.03,2.85,19.29
2023,4,29,30.2,32.24,28.6,8.15,19.53
2023,4,30,30.42,32.84,28.45,10.41,19.47
2023,5,1,28.85,29.58,28.47,46.54,20.75
2023,5,2,28.95,29.46,28.23,11.12,20.45
2023,5,3,29.16,30.44,28.31,13.76,19.59
2023,5,4,27.95,28.6,27.55,16.24,20.02
2023,5,5,28.32,29.1,27.56,20.29,19.29
2023,5,6,28.06,28.69,27.38,28.94,19.71
2023,5,7,27.65,28.21,27.15,25.11,19.53
2023,5,8,28.38,29.83,26.98,5.23,18.8
2023,5,9,28.86,29.58,28.23,0.75,19.17
2023,5,10,29.51,30.98,28.26,1.19,18.62
2023,5,11,29.67,30.79,28.62,0.54,20.81
2023,5,12,29.83,30.53,29.21,0.3,21.42
2023,5,13,29.8,30.9,28.94,0.13,21.42
2023,5,14,29.8,31.03,28.95,0.24,21.61
2023,5,15,29.63,31.01,28.62,0.31,21.85
2023,5,16,29.43,30.26,28.75,0.28,22.22
2023,5,17,29.46,30.33,28.67,0.4,21.79
2023,5,18,29.32,30.48,28.48,0.7,21.18
2023,5,19,29.3,30.48,28.32,0.17,21
2023,5,20,29.41,30.54,28.45,0.35,21.42
2023,5,21,29.3,30.32,28.55,0.76,21.3
2023,5,22,29.4,30.6,28.5,1.06,21.24
2023,5,23,29.34,30.62,28.37,0.45,21
2023,5,24,29.19,30.42,28.32,0.06,20.94
2023,5,25,29.45,30.69,28.33,0.08,21.06
2023,5,26,29.77,31.02,28.91,1.25,21.24
2023,5,27,29.83,31.02,28.84,1.16,21.18
2023,5,28,30,31.2,29.06,0.28,21.18
2023,5,29,30.08,31.61,28.91,0.48,21.55
2023,5,30,29.55,30.98,28.51,0.37,20.87
2023,5,31,29.76,31.37,28.69,0.09,19.41
2023,6,1,29.83,31.41,28.63,0.04,20.51
2023,6,2,29.69,30.93,28.64,0.07,21.18
2023,6,3,29.78,31.55,28.76,0.04,20.26
2023,6,4,29.66,31.17,28.76,0.02,20.63
2023,6,5,29.7,30.69,28.94,1.5,21.36
2023,6,6,29.74,31.04,28.69,1.69,21
2023,6,7,29.8,30.76,29.01,0.75,21.18
2023,6,8,29.74,31.12,28.32,0.14,20.45
2023,6,9,29.68,30.76,28.73,0.33,21.06
2023,6,10,29.97,30.98,28.88,0.17,21
2023,6,11,30.12,31.39,29.03,0.03,20.57
2023,6,12,30.12,31.06,29.35,0.39,21.24
2023,6,13,29.91,30.88,29.01,0.31,21.12
2023,6,14,29.58,30.64,28.96,0.27,19.47
2023,6,15,30.46,32.33,28.87,0.18,19.65
2023,6,16,30.48,31.66,29.37,0.77,21.06
2023,6,17,29.81,30.47,29.19,1.63,20.69
2023,6,18,29.32,29.96,28.53,6.03,19.65
2023,6,19,29.34,30.73,28.3,1.49,20.02
2023,6,20,29.42,30.68,28.59,0.31,20.2
2023,6,21,29.23,30.53,28.34,0.89,20.14
2023,6,22,29.48,31.11,28.37,0.73,20.08
2023,6,23,29.65,31.35,28.4,0.58,20.08
2023,6,24,29.62,31.08,28.69,0.29,20.08
2023,6,25,29.31,30.3,28.56,0.7,20.14
2023,6,26,29.03,30.39,28.09,0.08,19.53
2023,6,27,28.96,29.67,28.23,0.26,19.53
2023,6,28,28.99,30,28.06,0.09,19.96
2023,6,29,29.29,30.97,28.19,1.25,19.9
2023,6,30,29.18,30.49,28.33,0.62,19.96
2023,7,1,29.32,30.66,28.46,0.42,19.53
2023,7,2,28.94,30.25,28.14,1.14,18.8
2023,7,3,28.52,30.02,27.05,0.84,19.04
2023,7,4,29.28,30.33,28.16,0.07,19.04
2023,7,5,29.12,30.46,28.3,0.24,19.04
2023,7,6,29.26,30.64,27.91,0.11,19.1
2023,7,7,29.43,31.24,27.88,0.07,18.86
2023,7,8,29.28,31.22,27.87,0.2,18.98
2023,7,9,29.41,31.01,27.8,0.48,18.49
2023,7,10,28.95,30.56,27.83,3.28,19.53
2023,7,11,28.92,30.31,27.82,8.33,19.84
2023,7,12,29.07,31.08,27.73,1.53,20.02
2023,7,13,29.54,31.36,28.2,0.49,19.29
2023,7,14,29.66,31.58,28.34,0.6,18.98
2023,7,15,29.29,30.74,28.21,0.21,19.17
2023,7,16,29.32,30.91,28.21,0.48,20.08
2023,7,17,29.49,31.25,28.16,0.45,20.02
2023,7,18,29.56,31.05,28.22,0.07,20.14
2023,7,19,29.4,30.62,28.36,0.04,19.9
2023,7,20,29.85,31.95,28.22,0.06,19.41
2023,7,21,29.57,31.2,28.37,0.1,19.96
2023,7,22,29.22,30.72,28,0.75,19.29
2023,7,23,29.01,30.31,27.76,1.77,18.37
2023,7,24,28.87,30.08,27.54,0.19,19.04
2023,7,25,28.91,30.65,27.62,0.22,19.17
2023,7,26,29.14,30.26,28.05,0.34,19.53
2023,7,27,29.44,30.94,28.26,0.12,19.23
2023,7,28,29.7,31.88,28.14,0.06,18.55
2023,7,29,29.71,31.39,28.44,0.06,18.68
2023,7,30,29.9,32.05,28.54,0.03,18.86
2023,7,31,29.69,31.09,28.62,0.02,19.59
2023,8,1,29.53,31.4,28.4,0.01,19.35
2023,8,2,29.48,31.34,28.27,0.01,18.8
2023,8,3,29.6,31.44,28.32,0.01,19.35
2023,8,4,29.97,31.97,28.67,0.15,19.23
2023,8,5,30.06,31.8,28.75,0.17,19.23
2023,8,6,30.35,32.39,28.58,0.21,19.23
2023,8,7,30.08,32.14,28.55,0.24,19.78
2023,8,8,29.4,31.22,28.19,1.82,19.84
2023,8,9,29.12,30.95,27.76,3.02,20.02
2023,8,10,28.9,30.54,27.56,2.47,19.35
2023,8,11,29.08,30.94,27.38,8.77,19.78
2023,8,12,29.4,31.43,27.59,4.72,19.9
2023,8,13,29.95,31.52,28.65,3.29,19.78
2023,8,14,29.41,30.94,28.28,0.77,19.53
2023,8,15,28.94,30.54,28.01,0.1,18.86
2023,8,16,28.84,30.68,27.62,0.01,18.01
2023,8,17,28.85,30.89,27.55,0.01,18.98
2023,8,18,29.01,31.11,27.79,0.04,19.29
2023,8,19,29.02,30.79,27.76,0.09,19.1
2023,8,20,29.36,31.55,27.76,0.08,18.86
2023,8,21,29.57,31.46,27.99,0.24,19.65
2023,8,22,29.31,31.18,27.71,0.95,19.96
2023,8,23,29.37,31.39,27.81,0.93,19.9
2023,8,24,29.09,30.87,27.98,0.23,19.59
2023,8,25,28.85,30.4,27.89,0.04,19.35
2023,8,26,29.07,30.68,28.05,0.01,19.29
2023,8,27,29.42,31.32,27.92,0.02,19.65
2023,8,28,29.51,31.37,28.3,0.3,19.71
2023,8,29,28.8,29.75,27.8,1.57,20.14
2023,8,30,28.85,30.47,27.48,0.8,19.17
2023,8,31,29.12,30.69,27.98,1.28,19.29
2023,9,1,29.04,30.47,28.04,1.38,19.29
2023,9,2,29.26,31,28.11,0.6,19.35
2023,9,3,28.51,29.15,27.75,3.15,19.17
2023,9,4,29.1,30.9,27.57,0.87,18.55
2023,9,5,29.26,30.61,28.21,0.56,19.1
2023,9,6,28.88,29.76,28.26,1,19.47
2023,9,7,29.06,30.21,28.24,1.59,18.74
2023,9,8,29.23,31.19,27.87,0.77,18.62
2023,9,9,29.5,31.81,28.04,0.24,19.1
2023,9,10,29.65,31.55,28.32,0.07,18.37
2023,9,11,29.23,30.64,27.99,0.26,17.88
2023,9,12,29.08,30.67,27.93,0.44,17.88
2023,9,13,28.97,30.26,27.95,0.9,19.53
2023,9,14,28.98,30.82,27.81,0.92,19.78
2023,9,15,28.87,30.06,28.09,0.43,18.74
2023,9,16,29.15,30.86,27.88,1.19,18.92
2023,9,17,28.26,29.33,27.31,8.37,19.53
2023,9,18,27.97,29.42,26.96,10,19.47
2023,9,19,27.91,28.84,27.26,2.53,19.17
2023,9,20,28.46,30.32,26.75,1.37,18.86
2023,9,21,28.55,30.01,27.48,4.37,19.47
2023,9,22,28.61,30.1,27.46,4.23,19.35
2023,9,23,28.78,30.45,27.71,1.39,19.9
2023,9,24,28.76,29.98,27.79,0.74,19.59
2023,9,25,28.88,30.07,27.8,4.84,19.35
2023,9,26,28.55,29.29,27.9,8.31,19.96
2023,9,27,28.73,29.83,27.77,7.57,19.71
2023,9,28,28.86,30.38,27.84,1.42,19.29
2023,9,29,28.85,30.23,27.9,2.85,19.29
2023,9,30,28.83,30.57,27.74,2.06,18.68
2023,10,1,28.48,30.08,27.4,1.78,19.29
2023,10,2,28.67,30.26,27.44,1.63,19.65
2023,10,3,28.82,30.71,27.7,0.15,18.98
2023,10,4,28.72,30.78,27.25,0.4,18.74
2023,10,5,28.61,30.15,27.72,2.84,19.47
2023,10,6,28.55,30.05,27.56,6.38,20.02
2023,10,7,28.62,30.22,27.5,3.67,20.14
2023,10,8,28.45,29.64,27.66,9.27,20.45
2023,10,9,28.42,29.75,27.44,5.16,20.2
2023,10,10,28.54,29.98,27.26,1.79,19.84
2023,10,11,28.67,30.41,27.38,3.74,19.41
2023,10,12,28.35,29.9,27.21,2.23,19.17
2023,10,13,28.39,29.93,27.26,15.15,19.29
2023,10,14,28.03,29.16,27.07,21.55,19.23
2023,10,15,28.26,29.86,26.86,17.25,18.8
2023,10,16,28.18,29.33,27.08,12.1,19.1
2023,10,17,27.8,28.26,27.25,8.3,19.53
2023,10,18,28.23,29.57,27.47,3.38,19.59
2023,10,19,28.4,29.64,27.12,4.52,18.74
2023,10,20,28.33,29.51,27.14,4.41,17.4
2023,10,21,28.64,30.15,27.29,2.12,16.54
2023,10,22,27.76,28.4,27.31,4.39,18.19
2023,10,23,28.07,29.71,26.58,2.34,17.82
2023,10,24,28.34,29.58,26.93,4.4,18.43
2023,10,25,28.19,29.15,27.1,9.44,18.49
2023,10,26,28.5,30.19,27.26,0.26,18.01
2023,10,27,28.44,29.85,27.03,0.62,18.43
2023,10,28,28.48,29.9,27.18,2.16,18.74
2023,10,29,27.6,28.54,26.68,10.04,18.86
2023,10,30,27.89,29.37,26.57,12.09,18.86
2023,10,31,28.63,30.15,27.38,2.83,19.23
2023,11,1,28.66,30.04,27.46,9.33,19.04
2023,11,2,27.84,28.65,27.16,8,19.23
2023,11,3,28.16,29.83,26.7,21.18,18.68
2023,11,4,27.75,28.91,26.73,38.16,19.17
2023,11,5,27.59,28.54,26.45,15.61,18.01
2023,11,6,27.76,28.68,26.83,13.29,18.86
2023,11,7,27.42,28.15,26.41,24.63,19.23
2023,11,8,27.62,28.34,26.9,23.28,19.29
2023,11,9,27.7,28.72,26.62,8.79,18.43
2023,11,10,27.83,28.87,26.94,8.06,19.35
2023,11,11,28.47,29.25,27.43,18.61,20.45
2023,11,12,28.45,29.15,27.96,17.61,19.59
2023,11,13,27.85,28.53,26.97,18.15,19.59
2023,11,14,27.3,27.65,26.63,50.35,19.71
2023,11,15,27.52,28.23,26.98,19.95,19.96
2023,11,16,27.81,28.78,26.88,10.05,20.08
2023,11,17,27.91,28.46,27.42,8.3,20.45
2023,11,18,27.94,28.58,27.41,13.56,20.69
2023,11,19,27.81,28.63,27,28.25,19.35
2023,11,20,27.6,28.58,26.69,4.78,18.37
2023,11,21,27.71,28.68,26.55,3.03,19.29
2023,11,22,27.08,27.54,26.35,18.89,19.65
2023,11,23,27.58,29.11,26.13,1.64,17.94
2023,11,24,27.69,28.62,26.76,1.79,19.29
2023,11,25,27.9,28.82,26.84,7.79,20.14
2023,11,26,28.25,29.33,27.58,6.84,20.14
2023,11,27,28.4,29.63,27.47,3.84,19.71
2023,11,28,28.01,29.02,27.2,4.15,19.78
2023,11,29,27.23,27.74,26.83,10.1,19.53
2023,11,30,27.02,27.58,26.4,23.65,19.71
2023,12,1,27.12,27.72,26.4,26.41,20.08
2023,12,2,27.69,28.26,27.13,10.04,20.39
2023,12,3,27.69,28.9,26.59,6.58,19.71
2023,12,4,27.82,28.23,27.39,77.9,21.42
2023,12,5,28.11,28.87,27.58,8.5,21.36
2023,12,6,28.07,28.83,27.4,6.32,20.94
2023,12,7,28.23,29.22,27,3.5,19.65
2023,12,8,27.92,28.62,27.16,7.94,20.14
2023,12,9,27.62,28.51,26.84,4.74,19.9
2023,12,10,27.8,28.85,26.76,5.95,19.9
2023,12,11,27.83,28.58,27.23,2.1,19.29
2023,12,12,27.61,28.74,26.66,0.51,18.49
2023,12,13,27.26,28.37,26.23,0.08,17.82
2023,12,14,27.35,28.16,26.67,4.62,18.86
2023,12,15,27.48,28.2,26.89,4.81,19.59
2023,12,16,27.53,28.28,26.88,19.52,20.39
2023,12,17,27.39,28.1,26.89,26.07,20.45
2023,12,18,27.03,27.62,26.51,32.4,19.59
2023,12,19,27.15,28.18,26.45,14.4,19.53
2023,12,20,27.28,28.29,26.62,8.89,19.78
2023,12,21,27.44,28.56,26.61,4.85,19.71
2023,12,22,27.11,28.19,26.41,1.91,18.49
2023,12,23,26.94,28.12,26.01,1.51,18.01
2023,12,24,26.85,27.88,26.19,9.91,19.41
2023,12,25,26.97,28.26,26.01,2.22,18.98
2023,12,26,26.83,27.94,25.87,1.07,17.46
2023,12,27,27.01,27.99,26.09,4.53,19.1
2023,12,28,27.31,28.43,26.57,5.88,19.9
2023,12,29,27.3,28.41,26.65,6.06,19.65
2023,12,30,27.03,28.12,26.27,0.79,18.49
2023,12,31,26.78,27.88,25.84,0.61,17.76
