YEAR,MO,DY,T2M_MAX,T2M_MIN,T2M,QV2M,PRECTOTCORR
2019,1,1,29.11,24.2,26.3,16.48,0.27
2019,1,2,28.51,23.62,25.8,15.93,0.06
2019,1,3,28.93,23.48,25.96,15.44,0.03
2019,1,4,28.69,23.16,25.76,15.32,0.02
2019,1,5,29.51,23.15,26.15,16.48,0.09
2019,1,6,28.74,23.8,26.02,15.26,0.06
2019,1,7,29.32,23.4,26.3,15.99,0.01
2019,1,8,29.84,24.44,26.91,16.91,0.04
2019,1,9,29.72,24.3,26.78,16.97,0.26
2019,1,10,29.93,24.44,26.94,17.4,0.53
2019,1,11,28.71,24.88,26.63,17.64,15.72
2019,1,12,29.02,25.05,26.5,18.49,11.09
2019,1,13,29.09,25.12,26.74,18.19,6.13
2019,1,14,28.89,24.96,26.51,18.31,4.61
2019,1,15,29.48,24.28,26.67,17.4,3.08
2019,1,16,29.26,24.85,26.7,17.94,3.67
2019,1,17,29.64,24.08,26.55,16.48,0.3
2019,1,18,29.19,23.27,25.98,15.14,0.07
2019,1,19,28.72,22.47,25.54,14.04,0
2019,1,20,29.09,23,26.01,15.38,0.08
2019,1,21,29.08,24.15,26.37,16.17,0.02
2019,1,22,29.34,24.54,26.69,16.66,0.1
2019,1,23,29.96,24.53,27.01,17.15,0.06
2019,1,24,29.41,24.96,26.98,17.15,0.15
2019,1,25,29.68,25.12,27.18,18.01,1.18
2019,1,26,30.05,25.33,27.29,18.19,0.97
2019,1,27,29.81,25.39,27.16,17.15,0.49
2019,1,28,29.88,24.62,26.96,16.66,0.05
2019,1,29,30.2,23.19,26.54,15.69,0.01
2019,1,30,30.37,23.63,26.67,16.48,0.01
2019,1,31,30.3,24.26,26.88,16.91,0.13
2019,2,1,30.3,24.15,27.01,17.03,0.37
2019,2,2,30.3,24.62,27.14,17.7,5.38
2019,2,3,29.87,25.23,27.19,18.55,6.47
2019,2,4,29.46,25.35,27.01,18.31,9.78
2019,2,5,29.45,25.05,26.96,18.74,8.47
2019,2,6,29.15,25.33,26.9,18.43,7.1
2019,2,7,29.08,25.03,26.94,17.82,1.17
2019,2,8,28.7,25.58,26.93,18.68,3.13
2019,2,9,28.09,25.55,26.61,18.19,9.93
2019,2,10,29.68,25.08,27.02,17.64,2.89
2019,2,11,30.23,24.38,27.17,17.88,0.44
2019,2,12,30.33,24.94,27.37,17.64,0.19
2019,2,13,30.91,25.48,27.72,18.31,1.37
2019,2,14,31.08,25.14,27.8,18.55,1.38
2019,2,15,30.03,25.69,27.55,18.74,3.77
2019,2,16,28.24,26.06,27.15,19.65,23.99
2019,2,17,30.06,26.05,27.68,17.52,13.02
2019,2,18,29.65,25.73,27.37,18.31,6.26
2019,2,19,29.82,25.59,27.48,18.62,0.79
2019,2,20,29.83,25.12,27.25,17.58,0.09
2019,2,21,30.86,25.25,27.65,17.46,0.12
2019,2,22,30.77,24.44,27.21,16.78,0.08
2019,2,23,29.98,23.27,26.51,15.38,0.01
2019,2,24,30.5,23.94,27.22,16.91,0.17
2019,2,25,31.01,25.05,27.71,18.25,1.37
2019,2,26,29.28,25.18,27.05,18.98,11.41
2019,2,27,28.19,24.68,26.52,16.54,15.22
2019,2,28,29.51,25.56,27.37,18.25,0.71
2019,3,1,30.41,26.19,27.8,18.37,0.39
2019,3,2,30.22,25.3,27.64,17.64,0.08
2019,3,3,30.75,25.91,28,18.19,10.42
2019,3,4,28.9,25.58,26.78,18.07,23.96
2019,3,5,29.62,25.77,27.45,18.07,0.89
2019,3,6,29.48,26.03,27.48,18.74,1.08
2019,3,7,29.84,25.79,27.55,18.68,0.23
2019,3,8,29.83,25.92,27.61,18.13,0.61
2019,3,9,30.27,26.05,27.65,18.01,7.17
2019,3,10,30.54,25.69,27.64,17.27,1.62
2019,3,11,30.48,24.17,27.37,16.85,0.87
2019,3,12,30.7,24.6,27.59,16.6,0.3
2019,3,13,30.86,25.33,27.94,16.42,0.09
2019,3,14,31.55,25.47,28.22,16.24,0.15
2019,3,15,30.84,25.14,27.79,16.42,0.04
2019,3,16,30.72,25.22,27.91,17.82,1.07
2019,3,17,29.95,25.92,27.85,18.55,6.05
2019,3,18,30.23,26.18,27.89,19.17,8.4
2019,3,19,31.11,25.89,28.05,17.76,1.07
2019,3,20,30.99,24.94,27.81,17.7,0.09
2019,3,21,30.66,25.44,27.79,18.37,2.4
2019,3,22,31.17,25.87,28.19,18.68,0.44
2019,3,23,31.36,26.09,28.43,18.74,5.34
2019,3,24,31.44,25.55,28,17.09,1.58
2019,3,25,31.27,24.48,27.62,16.36,0
2019,3,26,31.8,24.63,28.05,16.24,0
2019,3,27,32.14,25.35,28.56,16.11,0.02
2019,3,28,32.16,25.78,28.56,16.66,0.31
2019,3,29,31.28,24.88,28.06,16.11,0
2019,3,30,31.03,26.3,28.28,16.97,0.29
2019,3,31,31.52,26.03,28.47,17.64,0.2
2019,4,1,31.39,26.34,28.51,17.82,0.09
2019,4,2,30.85,26.02,28.19,17.27,0.06
2019,4,3,30.9,26.43,28.23,17.09,0.17
2019,4,4,31.19,25.57,28.19,16.3,0.04
2019,4,5,31.94,26.6,28.9,16.78,0.07
2019,4,6,31.97,26.73,29.06,17.94,0.26
2019,4,7,30.95,26.93,28.68,18.8,0.2
2019,4,8,30.94,27.46,28.81,18.92,0.13
2019,4,9,31.51,27.15,28.95,18.74,0.14
2019,4,10,31.33,27.4,28.99,18.86,0.35
2019,4,11,29.75,27.47,28.25,19.04,5.06
2019,4,12,30.47,27.06,28.6,18.49,2.29
2019,4,13,31.93,27.46,29.26,18.92,3.24
2019,4,14,32.03,27.17,29.24,19.17,1.73
2019,4,15,31.58,27.42,29.15,18.74,3.34
2019,4,16,31.56,27.82,29.22,19.23,3.6
2019,4,17,29.51,27.13,28.05,19.59,21.73
2019,4,18,30.56,26.94,28.48,18.92,4.71
2019,4,19,29.9,27.1,28.26,19.41,2.73
2019,4,20,29.23,26.44,27.58,18.98,6.06
2019,4,21,30.79,26.14,28.22,17.58,3.33
2019,4,22,30.28,26.89,28.19,19.29,11.34
2019,4,23,30.89,26.62,28.53,19.04,5.41
2019,4,24,31.52,26.98,28.67,18.98,3.24
2019,4,25,30.51,26.96,28.24,19.04,20.29
2019,4,26,29.81,26.65,28.13,17.33,4.59
2019,4,27,29.98,26.63,28.18,17.88,2.49
2019,4,28,30.36,27.33,28.62,20.32,7.22
2019,4,29,30.05,27.66,28.64,21.12,13.54
2019,4,30,30.12,27.88,28.76,21,7.9
2019,5,1,29.59,27.84,28.58,21.24,7.01
2019,5,2,29.6,27.98,28.62,21.61,7.02
2019,5,3,29.65,27.35,28.48,21.36,11.41
2019,5,4,29.81,27.06,28.22,19.47,8.33
2019,5,5,29.43,27.31,28.11,20.02,6.78
2019,5,6,29.87,27.05,28.17,19.84,0.33
2019,5,7,30.19,26.97,28.36,20.08,0.29
2019,5,8,29.5,27.34,28.17,19.78,0.15
2019,5,9,30.43,26.98,28.39,18.86,0.03
2019,5,10,30.42,26.7,28.21,18.55,0.02
2019,5,11,30.58,26.79,28.33,19.17,0.03
2019,5,12,30.08,27.1,28.35,19.78,0.22
2019,5,13,30.55,27.21,28.56,19.53,0.09
2019,5,14,30.76,27.44,28.8,19.9,0.26
2019,5,15,30.86,27.67,28.88,20.2,0.16
2019,5,16,30.22,27.49,28.55,20.14,2.06
2019,5,17,29.58,27.35,28.27,20.32,1.72
2019,5,18,29.19,26.92,28.03,20.32,3.58
2019,5,19,30.08,26.45,28.23,19.17,3.38
2019,5,20,29.8,27.32,28.26,19.71,1.92
2019,5,21,29.77,27.06,28.17,19.35,3.39
2019,5,22,29.96,26.77,28.23,19.1,3.74
2019,5,23,29.54,27.23,28.15,20.2,6.09
2019,5,24,29.76,27.18,28.11,19.78,3.32
2019,5,25,29.33,27.1,28.01,19.84,3.91
2019,5,26,30.27,26.98,28.44,20.08,1.08
2019,5,27,30.04,27.49,28.58,20.57,1.33
2019,5,28,29.76,27.58,28.55,21,3.97
2019,5,29,29.82,27.67,28.58,21.3,6.62
2019,5,30,29.82,27.38,28.2,19.9,3.97
2019,5,31,29.69,27.17,28.08,19.47,1.93
2019,6,1,29.94,26.95,28.18,18.98,0.58
2019,6,2,30.39,27.35,28.56,19.35,2.2
2019,6,3,30.42,27.41,28.6,20.14,5.93
2019,6,4,29.26,27.42,28.13,20.32,4.64
2019,6,5,29.48,27.44,28.26,19.96,9.53
2019,6,6,29.76,27.48,28.11,20.02,11.65
2019,6,7,29.29,27.47,28.12,19.84,9.16
2019,6,8,30.37,27.22,28.49,19.1,8
2019,6,9,30.04,27.43,28.51,20.08,1.71
2019,6,10,29.95,27.53,28.4,19.9,2.81
2019,6,11,29.83,27.25,28.23,20.02,3.86
2019,6,12,29.78,27.33,28.24,20.39,3.66
2019,6,13,29.36,27.33,28.14,20.51,6.11
2019,6,14,29.79,27.13,28.11,18.13,2.18
2019,6,15,30.01,27.16,28.25,19.59,2.34
2019,6,16,29.93,27.3,28.55,20.39,0.49
2019,6,17,29.78,27.71,28.55,19.78,0.25
2019,6,18,29.78,27.73,28.51,19.9,0.29
2019,6,19,29.83,27.76,28.61,20.39,0.16
2019,6,20,29.58,27.05,28.2,19.04,1.09
2019,6,21,29.98,26.97,28.23,18.86,1.56
2019,6,22,29.87,27.47,28.41,19.41,1.17
2019,6,23,29.44,27.16,28.13,19.71,0.77
2019,6,24,29.65,27.41,28.25,20.51,1.46
2019,6,25,29.61,27.33,28.27,20.2,0.8
2019,6,26,29.44,27.19,28.12,19.78,0.06
2019,6,27,29.6,27.24,28.13,19.71,0.05
2019,6,28,30.39,26.87,28.36,18.92,0.04
2019,6,29,30.76,27.08,28.56,18.37,0.02
2019,6,30,29.48,27.16,28.02,19.23,0.09
2019,7,1,29.25,27.05,27.91,20.02,0.31
2019,7,2,29.68,26.99,28.08,19.78,0.43
2019,7,3,29.65,27.11,28.09,19.53,0.74
2019,7,4,30.14,27,28.21,19.04,0.34
2019,7,5,29.91,27.12,28.23,19.78,0.78
2019,7,6,30.1,27.28,28.3,19.78,0.65
2019,7,7,30.22,27.12,28.23,19.29,0.58
2019,7,8,30.1,26.95,28.18,19.53,0.7
2019,7,9,29.1,26.5,27.79,19.71,6.8
2019,7,10,29.73,25.82,27.55,18.31,6.72
2019,7,11,29.57,26.31,27.75,18.98,3.08
2019,7,12,29.89,26.83,28.07,19.35,6.88
2019,7,13,28.84,26.85,27.63,19.1,5.64
2019,7,14,29.65,26.68,27.83,18.92,4.4
2019,7,15,29.29,26.33,27.57,19.35,4.17
2019,7,16,29.01,26.73,27.65,19.53,5.78
2019,7,17,28.21,26.36,27.23,19.17,11.71
2019,7,18,28.9,26.3,27.3,18.74,8.54
2019,7,19,28.51,26.26,27.05,18.62,15.85
2019,7,20,28.68,26,26.92,18.43,3.01
2019,7,21,29.35,25.84,27.18,18.13,2.12
2019,7,22,29.58,25.87,27.37,18.25,1.67
2019,7,23,28.7,25.74,27.04,18.49,0.55
2019,7,24,29.37,25.53,27.25,18.74,2
2019,7,25,28.51,26.18,27.09,18.98,1.92
2019,7,26,28.45,25.94,26.96,18.92,0.44
2019,7,27,29.33,25.79,27.19,18.62,0.16
2019,7,28,29.48,26.21,27.4,18.55,0.16
2019,7,29,29.4,26.08,27.41,18.74,0.13
2019,7,30,29.4,26.15,27.44,18.31,0.2
2019,7,31,29.41,26.24,27.51,18.74,1.38
2019,8,1,28.72,26.64,27.41,19.65,6.41
2019,8,2,29.3,26.65,27.74,18.92,0.96
2019,8,3,29.3,26.83,27.82,19.41,0.71
2019,8,4,29.7,26.76,27.98,19.29,2.57
2019,8,5,29.66,26.89,27.95,19.29,6.71
2019,8,6,29.37,27.13,27.89,19.71,5.57
2019,8,7,28.88,26.99,27.76,19.65,5.73
2019,8,8,28.47,26.71,27.55,19.47,16.85
2019,8,9,29.39,26.65,27.73,19.47,8.34
2019,8,10,29,26.3,27.37,19.23,32.43
2019,8,11,29.3,25.9,27.18,18.55,14.64
2019,8,12,28.44,26.01,27,18.25,9.09
2019,8,13,27.4,25.95,26.56,18.49,16.01
2019,8,14,28.45,25.95,26.92,18.92,5.8
2019,8,15,28.36,26.33,27.08,18.92,0.8
2019,8,16,28.8,26.26,27.19,19.17,4.87
2019,8,17,27.93,24.94,26.28,17.21,2.92
2019,8,18,28.89,24.6,26.69,17.15,1.87
2019,8,19,28.87,26.2,27.12,18.92,5.27
2019,8,20,28.51,26.19,27.06,19.17,8.28
2019,8,21,29.15,26.15,27.33,18.55,4.95
2019,8,22,28.91,26.3,27.24,18.62,10.58
2019,8,23,27.92,25.92,26.74,18.25,14.69
2019,8,24,28.02,25.7,26.6,18.25,8.03
2019,8,25,28.3,25.74,26.85,17.7,10.36
2019,8,26,27.76,25.69,26.48,17.52,8.92
2019,8,27,28.33,25.69,26.85,18.19,6.09
2019,8,28,28.97,26.32,27.38,19.04,12.24
2019,8,29,28.45,26.14,27.11,18.55,12.74
2019,8,30,28.64,25.78,27.06,18.31,7.85
2019,8,31,28.22,26.42,27.13,19.17,8.22
2019,9,1,27.98,26.39,27.05,19.41,18.01
2019,9,2,28.82,26.42,27.36,19.41,5.33
2019,9,3,28.55,26.44,27.27,19.47,1.85
2019,9,4,28.76,26.62,27.42,19.47,2.06
2019,9,5,28.89,26.56,27.43,19.41,4.91
2019,9,6,28.95,26.55,27.48,19.65,2.88
2019,9,7,29.08,26.55,27.68,19.96,2.16
2019,9,8,29.8,26.65,27.85,19.47,0.98
2019,9,9,29.87,26.33,27.63,18.37,1.82
2019,9,10,29.46,26.27,27.59,19.41,5.65
2019,9,11,28.21,26.29,27.14,19.71,28.51
2019,9,12,28.15,25.62,26.66,18.43,21.62
2019,9,13,28.62,25.69,26.87,18.37,8.1
2019,9,14,27.96,25.76,26.81,18.68,18.21
2019,9,15,27.88,26.2,26.88,19.29,53.7
2019,9,16,27.12,25.57,26.32,18.74,33.02
2019,9,17,28.49,26.07,27.08,19.17,16.57
2019,9,18,28.67,26.31,27.27,19.65,6.18
2019,9,19,28.49,25.62,26.92,19.47,19.33
2019,9,20,28.42,25.39,26.69,17.09,5.61
2019,9,21,28.08,25.85,26.73,19.41,4.19
2019,9,22,27.9,25.81,26.71,19.29,33.12
2019,9,23,27.74,25.82,26.57,18.92,40.78
2019,9,24,27.44,25.56,26.31,18.55,12.51
2019,9,25,26.94,25.23,25.98,18.86,22.68
2019,9,26,28.3,25.08,26.56,18.07,5.29
2019,9,27,28.54,25.58,26.74,17.64,11.15
2019,9,28,28.09,24.9,26.15,17.58,11.81
2019,9,29,27.57,24.8,26.03,17.46,9.01
2019,9,30,27.68,25.27,26.33,17.88,6.78
2019,10,1,28.43,25.12,26.69,17.58,3.94
2019,10,2,28.46,25.78,26.82,18.43,3.33
2019,10,3,28.56,25.57,26.91,18.92,5.68
2019,10,4,28.68,25.41,26.81,18.25,9.39
2019,10,5,27.33,25.39,26.3,18.07,6.38
2019,10,6,27.06,25.21,25.98,17.82,14.33
2019,10,7,28.18,25.01,26.44,17.94,14.59
2019,10,8,27.73,25.6,26.43,18.68,12.85
2019,10,9,27.77,25.83,26.67,19.04,7.47
2019,10,10,27.15,25.37,26.16,18.62,9.51
2019,10,11,27.65,25.48,26.32,18.19,10.8
2019,10,12,28.21,25.3,26.66,18.13,7.61
2019,10,13,28.92,25.85,27.06,18.25,5.68
2019,10,14,28.78,25.52,26.96,18.55,8.76
2019,10,15,28.34,25.95,26.97,18.8,11.14
2019,10,16,27.41,25.76,26.41,18.8,19.64
2019,10,17,27.4,25.68,26.51,18.98,6.65
2019,10,18,29.18,25.83,27.38,18.74,6.89
2019,10,19,28.76,25.96,27.13,18.55,25.84
2019,10,20,28.59,25.69,26.94,18.37,28.84
2019,10,21,27.58,25.95,26.69,19.29,12.79
2019,10,22,27.62,25.44,26.3,18.55,6.35
2019,10,23,27.73,25.51,26.48,18.8,6.74
2019,10,24,26.51,25.02,25.88,18.49,49.93
2019,10,25,26.36,24.65,25.41,17.7,6.56
2019,10,26,27.05,24.74,25.8,18.01,6.34
2019,10,27,27.34,25.14,26.12,18.19,18.72
2019,10,28,28.44,24.76,26.5,17.76,11.1
2019,10,29,26.83,25.95,26.35,19.1,61.28
2019,10,30,27.32,25.73,26.54,18.8,31.16
2019,10,31,27.33,25.23,26.15,18.43,4.61
2019,11,1,28.13,25.22,26.4,18.43,6.93
2019,11,2,28.02,25.16,26.36,18.31,10.18
2019,11,3,28.22,24.58,26.17,17.15,16.7
2019,11,4,27.72,24.88,26.18,18.01,5.06
2019,11,5,27.62,25.37,26.28,18.55,15.31
2019,11,6,28.44,25.34,26.73,18.62,0.84
2019,11,7,28.26,25.8,26.87,18.92,1.16
2019,11,8,28.47,25.96,27.08,19.29,4.77
2019,11,9,27.78,26.08,26.8,19.47,13.46
2019,11,10,27.85,25.82,26.68,19.35,12.23
2019,11,11,26.85,25.57,26.16,18.31,15.13
2019,11,12,28.69,25.73,26.96,18.37,3.52
2019,11,13,28.84,25.35,26.97,18.68,1.43
2019,11,14,29.42,25.5,27.33,18.86,1.93
2019,11,15,29.23,25.94,27.4,19.65,18.83
2019,11,16,28.19,26.34,27.12,19.29,3
2019,11,17,29.2,26.28,27.51,19.04,4.95
2019,11,18,28.8,25.73,27.23,19.1,5.51
2019,11,19,28.67,26.01,27.2,19.41,13.82
2019,11,20,28.99,25.88,27.25,18.74,7.08
2019,11,21,29.47,25.34,27.34,18.62,2.78
2019,11,22,28.33,25.87,26.83,18.98,17.1
2019,11,23,28.01,25.97,26.87,19.17,8.61
2019,11,24,28.31,26.12,27.19,19.29,24.11
2019,11,25,28.87,26.26,27.38,19.35,10.32
2019,11,26,29.56,25.83,27.45,19.59,7.77
2019,11,27,29.46,25.78,27.46,19.84,11.32
2019,11,28,29.15,26.58,27.61,20.51,26.88
2019,11,29,28.55,25.76,27.01,19.47,44.28
2019,11,30,27.25,25.48,26.19,18.74,17.81
2019,12,1,27.86,25.47,26.52,18.49,21.61
2019,12,2,28.02,25.69,26.64,18.68,23.97
2019,12,3,27.92,25.37,26.58,17.88,7.08
2019,12,4,27.73,25.58,26.48,18.8,30.01
2019,12,5,27.73,25.51,26.44,19.41,32.09
2019,12,6,28.25,25.37,26.61,19.1,18.16
2019,12,7,28.44,25.7,26.72,19.04,3.06
2019,12,8,27.52,25.46,26.36,19.1,15.49
2019,12,9,27.1,25.99,26.52,19.84,1.91
2019,12,10,27.53,26.01,26.68,19.71,3.97
2019,12,11,27.48,25.73,26.43,19.1,4.53
2019,12,12,28.04,25.01,26.48,17.7,2.57
2019,12,13,28.51,25.31,26.76,18.74,1.32
2019,12,14,28.51,25.31,26.77,18.68,3.54
2019,12,15,28.65,25.41,26.85,18.37,0.57
2019,12,16,29.15,24.87,26.81,18.19,0.54
2019,12,17,28.17,25.48,26.71,19.29,13.1
2019,12,18,28.33,25.94,27,19.71,12.38
2019,12,19,28.3,26.08,27.04,19.96,19.47
2019,12,20,28.51,26.06,27.03,19.59,47.08
2019,12,21,27.92,25.47,26.65,18.74,20.01
2019,12,22,27.98,25.98,26.94,19.84,6.76
2019,12,23,28.33,26.17,26.98,19.71,9.29
2019,12,24,28.61,25.83,27.06,19.1,3.47
2019,12,25,28.8,24.94,26.79,18.98,7.05
2019,12,26,28.71,24.69,26.54,17.64,0.81
2019,12,27,28.62,24.23,26.4,17.21,0.64
2019,12,28,29.35,24.8,26.83,17.82,0.43
2019,12,29,28.67,24.52,26.38,16.6,0.23
2019,12,30,28.37,23.93,26.19,16.66,0
2019,12,31,29.07,24.62,26.76,18.01,0.32
2020,1,1,28.89,25.16,26.94,19.04,0.96
2020,1,2,28.97,25.37,26.99,19.23,11.12
2020,1,3,28.97,25.39,26.98,19.04,2.03
2020,1,4,29.31,25.45,27.25,18.8,3.06
2020,1,5,29.19,25.27,27.01,18.68,1.71
2020,1,6,29.2,25.03,26.98,18.68,0.75
2020,1,7,29.23,25.21,27.01,18.62,1.34
2020,1,8,29.31,25.32,27.02,18.43,1.31
2020,1,9,29.21,24.07,26.69,17.03,0.07
2020,1,10,28.69,24.05,26.3,16.48,0.04
2020,1,11,29.72,24.2,26.87,17.52,0.8
2020,1,12,29.39,25.3,26.99,18.8,1.88
2020,1,13,29.27,24.26,26.68,16.05,0.9
2020,1,14,28.95,23.76,26.23,15.44,0
2020,1,15,28.53,23.66,26.13,15.14,0.01
2020,1,16,28.99,23.8,26.4,16.72,0.73
2020,1,17,28.73,24.89,26.64,18.37,2.75
2020,1,18,29.23,24.78,26.9,18.74,1.81
2020,1,19,29.3,25.04,27.01,18.98,7.49
2020,1,20,29.57,25.15,27.22,18.8,3.44
2020,1,21,29.43,25.33,27.28,18.68,3.08
2020,1,22,29.06,25.73,27.15,19.47,8.2
2020,1,23,28.91,25.87,27.19,19.47,1.86
2020,1,24,29.8,25.39,27.21,18.8,0.55
2020,1,25,29.7,24.57,27,17.46,0.11
2020,1,26,29.19,24.53,26.7,16.72,0.22
2020,1,27,28.61,24.72,26.43,16.72,0.4
2020,1,28,28.7,24.37,26.26,15.75,0.12
2020,1,29,28.83,23.42,26.08,15.93,0.01
2020,1,30,29.33,23.49,26.3,16.3,0.03
2020,1,31,29.1,23.14,26.02,16.3,0.03
2020,2,1,28.9,23.45,26.05,15.81,0
2020,2,2,29.01,23.78,26.35,15.93,0.03
2020,2,3,29.38,24.35,26.67,16.78,0.07
2020,2,4,29.64,24.44,26.83,17.64,0.19
2020,2,5,28.83,25.02,26.7,17.88,2.83
2020,2,6,29.23,24.97,26.83,17.82,0.82
2020,2,7,29.01,25.12,26.81,17.21,0.02
2020,2,8,29.51,24.4,26.82,17.03,0.02
2020,2,9,29.5,24.41,26.69,16.66,0.01
2020,2,10,29.26,23.69,26.43,16.6,0.02
2020,2,11,29.58,24.32,26.78,17.58,0.73
2020,2,12,30.27,25.38,27.43,19.04,3.32
2020,2,13,30.05,25.51,27.32,18.86,1.96
2020,2,14,27.44,25.08,26.44,18.07,9.37
2020,2,15,29.93,25.19,27.37,18.19,1.83
2020,2,16,29.71,24.97,27.15,18.25,0.28
2020,2,17,29.89,24.51,26.97,17.46,0.11
2020,2,18,28.81,22.94,25.9,15.26,0
2020,2,19,29.22,22.71,26.1,15.62,0
2020,2,20,29.97,24.4,27.05,17.76,0.74
2020,2,21,29.56,25.8,27.55,19.59,5.39
2020,2,22,29.55,25.69,27.4,19.53,4.19
2020,2,23,29.96,25.16,27.08,18.62,2.07
2020,2,24,29.73,25.23,27.25,18.74,0.23
2020,2,25,29.98,25.37,27.46,18.8,0.22
2020,2,26,30.01,25.33,27.45,18.31,0.02
2020,2,27,30.65,24.61,27.4,17.76,0.01
2020,2,28,30.31,24.62,27.24,17.27,0.03
2020,2,29,30.17,24.73,27.35,17.27,0.03
2020,3,1,30.16,25.26,27.57,17.94,0.01
2020,3,2,29.98,25.67,27.66,17.94,0.65
2020,3,3,30.26,25.79,27.67,18.31,1.89
2020,3,4,29.49,26.17,27.52,18.43,0.65
2020,3,5,29.15,25.85,27.26,18.49,1.87
2020,3,6,29.24,26.06,27.33,18.43,3.01
2020,3,7,29.55,25.65,27.23,18.07,1.95
2020,3,8,30.22,25.11,27.46,18.07,0.36
2020,3,9,30.76,25.4,27.87,18.07,0.9
2020,3,10,30.76,25.39,27.77,17.76,0.44
2020,3,11,30,24.71,27.22,17.33,0.66
2020,3,12,30.35,24.54,27.27,17.21,0.1
2020,3,13,30.6,24.68,27.51,17.33,0.03
2020,3,14,30.44,25.09,27.63,17.7,0.08
2020,3,15,30.57,25.44,27.86,18.37,0.26
2020,3,16,31.44,25.68,28.31,18.86,2.24
2020,3,17,30.51,26.08,27.87,19.04,6.69
2020,3,18,30.06,26.45,27.98,19.17,1.01
2020,3,19,30.69,26.01,28.08,19.04,1.45
2020,3,20,30.6,25.84,28.1,17.46,0.69
2020,3,21,30.06,26.09,27.76,17.88,0.2
2020,3,22,30.55,24.79,27.46,17.4,0.02
2020,3,23,30.72,25.24,27.72,17.46,0.13
2020,3,24,30.76,24.89,27.62,17.7,1.44
2020,3,25,30.85,25.61,27.92,17.88,1.7
2020,3,26,30.3,24.99,27.44,16.72,0.16
2020,3,27,30.88,24.32,27.44,17.33,0.1
2020,3,28,31.33,24.74,27.83,16.91,0.04
2020,3,29,30.92,25.96,28.08,17.82,0.31
2020,3,30,30.66,26.54,28.21,18.8,2.36
2020,3,31,30.88,26.06,28.19,18.68,13.43
2020,4,1,31.69,25.92,28.16,17.4,0.94
2020,4,2,31.42,24.33,27.69,16.91,0.03
2020,4,3,30.93,25.12,27.81,17.7,0.21
2020,4,4,30.88,26.08,28.27,18.86,3.68
2020,4,5,30.69,26.67,28.44,18.86,1.58
2020,4,6,30.86,26.89,28.48,18.37,0.69
2020,4,7,30.43,26.85,28.24,18.43,2.36
2020,4,8,30.56,26.42,28.24,19.17,6.31
2020,4,9,29.23,26.97,27.8,19.04,9.28
2020,4,10,29.4,26.37,27.66,18.74,4.42
2020,4,11,30.9,26.36,28.38,19.29,5.51
2020,4,12,31.38,26.09,28.55,19.29,6.8
2020,4,13,30.88,26.59,28.53,19.9,8.95
2020,4,14,30.03,27.01,28.3,20.02,16.26
2020,4,15,30.11,26.64,28.07,19.59,10.74
2020,4,16,30.17,26.57,28.15,19.04,3.99
2020,4,17,30.17,26.83,28.23,19.53,4.31
2020,4,18,30.29,26.9,28.37,19.65,1.52
2020,4,19,30.89,27.07,28.73,19.78,2.53
2020,4,20,30.98,27.14,28.81,19.78,0.79
2020,4,21,31.04,27.26,28.94,20.26,3.17
2020,4,22,29.67,27.12,28.2,19.9,10.14
2020,4,23,30.41,26.9,28.39,19.59,4.8
2020,4,24,29.07,27.03,27.85,19.53,5.33
2020,4,25,31.36,26.99,28.87,19.84,6.51
2020,4,26,29.44,27.04,28.12,20.14,13.12
2020,4,27,30.45,27.24,28.68,20.63,3.71
2020,4,28,28.9,27.25,28.12,19.59,6.94
2020,4,29,30.55,27.14,28.78,19.65,3.71
2020,4,30,29.8,27.16,28.53,19.53,6.24
2020,5,1,30.84,26.89,28.62,18.68,3.04
2020,5,2,30.92,27.19,28.88,20.26,5.66
2020,5,3,30.41,27.72,28.85,20.94,4.18
2020,5,4,29.82,27.95,28.67,21.06,8.91
2020,5,5,29.81,27.45,28.38,19.53,6.89
2020,5,6,29.58,27.24,28.23,19.53,8.2
2020,5,7,30.59,27.3,28.62,19.47,12.37
2020,5,8,29.64,27.19,28.26,20.08,7.99
2020,5,9,30.03,27.33,28.49,20.26,8.46
2020,5,10,29.58,27.39,28.33,20.81,12.07
2020,5,11,28.17,26.82,27.55,20.39,49.98
2020,5,12,31.4,26.67,28.7,19.71,23.69
2020,5,13,29.38,27.12,28.07,20.02,9.93
2020,5,14,29.69,27.03,28.25,20.39,9.9
2020,5,15,30.07,27.3,28.53,21.06,22.19
2020,5,16,29.08,27.3,28.02,20.57,15.97
2020,5,17,29.95,27,28.51,20.75,8.15
2020,5,18,29.17,27.87,28.38,20.69,23.07
2020,5,19,28.98,27.24,28.01,19.78,9.47
2020,5,20,30.08,27.79,28.64,20.51,3.56
2020,5,21,28.76,27.33,27.99,20.14,4.5
2020,5,22,29.58,27.24,28.15,20.39,4.52
2020,5,23,29.75,27.48,28.27,20.75,3.73
2020,5,24,29.97,27.17,28.23,20.57,4.26
2020,5,25,29.43,27.36,28.08,20.75,7.17
2020,5,26,29.13,27.17,28.02,20.87,3.45
2020,5,27,29.01,27.39,28.05,21,8.5
2020,5,28,29.25,27.49,28.18,20.69,5.44
2020,5,29,28.55,26.98,27.68,20.63,7.93
2020,5,30,28.73,26.61,27.64,19.84,7.9
2020,5,31,29.88,27.3,28.23,20.14,0.93
2020,6,1,29.58,26.97,28.12,19.53,0.06
2020,6,2,29.34,26.3,27.65,19.1,0.25
2020,6,3,29.48,25.83,27.58,19.04,0.02
2020,6,4,29.58,26.34,27.81,19.23,0.05
2020,6,5,29.66,26.76,27.98,20.02,1.51
2020,6,6,29.04,27.09,27.76,19.23,7.81
2020,6,7,28.55,25.63,27.21,18.8,5.79
2020,6,8,29.55,25.87,27.84,19.9,3.25
2020,6,9,29.44,27.26,28.15,20.45,5.68
2020,6,10,29.3,27.5,28.15,20.75,8.5
2020,6,11,28.51,25.46,26.98,18.19,4.96
2020,6,12,29.17,26.18,27.74,19.47,7.07
2020,6,13,29.26,27.16,27.95,19.96,3.44
2020,6,14,29.58,26.97,28,20.02,3.42
2020,6,15,29.24,27.24,28.05,20.63,2.91
2020,6,16,29.08,27.14,27.85,20.51,1.33
2020,6,17,29.08,27.05,27.8,20.14,3.06
2020,6,18,28.72,26.94,27.74,19.96,2
2020,6,19,29.3,27.04,27.95,19.96,1.96
2020,6,20,28.52,26.6,27.44,19.29,1.99
2020,6,21,29.17,26.26,27.49,18.92,4.46
2020,6,22,29.12,26.47,27.57,18.74,1.84
2020,6,23,30.02,26.44,27.89,18.8,1.29
2020,6,24,29.2,26.02,27.44,19.29,3.79
2020,6,25,28.52,26.03,27.13,18.07,10.7
2020,6,26,29.07,25.81,27.32,18.68,7.62
2020,6,27,29.19,26.8,27.69,19.1,2.15
2020,6,28,29.54,26.74,27.89,19.78,2.33
2020,6,29,28.83,27.06,27.72,20.2,9.76
2020,6,30,28.76,26.74,27.59,20.2,11.2
2020,7,1,28.98,26.71,27.62,20.02,2.76
2020,7,2,28.66,26.82,27.61,19.9,1.54
2020,7,3,28.51,26.19,27.22,19.04,6.07
2020,7,4,28.94,26.01,27.43,19.1,1.22
2020,7,5,29.24,26.69,27.62,18.13,1.21
2020,7,6,28.86,26.62,27.58,18.86,2.83
2020,7,7,29.38,26.29,27.66,18.98,1.76
2020,7,8,28.25,26.5,27.3,19.23,2.76
2020,7,9,28.28,26.48,27.18,19.35,5.09
2020,7,10,28.36,26.38,27.08,19.53,10.78
2020,7,11,28.05,26.39,26.99,18.86,4.08
2020,7,12,28.88,26.37,27.29,18.8,1.73
2020,7,13,28.56,26.45,27.34,18.86,0.95
2020,7,14,28.88,26.58,27.57,19.59,5.14
2020,7,15,28.58,26.83,27.55,20.2,13.49
2020,7,16,27.23,26.21,26.67,19.41,10.7
2020,7,17,27.3,25.54,26.38,18.74,5.73
2020,7,18,28.22,25.32,26.65,19.04,3.04
2020,7,19,27.72,26.05,26.72,19.59,11.26
2020,7,20,27.16,25.66,26.35,18.8,23.15
2020,7,21,27.4,25.58,26.42,18.55,2.26
2020,7,22,27.51,25.53,26.41,18.74,1.22
2020,7,23,27.86,26.06,26.76,19.17,12.12
2020,7,24,28.68,26.12,27.11,18.68,2.59
2020,7,25,27.26,25.01,26.08,18.25,5.84
2020,7,26,27.24,24.65,25.9,17.52,1.11
2020,7,27,28.69,25.55,26.87,18.37,1.13
2020,7,28,28.18,25.91,26.8,18.98,1.57
2020,7,29,28.23,26,26.78,18.25,6.53
2020,7,30,28.83,25.97,27.08,18.19,1.37
2020,7,31,28.8,26.06,27.16,19.04,5.09
2020,8,1,28.66,26.22,27.12,19.35,9.97
2020,8,2,28.06,26.11,26.86,19.47,9.24
2020,8,3,28.05,25.94,26.76,19.65,7.46
2020,8,4,27.98,26.12,26.87,19.71,5.26
2020,8,5,27.88,26.02,26.67,18.92,12.3
2020,8,6,27.8,26.1,26.7,19.17,27.23
2020,8,7,28.52,25.83,26.87,18.98,7.69
2020,8,8,28.27,25.78,26.7,19.04,3.29
2020,8,9,28.44,25.5,26.54,18.62,5.11
2020,8,10,28.63,25.5,26.74,18.92,6.22
2020,8,11,28.13,25.88,26.69,19.65,9.37
2020,8,12,28.34,25.73,26.67,19.23,5.67
2020,8,13,28.48,25.55,26.62,19.17,1.21
2020,8,14,28.44,25.51,26.65,18.37,0.63
2020,8,15,28.27,25.74,26.8,19.1,0.13
2020,8,16,28.65,25.81,26.94,18.98,0.14
2020,8,17,29.15,25.77,27.25,19.04,0.56
2020,8,18,29.63,26.28,27.51,18.62,0.46
2020,8,19,29.1,26.02,27.34,18.49,0.61
2020,8,20,29.46,26.29,27.55,19.23,0.86
2020,8,21,29.64,26.08,27.55,18.74,0.57
2020,8,22,29.56,26.32,27.65,18.86,1.09
2020,8,23,29.33,26.14,27.44,18.62,1.38
2020,8,24,29.13,25.88,27.33,18.43,0.54
2020,8,25,29.63,26.15,27.64,18.98,2.24
2020,8,26,28.2,26.32,27.11,18.74,5.57
2020,8,27,29.45,26.23,27.59,18.49,5.21
2020,8,28,29.1,26.33,27.44,18.68,2.13
2020,8,29,29.05,26.69,27.55,18.62,0.19
2020,8,30,28.89,26.41,27.4,18.86,0.61
2020,8,31,27.73,25.94,26.77,18.68,1.94
2020,9,1,28.4,25.63,26.77,18.25,10.02
2020,9,2,27.56,25.62,26.48,18.43,15.1
2020,9,3,28.41,26.16,27.13,19.17,4.11
2020,9,4,28.48,26.33,27.12,19.53,9.16
2020,9,5,28.4,25.98,26.97,18.68,3.86
2020,9,6,28.8,25.72,27,18.62,27.68
2020,9,7,28.26,25.38,26.69,17.7,3.3
2020,9,8,28.32,26,27.05,18.92,14.29
2020,9,9,28.36,26.43,27.15,19.17,10.79
2020,9,10,27.76,26.15,26.91,18.8,4.2
2020,9,11,28.86,26.33,27.3,18.86,4.18
2020,9,12,28.96,26.3,27.23,19.17,10.96
2020,9,13,28.13,26.13,26.83,19.1,10.21
2020,9,14,28.23,25.96,26.92,19.17,5.61
2020,9,15,28.9,25.93,27.12,18.98,4.72
2020,9,16,28.84,25.99,27.14,19.23,1.89
2020,9,17,28.39,26.27,27.11,19.9,3.17
2020,9,18,27.88,26.01,26.87,19.65,12.96
2020,9,19,28.08,25.65,26.61,18.8,20.96
2020,9,20,28.71,25.55,26.97,18.07,14.88
2020,9,21,28.75,25.8,27.05,18.43,6.56
2020,9,22,28.05,26.01,26.8,18.8,10.33
2020,9,23,28.81,25.94,27.04,18.8,1.56
2020,9,24,28.24,25.85,26.82,18.8,7.1
2020,9,25,26.2,24.87,25.48,18.13,11.61
2020,9,26,28.24,25.05,26.55,18.92,3.68
2020,9,27,28,25.49,26.69,19.23,2.55
2020,9,28,28.4,26.03,27.03,19.35,5.87
2020,9,29,28.07,26.25,26.95,19.53,18.44
2020,9,30,28.24,25.97,26.95,18.31,12.47
2020,10,1,28.76,26.27,27.12,18.62,0.78
2020,10,2,28.59,26.11,27.01,18.68,0.79
2020,10,3,28.87,26.23,27.19,18.62,0.7
2020,10,4,28.37,25.94,26.87,18.68,0.96
2020,10,5,29.31,25.58,27.01,18.55,0.22
2020,10,6,28.96,25.31,26.86,18.31,0.26
2020,10,7,28.8,25.76,26.94,18.62,0.42
2020,10,8,28.8,25.87,27.08,18.86,0.89
2020,10,9,28.91,26.03,27.23,19.04,5.85
2020,10,10,28.42,26.41,27.17,19.1,12.77
2020,10,11,28.76,26.37,27.26,18.74,6.96
2020,10,12,28.64,26.3,27.19,18.86,13.24
2020,10,13,28.19,26.55,27.16,19.29,17.19
2020,10,14,28.63,26.52,27.3,19.84,13.64
2020,10,15,28.69,26.32,27.21,19.47,6.63
2020,10,16,28.62,25.9,27.01,19.96,8.33
2020,10,17,28.63,25.51,26.72,18.43,0.94
2020,10,18,28.97,25.49,26.87,18.74,0.37
2020,10,19,28.84,25.69,26.88,19.1,0.55
2020,10,20,28.55,26.05,26.95,19.41,0.52
2020,10,21,28.65,26.08,27.11,19.65,1.64
2020,10,22,28.71,26.13,27.12,19.41,2.85
2020,10,23,28.02,26.06,26.85,19.35,1.61
2020,10,24,28.71,25.99,27.08,19.29,2.01
2020,10,25,28.98,26.03,27.19,19.35,1.9
2020,10,26,29.11,25.69,27.18,19.29,1.6
2020,10,27,28.83,25.65,27,19.23,4.29
2020,10,28,28.27,25.58,26.73,18.98,4.94
2020,10,29,29.62,25.22,27.14,18.8,2.48
2020,10,30,28.82,25.43,26.9,19.04,4.14
2020,10,31,29.09,25.78,27.13,19.04,3.11
2020,11,1,28.37,26.08,27.02,18.86,3.6
2020,11,2,28.72,26.02,27.17,19.1,3.24
2020,11,3,29.64,25.8,27.59,18.8,6.14
2020,11,4,28.77,26.39,27.38,19.35,20.38
2020,11,5,29.44,25.95,27.54,18.68,22.16
2020,11,6,28.69,26.13,27.21,18.86,13.85
2020,11,7,29.6,26,27.66,19.29,5.3
2020,11,8,29.33,25.95,27.48,19.1,18.51
2020,11,9,29.68,26.19,27.67,19.1,10.93
2020,11,10,28.13,26.09,26.98,19.04,10.46
2020,11,11,28.6,25.94,27.18,19.47,19.8
2020,11,12,28.1,26.01,26.86,19.23,9.88
2020,11,13,29.55,25.8,27.49,18.92,15.26
2020,11,14,29.85,26.01,27.7,19.23,5.92
2020,11,15,28.21,26.49,27.2,19.71,9.16
2020,11,16,28.28,26.14,26.94,19.65,39.18
2020,11,17,27.36,25.65,26.45,19.53,15.13
2020,11,18,27.91,25.59,26.51,18.43,18.93
2020,11,19,29.19,25.87,27.4,17.76,4.1
2020,11,20,28.47,25.65,26.83,18.25,5.69
2020,11,21,27.55,25.15,26.23,18.37,7.39
2020,11,22,28.89,25.31,26.95,17.21,2.09
2020,11,23,28.98,25.56,26.98,18.01,0.85
2020,11,24,28.89,25.44,27.01,19.35,1.92
2020,11,25,27.93,26.4,27.11,19.65,1.68
2020,11,26,28.37,26.08,27.11,18.07,0.91
2020,11,27,27.82,25.3,26.48,18.25,7.96
2020,11,28,29.36,25.29,27.08,17.58,4.52
2020,11,29,29.85,25.42,27.4,18.01,0.96
2020,11,30,30.26,25.48,27.68,17.94,2.18
2020,12,1,28.46,25.46,27.07,18.25,5.64
2020,12,2,27.48,25.37,26.34,18.92,9.96
2020,12,3,28.43,26.36,27.15,19.23,4.64
2020,12,4,28.86,26.48,27.45,19.47,5.47
2020,12,5,28.76,26.48,27.38,19.29,5.23
2020,12,6,29.27,26.28,27.51,18.37,0.48
2020,12,7,29.57,25.87,27.58,17.15,4.88
2020,12,8,28.61,25.62,26.86,18.86,6.8
2020,12,9,29.31,25.3,27.09,18.43,4.79
2020,12,10,28.62,25.38,26.96,18.25,6.4
2020,12,11,29.52,25.51,27.2,17.82,1.83
2020,12,12,27.32,25.35,26.16,17.4,0.99
2020,12,13,28.73,24.7,26.62,16.78,0.39
2020,12,14,29.03,24.49,26.78,15.99,0.08
2020,12,15,28.77,24.39,26.48,16.66,0.34
2020,12,16,28.63,24.93,26.62,17.15,0.15
2020,12,17,29.02,24.91,26.71,17.46,0.38
2020,12,18,28.12,25.07,26.49,17.52,5.16
2020,12,19,27.95,24.77,26.15,18.07,6.52
2020,12,20,27.67,25.29,26.46,18.98,32.03
2020,12,21,27.3,25.37,26.27,18.92,30.6
2020,12,22,27.92,25.34,26.23,18.62,15.86
2020,12,23,27.66,25.15,26.24,18.62,4.32
2020,12,24,29.01,24.56,26.64,18.55,3.13
2020,12,25,29.28,24.58,26.67,17.7,0.45
2020,12,26,29,23.82,26.38,17.27,0.92
2020,12,27,28.11,24.88,26.29,18.01,29.27
2020,12,28,29.08,24.84,26.68,18.37,7.76
2020,12,29,28.18,24.87,26.29,18.62,5.82
2020,12,30,28.76,24.62,26.6,18.31,0.86
2020,12,31,28.09,25.53,26.62,19.1,13.24
2021,1,1,28.12,24.92,26.32,17.88,7.39
2021,1,2,28.93,24.69,26.65,18.25,2.59
2021,1,3,27.8,25.11,26.33,19.17,6.05
2021,1,4,27.19,25.23,26.3,19.1,16.62
2021,1,5,28.17,24.76,26.26,18.25,6.67
2021,1,6,28.06,24.93,26.31,18.49,3.07
2021,1,7,27.91,25.15,26.26,18.13,1
2021,1,8,28.44,25.3,26.75,18.62,6.73
2021,1,9,26.74,24.7,25.77,18.19,28.49
2021,1,10,26.64,24.57,25.49,17.27,14.59
2021,1,11,28.12,24.77,26.06,18.43,17.09
2021,1,12,27.31,25.5,26.33,18.98,17.18
2021,1,13,27.21,25.28,26.14,18.8,21.83
2021,1,14,27.15,24.65,25.9,17.58,7.83
2021,1,15,27.59,24.87,25.98,15.44,4.89
2021,1,16,26.15,23.68,25.08,17.27,5.57
2021,1,17,29.05,24.74,26.65,17.88,3.86
2021,1,18,28.49,24.92,26.45,18.49,6.73
2021,1,19,28.47,24.82,26.56,17.82,4.84
2021,1,20,29.03,25.52,26.88,18.92,3.78
2021,1,21,28.73,25.62,26.97,18.86,3.54
2021,1,22,29.48,25.05,27.04,18.37,0.88
2021,1,23,29.08,24.82,26.82,17.21,0.27
2021,1,24,29.14,24.3,26.52,16.6,0.07
2021,1,25,28.94,24.55,26.42,16.6,0.03
2021,1,26,28.56,23.48,25.96,15.2,0.02
2021,1,27,28.66,23.53,26.01,15.62,0.04
2021,1,28,29.19,23.9,26.59,16.11,0.45
2021,1,29,26.02,23.94,25.2,16.36,5.07
2021,1,30,29.01,24.4,26.41,17.58,4.28
2021,1,31,28.47,24.79,26.37,17.64,9.81
2021,2,1,29.15,24.83,26.75,17.76,2.49
2021,2,2,29.18,25.13,26.83,18.8,4.77
2021,2,3,28.95,25.21,26.69,18.49,3.09
2021,2,4,29.37,24.74,26.68,17.33,0.58
2021,2,5,28.96,23.99,26.45,17.03,5.57
2021,2,6,29.04,24.48,26.66,17.76,5.91
2021,2,7,29.5,24.91,26.95,18.37,1.43
2021,2,8,29.66,25.07,26.86,18.62,3.31
2021,2,9,29.27,23.91,26.24,16.6,0.16
2021,2,10,28.89,22.9,25.8,15.26,0
2021,2,11,28.59,23.19,25.88,15.38,0.01
2021,2,12,29.19,23.91,26.48,16.36,0.04
2021,2,13,29.46,24.65,26.98,17.09,0.37
2021,2,14,29.48,24.97,27.15,17.76,0.78
2021,2,15,29.94,25.04,27.43,18.01,1.38
2021,2,16,29.48,25.48,27.21,18.19,0.93
2021,2,17,29.96,25.28,27.27,17.82,0.16
2021,2,18,29.76,24.57,27.04,16.97,0.39
2021,2,19,29.72,24.87,27.08,17.94,2.98
2021,2,20,29.28,25.4,27.19,18.62,3.97
2021,2,21,29.46,25.48,27.21,18.01,2.37
2021,2,22,29.79,24.86,27.15,18.37,6.08
2021,2,23,30.18,25.33,27.36,18.13,0.81
2021,2,24,29.67,24.3,26.93,17.82,1.54
2021,2,25,29.69,25.12,27.3,18.31,0.4
2021,2,26,28.63,25.66,26.94,18.86,0.8
2021,2,27,28.68,25.55,26.98,18.43,0.68
2021,2,28,29.24,25.29,26.93,17.64,0.21
2021,3,1,29.49,24.24,26.69,15.81,1.42
2021,3,2,28.9,23.24,26.18,15.26,0.01
2021,3,3,29.16,23.73,26.36,15.93,0.42
2021,3,4,29.87,23.98,26.73,15.93,0.07
2021,3,5,30.04,24.26,27.17,16.36,1.86
2021,3,6,28.58,25.74,27.01,18.07,17.61
2021,3,7,28.76,25.64,27.12,18.86,12.57
2021,3,8,28.47,25.88,27.07,19.47,11.53
2021,3,9,29.55,25.31,27.2,18.49,1.85
2021,3,10,28.25,25.51,26.64,18.25,15.61
2021,3,11,27.96,25.4,26.45,17.94,8.59
2021,3,12,29.23,25.08,26.95,17.7,4.19
2021,3,13,29.91,25.16,27.4,18.25,2.53
2021,3,14,29.33,25.4,27.21,18.68,4.44
2021,3,15,30.48,25.23,27.65,18.07,0.36
2021,3,16,30.4,25.33,27.79,18.01,0.67
2021,3,17,29.29,25.3,27.34,18.25,3.12
2021,3,18,28.11,25.73,26.76,17.09,5.48
2021,3,19,26.93,25.23,25.94,17.21,3.39
2021,3,20,27.85,24.96,26.27,17.21,4.29
2021,3,21,28.76,25.21,26.75,17.7,7.21
2021,3,22,29.23,25.58,27.22,18.13,3.75
2021,3,23,29.25,25.85,27.3,18.92,7.04
2021,3,24,28.31,25.62,26.75,18.62,10.88
2021,3,25,28.71,25.63,26.84,17.15,2.4
2021,3,26,30.39,25.94,27.82,17.94,2.8
2021,3,27,28.08,25.12,26.46,17.88,12.79
2021,3,28,29.04,24.78,26.6,16.48,27.21
2021,3,29,29.62,25.26,27.09,17.52,10.94
2021,3,30,29,25.54,27.23,18.25,33.1
2021,3,31,29.38,25.95,27.55,19.59,1.84
2021,4,1,29.24,26.44,27.62,20.02,0.78
2021,4,2,30.45,26.63,28.3,19.9,0.25
2021,4,3,29.87,26.69,27.98,19.78,0.26
2021,4,4,30.1,26.48,27.97,19.35,0.08
2021,4,5,30.66,26.05,28.15,19.41,0.17
2021,4,6,30.19,26.22,27.95,19.04,1.05
2021,4,7,29.86,25.52,27.51,18.31,2.31
2021,4,8,29,25.97,27.19,18.31,1.83
2021,4,9,29.68,25.61,27.45,18.37,1
2021,4,10,30.14,26.32,27.9,17.82,2.08
2021,4,11,29.53,26.22,27.58,17.88,2.36
2021,4,12,30.24,26.16,27.85,17.52,2.84
2021,4,13,29.51,26.37,27.64,18.37,3.84
2021,4,14,29.61,26.4,27.89,18.25,5.53
2021,4,15,28.73,26.42,27.43,18.31,24.8
2021,4,16,29.13,25.88,27.19,18.07,5.49
2021,4,17,28.76,26.23,27.61,19.53,8.76
2021,4,18,28.84,26.71,27.67,19.1,6.14
2021,4,19,29.55,26.51,27.87,19.17,0.87
2021,4,20,29.77,26.66,28.02,19.23,4.59
2021,4,21,29.58,26.87,28.01,19.53,13.18
2021,4,22,29.6,26.98,28.1,19.65,6.64
2021,4,23,29.61,27.23,28.16,19.78,8.37
2021,4,24,29.44,27.08,28.08,20.02,9.58
2021,4,25,30.43,26.73,28.34,19.23,1.71
2021,4,26,29.73,27.22,28.31,19.71,13.83
2021,4,27,29.97,27.32,28.4,19.96,1.04
2021,4,28,29.9,27.3,28.32,19.78,5.6
2021,4,29,29.26,26.82,27.89,19.71,5.9
2021,4,30,30.1,27,28.39,19.41,6.52
2021,5,1,28.65,27.15,27.87,19.1,12.43
2021,5,2,30.02,26.97,28.22,18.92,3.43
2021,5,3,30.24,26.75,28.27,18.74,11.15
2021,5,4,29.47,26.83,27.98,18.8,17.64
2021,5,5,30.27,26.94,28.23,18.8,2.45
2021,5,6,29.74,26.67,27.99,19.23,6.94
2021,5,7,29.37,26.82,27.96,19.29,6.71
2021,5,8,30.02,26.44,27.99,18.92,12.82
2021,5,9,29.41,26.65,27.94,19.65,9.01
2021,5,10,29.05,27.15,28.01,20.2,18.29
2021,5,11,28.94,27.16,27.9,19.96,20.53
2021,5,12,29.33,26.96,28.03,20.51,6.03
2021,5,13,29.81,27.19,28.19,20.39,15.99
2021,5,14,29.18,26.77,27.66,19.9,10.99
2021,5,15,29.27,26.9,27.73,19.9,1.92
2021,5,16,29.29,26.61,27.81,19.9,1.75
2021,5,17,30.31,26.41,28.19,19.53,4.92
2021,5,18,30.03,27.1,28.35,19.47,1.19
2021,5,19,29.36,27.24,28.12,20.14,2.45
2021,5,20,29.09,27.26,28.01,19.96,7.86
2021,5,21,29.42,27.24,28.15,20.26,13.74
2021,5,22,29.24,27.5,28.22,20.57,6.84
2021,5,23,29.26,27.49,28.32,20.63,4.91
2021,5,24,29.26,27.8,28.38,21.36,20.77
2021,5,25,28.26,27.14,27.64,19.84,35.68
2021,5,26,29.25,27.15,27.99,18.86,6.5
2021,5,27,29.02,27.12,27.78,19.59,2.56
2021,5,28,29.15,27.21,27.9,20.32,5.76
2021,5,29,29.1,27.08,27.85,20.51,5.61
2021,5,30,29.24,26.85,27.78,20.08,1.63
2021,5,31,29.19,26.92,27.73,20.02,1.65
2021,6,1,29.49,26.71,27.78,19.53,0.68
2021,6,2,29.52,26.65,27.87,19.71,5.31
2021,6,3,29.14,26.74,27.68,19.65,10.33
2021,6,4,27.19,26.2,26.69,19.53,35.44
2021,6,5,28.01,26.64,27.27,19.84,5.34
2021,6,6,29.12,26.61,27.62,19.59,2.69
2021,6,7,29.02,26.53,27.58,19.9,3.7
2021,6,8,28.59,26.77,27.46,20.08,20.26
2021,6,9,28.68,26.1,27.26,19.17,9.35
2021,6,10,28.84,26.69,27.54,19.96,2.86
2021,6,11,29.02,26.52,27.48,19.29,0.73
2021,6,12,29.25,26.37,27.63,19.53,1.99
2021,6,13,28.62,26.69,27.51,20.08,10.36
2021,6,14,28.67,25.96,27.26,19.35,11.38
2021,6,15,28.94,26.35,27.4,18.86,0.3
2021,6,16,29.22,26.33,27.47,19.1,0.1
2021,6,17,29.22,26.56,27.58,19.29,0.11
2021,6,18,28.5,26.44,27.29,19.9,0.28
2021,6,19,28.94,26.27,27.33,19.59,0.29
2021,6,20,28.62,26.09,27.22,18.98,0.39
2021,6,21,29.23,26.34,27.55,19.47,1.38
2021,6,22,28.24,26.66,27.4,19.9,7.37
2021,6,23,28.67,25.95,27.21,18.37,2.49
2021,6,24,28.65,26.62,27.44,19.53,12.93
2021,6,25,28.91,26.84,27.58,19.53,2.11
2021,6,26,28.3,26.26,27.17,18.74,2.94
2021,6,27,28.66,26.46,27.32,18.92,3.8
2021,6,28,28.81,26.16,27.26,18.13,2.36
2021,6,29,28.51,25.91,27.15,19.23,2.53
2021,6,30,28.69,26.42,27.41,19.84,2.88
2021,7,1,27.9,26.17,26.95,19.23,12.9
2021,7,2,28.68,25.76,27.16,18.49,2.57
2021,7,3,28.56,26.8,27.49,20.02,4.36
2021,7,4,28.11,26.54,27.08,19.96,4.48
2021,7,5,28.54,26.21,27.19,19.71,10.39
2021,7,6,27.89,26.07,26.81,19.23,14.2
2021,7,7,28.35,26.23,27.08,18.92,5.02
2021,7,8,28.43,26.67,27.39,19.59,9.4
2021,7,9,28.23,26.51,27.19,19.59,20.19
2021,7,10,27.16,26.16,26.6,19.1,12.15
2021,7,11,28.71,26.25,27.22,19.04,5.16
2021,7,12,28.61,26.23,27.15,19.65,2.17
2021,7,13,28.36,25.76,26.84,18.86,1.25
2021,7,14,28.72,25.64,26.94,19.17,0.77
2021,7,15,29.3,25.8,27.18,19.47,1.78
2021,7,16,28.82,25.73,27.04,19.29,1.16
2021,7,17,29.11,26.3,27.36,19.41,3.06
2021,7,18,28.37,26.55,27.27,19.65,4.67
2021,7,19,28.48,26.58,27.28,19.53,1.25
2021,7,20,28.44,26.58,27.34,19.47,0.8
2021,7,21,29.01,26.69,27.48,19.47,1.05
2021,7,22,28.25,26.65,27.28,20.14,5.64
2021,7,23,28.24,26.47,27.22,20.02,15.03
2021,7,24,28.51,26.03,26.91,18.43,7.1
2021,7,25,28.41,26.21,26.99,18.98,9.2
2021,7,26,28.48,26.12,27.03,18.92,5.31
2021,7,27,28.64,26.17,27.07,19.65,10.86
2021,7,28,28.24,26.07,26.9,19.47,7.71
2021,7,29,28.57,25.81,26.88,18.98,2.7
2021,7,30,28.59,25.98,27.02,19.29,0.66
2021,7,31,28.29,25.94,26.84,19.1,0.24
2021,8,1,28.11,26.01,26.79,19.23,0.42
2021,8,2,28.24,25.96,26.84,18.74,0.65
2021,8,3,28.29,25.81,26.72,18.37,0.09
2021,8,4,28.55,26.03,27.01,19.35,2.47
2021,8,5,28.32,26.05,26.92,19.29,3.83
2021,8,6,28.3,26.16,26.93,19.53,4.92
2021,8,7,28.12,25.92,26.79,19.71,9.83
2021,8,8,27.65,25.3,26.27,18.8,12.48
2021,8,9,27.69,25.27,26.2,18.68,15.63
2021,8,10,27.46,25.53,26.23,18.62,4.03
2021,8,11,27.24,25.35,26.16,18.92,14.67
2021,8,12,27.94,25.73,26.52,19.1,11.12
2021,8,13,28.28,25.54,26.51,19.04,2.05
2021,8,14,28,25.62,26.5,18.55,1.63
2021,8,15,28.1,25.78,26.62,19.17,1.17
2021,8,16,28,25.32,26.37,18.68,5.19
2021,8,17,27.9,25.37,26.38,19.41,2.5
2021,8,18,27.5,25.04,26.05,17.76,3.53
2021,8,19,28.79,24.85,26.69,18.62,1.21
2021,8,20,29,25.77,27.07,19.1,2.78
2021,8,21,28.19,26.08,26.92,19.17,10.56
2021,8,22,27.65,25.66,26.6,19.29,8.73
2021,8,23,27.89,25.33,26.43,18.55,3.52
2021,8,24,27.87,25.23,26.44,18.43,4.68
2021,8,25,27.76,25.6,26.55,19.1,13.08
2021,8,26,28.35,25.47,26.81,19.1,10.83
2021,8,27,28.65,26.31,27.25,19.59,8.73
2021,8,28,28.4,26.17,27.01,19.41,10.45
2021,8,29,28.19,25.95,26.83,18.49,18.89
2021,8,30,28.51,25.94,26.9,19.1,2.75
2021,8,31,28.48,26.06,27.02,19.53,2.08
2021,9,1,28.46,25.98,26.94,19.29,5.55
2021,9,2,27.78,25.88,26.65,19.35,6.83
2021,9,3,27.92,25.58,26.61,19.1,3.44
2021,9,4,27.88,25.98,26.77,18.98,4.07
2021,9,5,28.63,26.03,27.08,19.17,7.92
2021,9,6,27.84,26.31,26.89,19.9,9.42
2021,9,7,28.13,26.09,26.8,19.47,6.15
2021,9,8,27.85,25.76,26.51,19.1,6.09
2021,9,9,28.49,25.73,26.82,19.04,1.55
2021,9,10,28.43,25.85,26.87,19.17,2.2
2021,9,11,28.4,25.9,26.92,19.1,1.43
2021,9,12,28.46,25.8,26.83,18.68,1.49
2021,9,13,28.55,26.15,27.07,18.98,2.43
2021,9,14,28.72,26.27,27.23,19.59,3.3
2021,9,15,28.57,26.45,27.24,20.2,5.52
2021,9,16,28.19,26.03,26.82,19.04,8.43
2021,9,17,28.37,25.96,26.88,19.71,5.91
2021,9,18,29.05,26.17,27.29,19.04,10.65
2021,9,19,28.88,26.27,27.36,19.41,4.01
2021,9,20,28.8,26.49,27.36,19.84,6.52
2021,9,21,28.39,26.34,27.15,19.53,6.24
2021,9,22,28.98,26.48,27.49,20.02,5.42
2021,9,23,29.03,26.83,27.61,19.59,13.27
2021,9,24,29.05,26.65,27.44,19.65,20.49
2021,9,25,29.01,26.05,27.37,18.8,3.72
2021,9,26,28.3,25.99,27.1,19.17,13.32
2021,9,27,27.97,25.78,26.67,18.25,8.6
2021,9,28,28.48,25.87,26.88,18.55,6.9
2021,9,29,28.76,26.18,27.2,19.1,1.2
2021,9,30,29.18,26.1,27.21,18.92,9.65
2021,10,1,27.32,25.42,26.31,18.43,27.54
2021,10,2,28.11,25.11,26.47,18.68,12.82
2021,10,3,28.52,25.4,26.89,19.35,7.15
2021,10,4,28.42,26.5,27.27,20.02,14.31
2021,10,5,27.7,25.9,26.79,19.59,25.21
2021,10,6,28.45,25.87,27.01,19.1,12.14
2021,10,7,28.58,26.24,27.21,19.47,0.87
2021,10,8,28.57,26.12,27.15,19.35,1.19
2021,10,9,28.85,25.9,27.15,19.29,1.9
2021,10,10,28.3,26.62,27.34,19.71,9.35
2021,10,11,28.09,26.51,27.08,19.65,21.16
2021,10,12,29.09,26.35,27.42,18.92,4.94
2021,10,13,28.83,26.34,27.38,19.35,0.96
2021,10,14,28.65,26.63,27.43,19.96,1.43
2021,10,15,28.67,26.75,27.53,20.39,1.79
2021,10,16,29.01,26.74,27.62,20.45,6.61
2021,10,17,27.99,26.42,27.15,19.96,4.43
2021,10,18,28.69,26.46,27.33,19.9,4.2
2021,10,19,28.6,25.83,27.05,18.98,3.68
2021,10,20,28.64,25.83,27.05,19.17,6.59
2021,10,21,29.12,26.17,27.45,18.98,6.77
2021,10,22,28.95,26.33,27.43,18.8,5.49
2021,10,23,28.26,25.83,26.91,18.19,6.84
2021,10,24,28.4,25.43,26.71,18.31,7.68
2021,10,25,28.5,25.44,26.88,18.8,21.49
2021,10,26,27.32,25.47,26.4,18.37,21.86
2021,10,27,27.57,25.13,26.24,18.19,20.67
2021,10,28,28.93,25.12,26.73,18.62,5.4
2021,10,29,27.02,25.31,26.12,18.43,11.89
2021,10,30,28.17,24.98,26.52,18.74,7.74
2021,10,31,28.4,25.98,27.12,20.14,40.37
2021,11,1,27.52,25.56,26.69,19.59,12.15
2021,11,2,28.53,25.05,26.68,18.43,18.41
2021,11,3,28.19,25.74,26.76,18.68,34.2
2021,11,4,27.87,25.38,26.66,18.62,27.93
2021,11,5,28.28,26.25,27.02,18.92,16.79
2021,11,6,28.3,26.25,27.07,19.17,14.29
2021,11,7,28.15,26.11,26.9,18.8,24.21
2021,11,8,27.48,25.48,26.43,18.19,17.19
2021,11,9,27.73,25.31,26.3,18.55,6.74
2021,11,10,28.44,25.4,26.94,19.1,3.49
2021,11,11,28.41,26.01,27.05,19.04,5.08
2021,11,12,28.72,26.39,27.33,18.49,2.95
2021,11,13,28.58,26.28,27.17,18.92,1.43
2021,11,14,28.97,26.47,27.49,19.65,5.51
2021,11,15,28.69,26.69,27.45,19.59,6.38
2021,11,16,28.18,26.47,27.08,19.59,11.66
2021,11,17,28.37,25.99,26.98,19.47,11.33
2021,11,18,28.3,25.8,26.8,18.92,5.25
2021,11,19,28.59,25.98,27.1,18.98,4.69
2021,11,20,28.9,25.33,26.94,18.25,1.6
2021,11,21,29.26,24.83,26.82,17.21,0.07
2021,11,22,29.35,24.95,27.1,17.33,0.32
2021,11,23,29.05,25.69,26.94,17.88,10.73
2021,11,24,28.74,25.43,26.83,18.25,43.53
2021,11,25,27.65,25.33,26.28,18.68,29.49
2021,11,26,27.33,25.17,26.36,19.41,5.7
2021,11,27,27.73,25.97,26.65,19.29,30.89
2021,11,28,26.83,24.97,25.83,18.19,15.82
2021,11,29,27.39,24.44,25.93,17.64,7.14
2021,11,30,28.25,25.51,26.84,17.76,11.48
2021,12,1,29.43,25.86,27.35,18.13,3.53
2021,12,2,28.64,25.73,27.04,18.8,4.54
2021,12,3,28.34,25.95,27.03,19.23,7.77
2021,12,4,28.48,26.09,27.09,19.35,9.66
2021,12,5,29.08,25.61,27.14,19.17,4.99
2021,12,6,28.05,25.67,26.63,19.1,26.42
2021,12,7,29.02,25.05,26.87,18.19,2.96
2021,12,8,29.32,24.57,27,18.37,3.43
2021,12,9,29.02,25.8,27.26,18.62,7.65
2021,12,10,28.69,25.23,26.83,18.55,1.5
2021,12,11,29.56,25.46,27.27,18.92,2.13
2021,12,12,28.98,25.22,27.01,19.1,8.99
2021,12,13,27.98,25.93,26.79,19.53,27.68
2021,12,14,27.57,25.47,26.47,19.04,12.73
2021,12,15,27.32,25.12,26.12,18.43,9.33
2021,12,16,28.76,25,26.6,17.7,3.68
2021,12,17,28.54,25.33,26.72,17.58,3.79
2021,12,18,29.18,24.58,26.79,17.09,13.85
2021,12,19,29.3,25.72,27.12,18.74,16.2
2021,12,20,29.22,24.95,26.93,17.94,0.44
2021,12,21,29.38,24.87,27.06,17.7,0.83
2021,12,22,29.15,25.5,27.14,18.31,1.64
2021,12,23,28.17,25.22,26.44,18.31,1.43
2021,12,24,28.4,24.19,26.16,16.6,1.76
2021,12,25,28.23,23.3,25.74,15.2,0.02
2021,12,26,28.55,22.91,25.86,15.01,0
2021,12,27,28.6,23.35,25.98,15.93,0.02
2021,12,28,28.73,23.4,25.98,16.3,0.07
2021,12,29,29.58,23.39,26.48,16.91,0.77
2021,12,30,28.93,24.62,26.65,18.37,1.21
2021,12,31,28.94,24.97,26.86,18.49,2.82
2022,1,1,29.52,25.12,27.15,19.04,8.01
2022,1,2,29.11,25.6,27.01,18.98,4.74
2022,1,3,29.36,25.49,27.02,19.17,24.29
2022,1,4,29.12,25.41,26.96,19.04,16.92
2022,1,5,29.26,24.83,26.85,18.74,15.43
2022,1,6,29.08,25.8,27.12,19.47,4.33
2022,1,7,29.08,25.24,26.9,18.74,2.41
2022,1,8,29.04,24.87,26.74,17.82,1.94
2022,1,9,28.33,25.01,26.54,18.01,5.35
2022,1,10,27.19,24.86,25.94,18.01,3.97
2022,1,11,29.58,24.53,26.78,18.01,0.82
2022,1,12,29.49,25.12,27.08,18.62,2.91
2022,1,13,27.66,25.8,26.63,18.98,4.3
2022,1,14,28.8,25.26,26.97,18.43,1.32
2022,1,15,29.48,25.29,27.18,18.62,1.36
2022,1,16,29.48,25.48,27.18,18.98,6.48
2022,1,17,29.08,25.22,26.87,18.49,7.71
2022,1,18,29.09,24.45,26.55,17.88,2.52
2022,1,19,29.22,24.84,26.71,17.52,1.57
2022,1,20,29.13,23.82,26.45,15.5,0.45
2022,1,21,28.65,24.84,26.5,15.32,0.4
2022,1,22,29.04,23.61,26.23,13.55,0.01
2022,1,23,28.62,23.16,26,15.14,0
2022,1,24,28.33,24.19,26.14,15.81,0.04
2022,1,25,27.68,23.32,25.62,15.69,0.04
2022,1,26,28.14,23.66,25.94,15.93,0.11
2022,1,27,27.85,23.89,25.67,15.99,0.17
2022,1,28,28.8,23.51,26.21,17.15,0.12
2022,1,29,28.37,25.29,26.66,18.37,0.58
2022,1,30,29.59,24.98,27.14,18.43,0.57
2022,1,31,29.08,25.35,26.98,18.86,7.4
2022,2,1,28.99,23.99,26.39,16.72,0.11
2022,2,2,27.98,22.86,25.56,15.69,0.01
2022,2,3,28.38,23.26,25.83,15.69,0.01
2022,2,4,29.12,23.73,26.37,16.54,0.06
2022,2,5,29.15,24.5,26.64,17.15,0.26
2022,2,6,29.57,23.85,26.8,15.99,0.03
2022,2,7,27.81,24.62,26.3,17.52,3.13
2022,2,8,28.39,24.7,26.51,16.54,1.12
2022,2,9,28.94,23.3,26.06,15.14,0.37
2022,2,10,28.15,24.9,26.39,17.03,4.52
2022,2,11,27.95,25,26.44,17.94,5.74
2022,2,12,27.79,25.23,26.22,18.07,17.74
2022,2,13,27.25,25.09,25.84,18.49,17.94
2022,2,14,27.74,24.85,26.17,18.25,8.02
2022,2,15,29.17,24.59,26.83,16.42,1.13
2022,2,16,28.76,24.26,26.51,15.87,0.09
2022,2,17,28.83,23.8,26.37,15.5,0.06
2022,2,18,28.98,23.85,26.43,16.66,0.82
2022,2,19,28.51,25.44,26.87,18.37,1.9
2022,2,20,28.12,25.98,26.84,18.68,9.7
2022,2,21,29.8,25.61,27.5,18.19,10.82
2022,2,22,29.48,25.57,27.17,18.37,10.89
2022,2,23,29.04,24.19,26.66,17.82,8.96
2022,2,24,29.4,25.4,27.22,18.37,21.37
2022,2,25,29.46,24.76,27.07,17.94,7.56
2022,2,26,29.45,25.35,27.24,18.86,5.45
2022,2,27,29.64,24.99,27.14,17.76,0.98
2022,2,28,29.92,23.94,26.91,16.6,0.21
2022,3,1,30.61,24.48,27.19,17.03,0.57
2022,3,2,28.89,24.3,26.58,17.52,1.52
2022,3,3,29.84,25.41,27.48,18.31,0.52
2022,3,4,29.15,25.52,27.21,18.74,2.67
2022,3,5,29.32,25.51,27.3,18.62,0.84
2022,3,6,29.57,25.27,27.34,18.43,0.57
2022,3,7,28.65,25.79,27.02,18.92,5.63
2022,3,8,29.62,25.23,27.38,18.98,9.87
2022,3,9,30.64,24.65,27.56,17.15,2.51
2022,3,10,30.31,24.67,27.43,17.15,1.94
2022,3,11,29.74,25.76,27.55,17.76,8.21
2022,3,12,29.85,25.33,27.42,18.13,7.85
2022,3,13,29.11,25.54,27.28,18.37,2.26
2022,3,14,29.33,25.8,27.44,17.88,1.18
2022,3,15,28.53,25.85,27.15,18.31,0.66
2022,3,16,29.14,25.88,27.3,18.68,0.84
2022,3,17,29.38,25.74,27.53,19.41,18.77
2022,3,18,29.26,26.29,27.33,18.01,5.87
2022,3,19,29.14,26.24,27.5,19.29,3.06
2022,3,20,29.74,26.43,27.78,19.1,1.48
2022,3,21,29.88,26.23,27.72,19.17,0.69
2022,3,22,29.75,26.16,27.69,18.55,0.28
2022,3,23,29.51,26.26,27.78,18.37,0.11
2022,3,24,29.38,26.33,27.69,18.19,0.28
2022,3,25,29.62,26.22,27.77,17.88,0.54
2022,3,26,29.05,26.34,27.59,17.94,1.58
2022,3,27,29.46,25.86,27.53,18.37,2.84
2022,3,28,29.38,26.18,27.67,19.23,3.71
2022,3,29,29.58,26.33,27.73,18.92,8.04
2022,3,30,28.65,26.24,27.23,18.92,14.42
2022,3,31,29.48,25.98,27.51,18.68,2.99
2022,4,1,28.91,26.15,27.35,18.92,4.4
2022,4,2,29.19,26.03,27.44,18.68,6.28
2022,4,3,29.08,26.21,27.51,18.55,2.92
2022,4,4,28.8,26.56,27.47,18.74,7.83
2022,4,5,28.9,26,27.29,18.43,21.78
2022,4,6,28.08,26.37,27.09,18.43,24.2
2022,4,7,30.83,26.15,28.12,18.01,8.02
2022,4,8,28.74,26.14,27.26,19.04,19.39
2022,4,9,29.47,26.05,27.48,18.49,2.93
2022,4,10,29.48,26.12,27.55,19.23,11.75
2022,4,11,29.58,26.39,27.83,19.47,13.91
2022,4,12,28.96,26.8,27.67,19.9,18.06
2022,4,13,28.41,26.25,27.24,19.78,16.88
2022,4,14,29.47,26.14,27.6,18.98,1.36
2022,4,15,29.33,26.19,27.59,19.53,2.16
2022,4,16,29.51,26.36,27.96,19.78,1.81
2022,4,17,29.5,27.19,28.13,19.65,2.88
2022,4,18,29.61,26.9,28.11,20.2,3.97
2022,4,19,29.2,27.23,28.04,20.26,6.74
2022,4,20,30.18,26.72,28.32,20.57,5.29
2022,4,21,29.43,27.26,28.12,20.32,9.65
2022,4,22,28.94,26.4,27.62,20.2,16.72
2022,4,23,29.29,26.19,27.65,19.04,3.1
2022,4,24,29.86,26.08,27.87,19.53,11.21
2022,4,25,29.39,26.73,27.94,19.29,16.71
2022,4,26,30.11,26.69,28.26,19.53,12.88
2022,4,27,30.34,26.76,28.4,19.78,11.77
2022,4,28,29.52,27.22,28.21,19.9,10.04
2022,4,29,29.58,27.26,28.32,19.96,7.59
2022,4,30,29.49,27.62,28.4,20.45,6.44
2022,5,1,28.88,26.54,27.89,19.65,23.77
2022,5,2,29.76,26.63,28.48,20.63,8.36
2022,5,3,30.12,27.97,28.86,21.36,4.41
2022,5,4,29.59,27.76,28.45,20.87,6.85
2022,5,5,29.33,27.6,28.29,20.63,16.24
2022,5,6,29.23,26.58,27.78,18.43,1.05
2022,5,7,29.89,27.04,28.29,20.32,2.81
2022,5,8,29.84,27.52,28.54,20.94,4.26
2022,5,9,29.35,27.8,28.4,21.42,12.22
2022,5,10,28.94,27.4,27.99,20.94,6.55
2022,5,11,28.88,27.08,27.85,20.75,3.38
2022,5,12,29.12,27.45,28,20.51,16.84
2022,5,13,28.94,26.48,27.71,20.26,11.04
2022,5,14,28.44,26.52,27.37,19.59,21.41
2022,5,15,28.68,26.43,27.34,19.84,11.4
2022,5,16,28.73,26.59,27.44,20.45,8.86
2022,5,17,28.46,26.83,27.5,20.81,14.43
2022,5,18,28.4,27.03,27.56,20.69,7.82
2022,5,19,28.16,26.81,27.37,20.26,5.52
2022,5,20,28.79,26.63,27.44,20.45,1.8
2022,5,21,28.3,26.56,27.22,20.08,1.96
2022,5,22,28.69,26.5,27.36,19.96,1.5
2022,5,23,28.86,26.38,27.39,20.14,2.06
2022,5,24,28.19,26.6,27.24,20.26,11.03
2022,5,25,28.24,26.19,27.07,19.59,4.42
2022,5,26,28.55,26.23,27.15,19.35,3.66
2022,5,27,28.8,26.37,27.33,19.23,5.04
2022,5,28,28.67,26.49,27.4,19.78,7.12
2022,5,29,28.2,26.63,27.2,19.78,12.39
2022,5,30,28.1,26.49,27.17,19.78,16.55
2022,5,31,27.58,25.87,26.7,19.04,13.46
2022,6,1,28.45,26.44,27.19,19.47,6.09
2022,6,2,28.53,26.4,27.21,19.84,7.43
2022,6,3,27.91,26.54,27.09,20.51,7.33
2022,6,4,28.07,26.43,27.07,19.96,3.94
2022,6,5,28.31,26.33,27.08,19.59,4.01
2022,6,6,28.35,26.35,27.13,19.53,5.79
2022,6,7,27.84,26.42,26.97,19.47,1.87
2022,6,8,28.3,26.26,27.11,19.35,2.4
2022,6,9,28.16,26.48,27.08,19.65,2.73
2022,6,10,28.74,26.37,27.29,19.47,2.28
2022,6,11,27.89,25.95,26.89,19.17,1.56
2022,6,12,28.19,25.48,26.87,18.37,1.83
2022,6,13,27.94,26.25,26.97,19.04,6.06
2022,6,14,29.3,26.48,27.76,19.84,2.23
2022,6,15,28.28,26.15,26.93,19.1,8.54
2022,6,16,27.18,25.7,26.33,19.1,15.81
2022,6,17,27.62,25.83,26.56,19.04,9.37
2022,6,18,27.83,26.34,26.91,19.17,6.96
2022,6,19,28.35,26.37,27.21,19.23,3.06
2022,6,20,28.33,26.26,27.18,19.9,4.57
2022,6,21,28.37,26.66,27.29,19.59,2.92
2022,6,22,28.65,26.51,27.25,19.17,3.49
2022,6,23,28.62,26.5,27.37,18.74,1.58
2022,6,24,28.89,26.78,27.61,19.59,3.09
2022,6,25,28.8,25.75,27.21,18.62,3.27
2022,6,26,28.72,26.73,27.48,19.41,2.32
2022,6,27,29.05,26.43,27.41,19.65,0.77
2022,6,28,28.78,26.37,27.31,19.59,0.84
2022,6,29,28.98,26.3,27.38,19.65,1.65
2022,6,30,28.44,26.2,27.22,19.65,1.51
2022,7,1,28.71,26.08,27.18,19.59,0.91
2022,7,2,28.72,26.27,27.19,19.78,3.32
2022,7,3,28.03,25.95,26.73,19.17,7.98
2022,7,4,27.85,25.7,26.57,18.8,0.89
2022,7,5,27.55,25.66,26.4,18.92,1.4
2022,7,6,28.51,25.57,26.7,18.8,0.68
2022,7,7,27.62,25.51,26.3,18.55,0.59
2022,7,8,28.3,25.79,26.74,18.68,0.46
2022,7,9,28.49,25.71,26.81,18.68,0.14
2022,7,10,28.26,25.98,26.97,18.86,5.17
2022,7,11,27.46,25.61,26.36,18.01,1.12
2022,7,12,28.02,25.55,26.55,18.55,0.27
2022,7,13,28.27,25.8,26.91,18.8,0.12
2022,7,14,28.6,26.2,27.06,19.04,1.14
2022,7,15,28.68,26.16,27.19,19.41,0.78
2022,7,16,28.57,26.41,27.26,19.59,1.6
2022,7,17,28.32,26.33,27.1,19.9,3.77
2022,7,18,28.15,25.94,26.84,19.59,5.51
2022,7,19,28.79,25.76,27.12,19.1,4.57
2022,7,20,28,25.94,26.74,19.17,4.62
2022,7,21,27.23,25.68,26.23,18.98,8.06
2022,7,22,28.02,25.52,26.53,18.55,6.77
2022,7,23,27.88,25.76,26.56,18.49,3.5
2022,7,24,28.55,25.4,26.73,18.55,0.47
2022,7,25,28.45,25.08,26.52,18.86,3.81
2022,7,26,28.06,25.4,26.58,19.1,10.14
2022,7,27,29.03,25.38,26.94,18.86,7.45
2022,7,28,27.84,25.62,26.55,18.37,10.96
2022,7,29,28.51,25.45,26.58,18.49,9.1
2022,7,30,27.56,25.18,26.19,18.55,26.63
2022,7,31,27.52,25.23,26.07,18.8,20.77
2022,8,1,27.04,25.41,26.23,18.98,21.64
2022,8,2,27.66,25.76,26.51,18.19,9.53
2022,8,3,27.91,26.01,26.66,18.86,8.88
2022,8,4,27.72,25.59,26.4,18.37,4.47
2022,8,5,27.51,25.56,26.43,18.8,3.04
2022,8,6,27.92,25.63,26.59,18.62,1.34
2022,8,7,26.94,25.26,25.93,18.55,1.84
2022,8,8,27.18,25.55,26.19,19.59,2.64
2022,8,9,27.35,25.42,26.23,19.1,0.62
2022,8,10,28.13,25.08,26.19,18.8,0.01
2022,8,11,27.82,25.01,26.11,19.1,0.02
2022,8,12,27.9,25.33,26.26,19.35,0.09
2022,8,13,28.53,25.12,26.58,18.92,0.1
2022,8,14,27.62,25.19,26.33,19.1,2.41
2022,8,15,27.88,25.06,26.3,19.04,2.09
2022,8,16,27.87,25.05,26.28,18.98,0.87
2022,8,17,28.01,25.55,26.58,18.74,1.37
2022,8,18,28.56,25.69,26.76,18.62,1.47
2022,8,19,28.44,25.7,26.73,18.86,2.09
2022,8,20,28.15,25.67,26.56,18.98,1.46
2022,8,21,27.98,25.54,26.43,18.8,3.9
2022,8,22,28.07,25.73,26.55,18.68,4.99
2022,8,23,28.05,25.38,26.43,18.55,2.99
2022,8,24,27.01,25.39,25.95,18.55,1.76
2022,8,25,27.85,25.33,26.26,18.43,3.15
2022,8,26,26.79,24.85,25.66,18.19,13.14
2022,8,27,27.32,24.69,25.75,17.52,1.36
2022,8,28,27.99,25.19,26.25,17.88,1.54
2022,8,29,27.98,25.15,26.26,18.43,2.15
2022,8,30,27.97,24.92,26.15,19.04,43.33
2022,8,31,25.68,24.79,25.2,17.58,30.41
2022,9,1,27.73,25.08,26.1,18.19,3.46
2022,9,2,27.81,25.3,26.33,18.55,5.22
2022,9,3,27.3,25.19,25.98,18.92,6.89
2022,9,4,27.12,25.57,26.16,19.59,10.9
2022,9,5,27.55,25.73,26.38,19.71,21.2
2022,9,6,27.48,25.34,26.15,18.86,6.32
2022,9,7,27.18,25.35,26.08,18.86,3.74
2022,9,8,28.02,25.23,26.29,18.31,0.31
2022,9,9,28.03,25.4,26.45,18.92,0.15
2022,9,10,28.19,25.42,26.51,18.86,0.28
2022,9,11,28.39,25.42,26.63,18.68,0.13
2022,9,12,28.42,25.37,26.47,18.43,0.08
2022,9,13,27.97,25.48,26.47,18.19,0.04
2022,9,14,28.39,25.48,26.69,17.82,0.04
2022,9,15,28.69,25.24,26.8,17.88,0.02
2022,9,16,28.76,25.48,26.83,18.31,0.04
2022,9,17,28.69,25.08,26.67,17.64,0.01
2022,9,18,28.83,25.53,26.95,18.55,0.07
2022,9,19,28.55,25.76,27.06,18.86,0.35
2022,9,20,29.4,26.26,27.58,18.68,0.19
2022,9,21,28.6,26,27.01,19.04,0.78
2022,9,22,28.78,25.85,27.11,18.74,0.35
2022,9,23,29.08,26.24,27.26,18.49,0.83
2022,9,24,28.77,26.07,27.05,18.62,1.61
2022,9,25,29.66,25.83,27.4,18.8,1.21
2022,9,26,28.94,26.18,27.24,18.98,1.81
2022,9,27,29.04,26.34,27.3,19.17,2.04
2022,9,28,28.49,26.15,27.04,18.43,2.98
2022,9,29,28.91,25.97,27.12,18.49,6.92
2022,9,30,28.33,26.23,27.06,18.55,3.42
2022,10,1,28.83,26.05,27.11,18.25,6.01
2022,10,2,28.25,26.08,26.78,18.74,5.71
2022,10,3,27.98,25.43,26.62,18.49,5.29
2022,10,4,28.15,26.04,26.81,18.68,2.49
2022,10,5,27.96,25.6,26.44,18.25,2.71
2022,10,6,28.67,26.05,27.06,18.55,1.24
2022,10,7,28.9,26.08,27.19,18.43,1.03
2022,10,8,28.54,25.91,26.89,18.13,1.19
2022,10,9,27.69,25.73,26.56,18.49,3.94
2022,10,10,28.4,25.5,26.74,18.68,2.82
2022,10,11,29.05,25.76,27.34,18.8,1.07
2022,10,12,27.98,26.3,26.97,18.92,4.27
2022,10,13,27.55,25.65,26.41,18.74,11.41
2022,10,14,27.36,25.66,26.28,18.8,38.05
2022,10,15,27.08,25.19,26.08,18.49,31.37
2022,10,16,28.48,25.66,26.76,18.55,25.17
2022,10,17,27.94,25.73,26.55,18.43,6.05
2022,10,18,28.56,25.74,26.75,18.31,2.98
2022,10,19,28.27,25.53,26.75,18.86,14.6
2022,10,20,28.57,25.87,26.87,18.43,6.88
2022,10,21,27.78,25.47,26.35,18.55,13.46
2022,10,22,27.87,25.08,26.17,18.43,35.24
2022,10,23,27.67,25.11,26.25,18.55,21.92
2022,10,24,27.71,25.8,26.51,18.68,8.58
2022,10,25,28.65,25.69,26.95,19.04,7.01
2022,10,26,29.08,25.62,27.12,19.23,12.55
2022,10,27,30.01,25.12,27.63,16.97,13.46
2022,10,28,30.27,25.58,27.98,16.54,0.22
2022,10,29,29.6,25.48,27.55,17.82,2.7
2022,10,30,29.3,26.12,27.52,18.68,5.94
2022,10,31,29.44,25.82,27.4,19.17,30.41
2022,11,1,27.38,25.79,26.57,19.53,23.23
2022,11,2,28.07,25.26,26.48,18.37,19.65
2022,11,3,28.37,25.54,26.87,18.25,4.03
2022,11,4,28.68,25.77,27.01,18.37,8.47
2022,11,5,27.37,24.75,25.94,18.01,41.14
2022,11,6,28.26,24.44,26.37,18.01,12.4
2022,11,7,28.3,25.28,26.57,18.25,5.02
2022,11,8,28.92,25.23,26.68,18.49,22.28
2022,11,9,28.76,25.67,26.79,18.43,3.99
2022,11,10,28.63,25.23,26.85,18.01,1.21
2022,11,11,28.58,24.96,26.67,18.07,3.59
2022,11,12,27.76,25.23,26.25,18.13,7.11
2022,11,13,26.87,24.94,25.8,17.4,39.52
2022,11,14,26.66,24.68,25.53,17.7,26.71
2022,11,15,27.23,24.75,25.9,17.64,16.94
2022,11,16,28.96,24.71,26.87,17.88,10.03
2022,11,17,29.3,25.03,26.87,16.42,8.27
2022,11,18,29.01,24.14,26.57,15.87,0.01
2022,11,19,28.25,24.6,26.43,17.46,0.02
2022,11,20,29.02,25.12,26.88,17.94,0.24
2022,11,21,28.68,24.3,26.4,17.46,0.29
2022,11,22,28.4,24.96,26.59,18.49,0.86
2022,11,23,28.71,25.52,26.88,17.88,0.17
2022,11,24,28.76,25.37,26.93,18.37,0.44
2022,11,25,29.23,25.03,27.05,17.58,1.31
2022,11,26,28.8,25.3,27.08,18.13,11.91
2022,11,27,29.79,26.64,28.04,16.97,5.19
2022,11,28,29.26,25.75,27.23,18.13,9.72
2022,11,29,29.47,24.73,26.99,17.58,10.01
2022,11,30,28.88,25,26.87,17.52,2.96
2022,12,1,28.96,25.63,27.24,17.94,1.35
2022,12,2,27.35,24.66,26.13,17.09,9.06
2022,12,3,28.91,24.27,26.73,16.3,10.92
2022,12,4,28.64,25.4,26.76,17.09,17.72
2022,12,5,28.05,24.58,26.23,17.64,4.77
2022,12,6,26.78,24.98,25.91,18.07,11
2022,12,7,26.98,24.73,25.79,17.46,3.35
2022,12,8,27.45,24.63,25.93,17.7,1.49
2022,12,9,27.87,23.9,26.09,18.07,4.58
2022,12,10,28.33,26.01,26.9,18.55,16.27
2022,12,11,28.22,26.08,26.9,18.86,3.53
2022,12,12,27.98,25.95,26.82,18.49,3.62
2022,12,13,28.41,25.15,26.58,17.76,1.35
2022,12,14,28.87,24.9,26.53,17.33,5.68
2022,12,15,28.74,24.62,26.55,16.66,2.67
2022,12,16,29.06,24.11,26.5,16.6,1.43
2022,12,17,28.53,24.32,26.07,17.15,3.64
2022,12,18,28.52,24.69,26.23,18.25,14.92
2022,12,19,27.05,24.62,25.73,17.76,14.46
2022,12,20,27.63,25.05,26.2,17.64,10.17
2022,12,21,27.74,25,26.18,18.25,11.1
2022,12,22,28.35,24.93,26.48,17.94,3.24
2022,12,23,29.48,24.8,26.92,18.98,3.92
2022,12,24,28.91,24.96,26.73,19.17,4.86
2022,12,25,27.01,25.71,26.31,19.47,17.55
2022,12,26,26.94,25.15,26.06,18.55,3.44
2022,12,27,27.08,24.72,25.65,17.46,1
2022,12,28,28.13,24.23,26.11,18.01,3.76
2022,12,29,28.19,24.15,25.87,17.21,0.31
2022,12,30,28.48,24.01,25.97,16.54,0.08
2022,12,31,28.23,23.23,25.58,15.93,0
2023,1,1,28.72,22.88,25.69,16.3,0.05
2023,1,2,27.65,23.16,25.4,16.3,0.03
2023,1,3,28.61,23.01,25.8,15.69,0.1
2023,1,4,28.9,23.89,26.16,16.48,0.62
2023,1,5,29.07,24.05,26.35,17.64,0.79
2023,1,6,27.61,24.87,26.17,18.43,6.23
2023,1,7,27.84,24.91,26.14,18.62,9.64
2023,1,8,28.71,24.65,26.33,18.25,4.48
2023,1,9,29.01,23.92,26.25,17.46,2.27
2023,1,10,28.9,23.8,26.12,16.3,0.47
2023,1,11,28.58,22.15,25.29,14.53,0.01
2023,1,12,27.54,22.03,24.84,13.73,0
2023,1,13,28.66,22.35,25.64,14.95,0
2023,1,14,28.52,24.3,26.41,16.05,0.29
2023,1,15,27.76,24.55,25.9,17.03,1.76
2023,1,16,28.3,24.84,26.18,18.37,10.47
2023,1,17,27.16,24.52,25.82,18.19,5.07
2023,1,18,27.8,23.74,25.7,16.54,4.25
2023,1,19,28.28,23.13,25.26,15.2,0
2023,1,20,28.28,22.26,25.3,14.53,0.53
2023,1,21,27.65,23.67,25.37,16.17,1.92
2023,1,22,27.32,23.57,25.37,17.27,10.35
2023,1,23,27.38,24.5,25.9,17.7,6.23
2023,1,24,27.59,24.49,25.84,16.78,9.53
2023,1,25,28.41,23.85,25.98,16.85,7.73
2023,1,26,28.35,24.44,26.18,17.09,7.41
2023,1,27,28.02,24.45,26.16,17.15,3.37
2023,1,28,28.39,24.15,26.08,15.93,1.96
2023,1,29,28.89,22.88,25.84,15.44,0.12
2023,1,30,28.33,24.18,25.88,16.97,7.96
2023,1,31,27.08,24.32,25.43,17.09,12.05
2023,2,1,28.14,24.24,26.05,18.19,0.53
2023,2,2,28.36,24.83,26.39,18.19,61.17
2023,2,3,27.48,25.12,26.08,19.1,33.47
2023,2,4,27.79,25.21,26.26,18.74,14.9
2023,2,5,29.15,24.9,26.76,18.01,3.13
2023,2,6,27.44,24.73,26.08,17.82,5.45
2023,2,7,28.01,24.98,26.42,18.43,4.07
2023,2,8,29.26,24.51,26.68,18.25,0.42
2023,2,9,29.62,24.29,26.7,17.33,2.07
2023,2,10,28.92,24.38,26.38,17.21,3.54
2023,2,11,28.53,24,26.25,15.99,2.08
2023,2,12,28.95,23.83,26.22,16.6,2.35
2023,2,13,29.22,23.47,26.29,16.3,0.42
2023,2,14,29.61,23.55,26.39,16.48,0.26
2023,2,15,29.15,22.75,25.76,14.89,0.22
2023,2,16,28.58,21.76,25.19,14.95,0.01
2023,2,17,29.15,23.09,26.08,16.85,0.15
2023,2,18,29.44,24.55,26.84,18.19,3.41
2023,2,19,28.37,25.43,26.63,18.8,17.15
2023,2,20,28.2,25.41,26.48,18.74,13.71
2023,2,21,28.62,25.08,26.68,18.13,5.21
2023,2,22,29,24.62,26.5,17.09,1.72
2023,2,23,28.92,23.8,26.26,16.36,0.22
2023,2,24,28.98,24.15,26.57,18.01,5.84
2023,2,25,29.05,25.3,26.96,17.82,9.59
2023,2,26,28.66,23.84,25.97,15.44,0.28
2023,2,27,29.7,22.53,26.25,16.11,2.71
2023,2,28,29.3,25.12,27.03,18.43,14.87
2023,3,1,28.77,25.3,26.96,18.01,3.28
2023,3,2,29.3,24.49,26.79,17.4,0.47
2023,3,3,29.34,24.77,26.89,17.33,0.24
2023,3,4,29.15,25.01,26.8,18.25,7
2023,3,5,28.26,25.3,26.56,18.13,3.77
2023,3,6,29.65,25.07,27.14,18.25,6.67
2023,3,7,29.5,25.28,27.08,18.49,4.01
2023,3,8,30.08,24.61,27.07,18.07,0.46
2023,3,9,29.99,25.37,27.46,18.31,0.64
2023,3,10,28.23,25.75,26.89,18.43,0.67
2023,3,11,28.96,25.6,27.09,18.55,5.73
2023,3,12,29.93,25.82,27.64,18.86,8.86
2023,3,13,29.26,25.61,27.3,18.92,10.31
2023,3,14,29.01,25.59,27.28,18.98,5.67
2023,3,15,28.78,26.31,27.28,18.8,7.04
2023,3,16,29.32,25.93,27.45,19.17,6.77
2023,3,17,28.5,25.8,27.01,18.25,0.88
2023,3,18,29.75,24.98,27.37,18.74,7.54
2023,3,19,29.17,25.88,27.45,19.04,5.48
2023,3,20,28.48,26.23,27.2,18.49,6.1
2023,3,21,30.15,25.94,27.71,18.49,5.79
2023,3,22,28.71,25.9,27.2,18.98,25.54
2023,3,23,28.87,26.32,27.49,18.25,7.07
2023,3,24,29.45,25.85,27.65,18.37,23.58
2023,3,25,29.74,26.54,27.91,18.25,1.07
2023,3,26,30.4,26.24,28.12,18.07,0.55
2023,3,27,30.6,26,28.1,18.8,4.78
2023,3,28,30.3,26.41,28.01,18.74,3.36
2023,3,29,30.37,26.55,28.15,18.62,2.98
2023,3,30,29.83,26.42,27.75,18.8,4.13
2023,3,31,30.72,26.55,28.3,18.8,3.62
2023,4,1,29.98,25.95,27.8,18.07,7.08
2023,4,2,29.44,26.73,27.9,18.8,10.46
2023,4,3,29.8,26.68,28.01,18.62,4.6
2023,4,4,28.83,26.29,27.3,18.07,9.18
2023,4,5,28.93,26.03,27.36,18.07,3.13
2023,4,6,29.45,26.23,27.69,18.37,3.39
2023,4,7,30.91,26.77,28.62,17.94,1.58
2023,4,8,29.98,26.23,27.83,18.37,7.26
2023,4,9,30.54,26.02,28.19,18.19,3.64
2023,4,10,30.13,26.19,28.19,18.86,2.8
2023,4,11,30.78,25.96,28.36,18.37,0.45
2023,4,12,30.23,25.56,27.98,18.86,0.9
2023,4,13,30.56,26.47,28.43,19.65,4.74
2023,4,14,30.18,26.97,28.42,19.29,4
2023,4,15,30.39,26.69,28.41,19.59,6.99
2023,4,16,29.69,26.87,28.06,19.41,6.32
2023,4,17,30.58,26.79,28.41,18.74,0.59
2023,4,18,30.98,27.14,28.75,18.74,0.22
2023,4,19,30.35,27.21,28.55,19.53,1.22
2023,4,20,30.17,27,28.56,19.65,1.18
2023,4,21,30.44,27.48,28.8,20.02,4.43
2023,4,22,30.41,27.29,28.66,19.84,2.49
2023,4,23,30.33,27.55,28.87,21.3,7.13
2023,4,24,29.81,27.8,28.6,20.87,4.06
2023,4,25,29.19,26.52,27.7,19.47,13.95
2023,4,26,30.39,26.4,28.3,17.64,19.74
2023,4,27,30.21,26.95,28.37,19.1,21.7
2023,4,28,29.42,26.43,27.83,19.47,19.2
2023,4,29,29.62,26.48,28.08,19.23,17.08
2023,4,30,30.91,27.69,29.06,18.8,7.47
2023,5,1,29.38,27.15,28.13,19.84,11.73
2023,5,2,30.05,26.83,28.48,19.71,7.16
2023,5,3,29.27,26.76,27.83,19.59,9.73
2023,5,4,28.05,26.73,27.29,19.78,26.61
2023,5,5,27.21,26.19,26.63,18.86,26.6
2023,5,6,29.3,26.51,27.69,19.41,14.27
2023,5,7,29.8,26.65,27.97,19.35,4.83
2023,5,8,29.63,26.76,28,20.26,5.94
2023,5,9,29.47,26.86,27.87,19.35,8.12
2023,5,10,29.08,26.51,27.55,19.29,6.22
2023,5,11,29.31,26.97,27.99,19.9,2.83
2023,5,12,29.32,27.4,28.15,20.39,5.55
2023,5,13,29.1,27.13,28.07,20.69,4.51
2023,5,14,29.55,27.47,28.3,20.69,6.35
2023,5,15,29.56,27.32,28.14,21.36,5.08
2023,5,16,29.32,27.11,28.04,21.61,5.95
2023,5,17,29.78,26.86,28.26,21,2.31
2023,5,18,29.73,27.05,28.23,20.2,3.68
2023,5,19,29.15,26.76,27.78,20.2,11.83
2023,5,20,28.73,26.95,27.69,20.45,11.15
2023,5,21,29.07,27.01,27.83,20.45,6.01
2023,5,22,29.61,27,28.04,19.9,2.34
2023,5,23,29.11,26.37,27.6,19.53,1.14
2023,5,24,29.33,26.19,27.58,19.84,0.56
2023,5,25,29.43,26.49,27.81,20.2,0.42
2023,5,26,30.08,27.16,28.35,20.69,1.05
2023,5,27,29.9,27.4,28.4,20.63,2.56
2023,5,28,30.38,27.47,28.78,20.94,2.22
2023,5,29,30.08,27.67,28.62,20.26,5.96
2023,5,30,29.07,27.28,28.01,20.81,12.95
2023,5,31,29.27,26.75,27.86,18.74,9.5
2023,6,1,29.59,26.62,28.08,20.14,9.98
2023,6,2,28.86,27.12,27.78,20.57,8.73
2023,6,3,29.08,27.03,27.78,19.9,5.36
2023,6,4,29.16,26.83,27.81,19.59,5
2023,6,5,29.22,27.03,27.85,19.84,6.52
2023,6,6,28.8,27.14,27.8,20.39,3.13
2023,6,7,29.16,27.05,27.87,19.78,4.28
2023,6,8,29.23,26.98,27.87,19.35,4.3
2023,6,9,29.25,26.99,27.96,20.14,4.84
2023,6,10,28.81,27.1,27.8,20.2,3.63
2023,6,11,28.83,27.03,27.8,20.57,5.41
2023,6,12,29.52,27.41,28.15,20.69,6.09
2023,6,13,28.68,27.23,27.79,20.75,10.64
2023,6,14,29.3,26.89,27.83,19.59,6.7
2023,6,15,28.99,26.98,27.89,20.94,1.48
2023,6,16,29.01,27.45,28.06,21.12,2.37
2023,6,17,28.67,27.06,27.67,19.71,0.64
2023,6,18,29.23,26.92,27.76,19.41,0.51
2023,6,19,29.03,26.76,27.75,20.02,0.21
2023,6,20,29.33,27.09,27.98,20.57,2.28
2023,6,21,29.47,27.37,28.16,20.45,4.67
2023,6,22,29.37,27.2,28.19,19.96,2.86
2023,6,23,29.51,27.16,28.09,19.23,3.49
2023,6,24,29.44,26.94,27.94,19.53,4.85
2023,6,25,28.48,26.76,27.61,19.78,7.49
2023,6,26,28.56,26.42,27.3,18.92,2.75
2023,6,27,28.81,26.49,27.4,19.04,5.16
2023,6,28,29.12,26.37,27.58,19.41,4.17
2023,6,29,28.23,26.69,27.25,20.02,8.99
2023,6,30,28.81,26.41,27.39,20.2,10.17
2023,7,1,28.12,26.67,27.29,20.32,6.5
2023,7,2,28.3,26.33,27.17,19.47,5.57
2023,7,3,28.04,26.05,26.87,18.68,3.91
2023,7,4,28.14,26.07,26.81,19.04,8.29
2023,7,5,27.79,26.05,26.73,19.04,9.5
2023,7,6,28.27,26.03,26.92,19.29,3.3
2023,7,7,28.33,25.73,26.91,19.41,6.07
2023,7,8,28.42,25.87,26.9,19.1,1.99
2023,7,9,29.24,25.8,27.26,19.78,1.66
2023,7,10,28.67,25.99,27.1,20.08,3.63
2023,7,11,28.76,26.51,27.28,19.84,0.62
2023,7,12,28.91,26.39,27.34,19.9,1.18
2023,7,13,28.83,26.48,27.33,19.96,3.32
2023,7,14,28.57,26.08,27.1,19.23,2
2023,7,15,28.6,26.44,27.32,19.41,2.88
2023,7,16,28.65,26.7,27.51,20.39,2.99
2023,7,17,28.48,26.79,27.43,20.63,3.19
2023,7,18,28.4,26.65,27.36,20.02,4.06
2023,7,19,28.66,26.65,27.43,19.84,3.35
2023,7,20,28.47,26.36,27.3,19.9,4.32
2023,7,21,28.52,25.89,27.08,19.47,2.1
2023,7,22,28.9,26.12,27.19,19.23,0.3
2023,7,23,29.4,25.9,27.4,19.71,1.4
2023,7,24,28.31,26.33,27.02,19.78,4.45
2023,7,25,28.27,26.16,27.04,19.78,4.1
2023,7,26,28.69,26.45,27.33,19.96,2.71
2023,7,27,28.31,26.3,27.14,19.71,0.89
2023,7,28,29.08,26.33,27.4,19.65,0.21
2023,7,29,28.99,26.58,27.53,19.71,0.57
2023,7,30,29.32,26.66,27.58,19.71,0.46
2023,7,31,29.1,26.67,27.62,20.2,1.6
2023,8,1,28.68,26.89,27.55,20.57,0.18
2023,8,2,28.77,26.65,27.44,20.02,0.21
2023,8,3,28.88,26.74,27.6,20.08,0.54
2023,8,4,29.15,26.83,27.7,19.84,0.73
2023,8,5,29.37,26.92,27.79,19.65,0.41
2023,8,6,30.06,26.78,28.19,19.1,1.43
2023,8,7,29.63,27.05,27.98,19.84,1.01
2023,8,8,28.23,26.65,27.26,19.96,2.89
2023,8,9,28.76,26.48,27.38,19.53,6.17
2023,8,10,28.6,26.48,27.4,19.71,5.13
2023,8,11,29.15,26.64,27.59,19.23,8.59
2023,8,12,29.12,26.19,27.52,18.74,2.56
2023,8,13,30.26,26.38,28.25,17.76,2.64
2023,8,14,30.02,26.87,28.18,19.1,0.59
2023,8,15,29.18,26.24,27.38,18.55,0.54
2023,8,16,28.91,26.12,27.24,18.74,1.3
2023,8,17,29.14,26.42,27.49,18.92,2
2023,8,18,29.21,26.49,27.59,18.98,4
2023,8,19,29.4,26.56,27.64,19.1,0.58
2023,8,20,29.82,26.55,27.65,19.04,0.38
2023,8,21,29.95,26.42,27.87,19.53,0.32
2023,8,22,29.73,26.62,27.94,19.59,2.42
2023,8,23,29.37,26.67,27.76,19.71,4.44
2023,8,24,29.62,26.74,27.83,19.53,1.87
2023,8,25,29.3,26.49,27.72,19.35,1.39
2023,8,26,29.12,26.9,27.76,19.65,1.72
2023,8,27,29.33,26.68,27.88,19.71,2.23
2023,8,28,29.87,27.18,28.23,19.47,2.18
2023,8,29,29.15,27.04,27.86,19.71,9.66
2023,8,30,28.4,26.53,27.28,19.41,19.32
2023,8,31,28.98,26.32,27.37,18.62,23
2023,9,1,28.58,26.52,27.33,19.17,21.15
2023,9,2,28.45,26.55,27.34,19.84,39.26
2023,9,3,28.05,26.53,27.14,19.47,32.05
2023,9,4,28.8,26.28,27.35,18.86,33.01
2023,9,5,28.5,26.71,27.54,19.9,10.53
2023,9,6,28.52,26.94,27.56,19.71,15.81
2023,9,7,28.41,26.22,27.19,19.23,14.44
2023,9,8,28.65,26.06,27.25,19.1,4.99
2023,9,9,29.02,26.62,27.5,19.59,7.06
2023,9,10,28.97,26.62,27.54,19.78,10.07
2023,9,11,28.8,26.08,27.13,18.13,8.8
2023,9,12,28.73,26.07,27.45,19.23,6.8
2023,9,13,28.74,26.59,27.54,19.41,12.09
2023,9,14,27.9,26.56,27.03,19.35,20.79
2023,9,15,29.01,26.19,27.47,18.31,10.42
2023,9,16,29.23,26.38,27.62,19.23,2.24
2023,9,17,28.72,26.62,27.48,19.35,18.69
2023,9,18,28.46,26.12,27.18,18.92,31.86
2023,9,19,28.01,25.73,26.65,18.92,27.22
2023,9,20,28.69,25.75,27.02,18.62,11.11
2023,9,21,28.26,26.08,26.93,18.86,3.58
2023,9,22,28.36,25.87,27.02,19.23,14.28
2023,9,23,28.89,26.4,27.5,19.71,9.55
2023,9,24,28.6,26.45,27.35,19.1,7.26
2023,9,25,29.18,26.78,27.87,19.78,8.99
2023,9,26,28.51,26.69,27.55,20.02,14.25
2023,9,27,27.82,26,26.74,19.47,49.06
2023,9,28,27.87,25.94,26.83,18.8,29.14
2023,9,29,28.77,26.45,27.48,19.35,37.39
2023,9,30,28.49,26.47,27.33,19.53,10.37
2023,10,1,27.98,26.34,26.96,19.1,46.94
2023,10,2,28.08,26.2,27.14,19.29,67.67
2023,10,3,28.46,26.5,27.37,19.65,25.9
2023,10,4,28.27,25.97,27.03,18.86,13
2023,10,5,27.8,26.35,26.96,19.17,16.35
2023,10,6,28.22,26.2,26.96,19.35,28.85
2023,10,7,28.23,26.17,27.05,19.35,17.38
2023,10,8,27.89,26.3,27.01,19.59,17.16
2023,10,9,28.59,26.22,27.33,19.59,7.42
2023,10,10,28.69,26.69,27.63,19.41,17.63
2023,10,11,28.22,26.12,27.33,19.59,19.28
2023,10,12,27.43,25.48,26.35,18.37,7.63
2023,10,13,28.4,25.6,26.89,18.31,11.61
2023,10,14,28.43,25.79,26.89,18.55,10.48
2023,10,15,28.06,25.52,26.65,18.98,21.12
2023,10,16,28.35,25.96,27.05,19.29,6.22
2023,10,17,28.08,26.05,26.87,18.8,24.68
2023,10,18,26.77,25.3,26.05,19.23,59.6
2023,10,19,26.84,25.26,26.03,18.31,20.75
2023,10,20,28.21,25.22,26.65,18.49,28.36
2023,10,21,28.05,25.68,26.86,18.8,9.79
2023,10,22,27.96,25.86,26.78,19.35,77.44
2023,10,23,26.68,25.18,25.98,18.49,64.7
2023,10,24,28.74,25.91,27.33,18.49,6.41
2023,10,25,28.19,25.87,26.98,18.98,3.78
2023,10,26,28.98,25.73,27.2,18.86,4.55
2023,10,27,29.02,25.89,27.31,19.04,5.37
2023,10,28,28.17,26.03,26.98,19.04,15.12
2023,10,29,26.76,25.36,25.95,18.19,18.76
2023,10,30,28.93,25.21,26.98,17.58,6.98
2023,10,31,28.75,25.81,26.98,18.62,22.02
2023,11,1,28.62,25.24,26.7,17.58,16.16
2023,11,2,29.25,25.58,27.12,17.88,6.46
2023,11,3,26.78,25.5,26.2,18.8,11.82
2023,11,4,28.09,26.18,26.94,19.47,18.32
2023,11,5,27.72,25.89,26.69,18.86,11.68
2023,11,6,28.78,25.77,27.07,18.43,13.37
2023,11,7,28.56,26.17,27.4,18.86,19.65
2023,11,8,28.06,25.64,26.8,19.35,16.54
2023,11,9,27.77,25.25,26.51,17.94,19.52
2023,11,10,28.4,25.67,27.03,18.55,27.79
2023,11,11,28.55,26.22,27.37,19.23,9.17
2023,11,12,28.82,25.99,27.4,19.23,23.12
2023,11,13,28.68,25.41,27.08,18.31,18.38
2023,11,14,27.83,26.01,27.05,20.32,6.22
2023,11,15,29.02,25.97,27.4,20.2,5.35
2023,11,16,28.37,26.23,27.23,19.41,44.87
2023,11,17,28.28,26.55,27.31,19.84,11.83
2023,11,18,28.05,26.5,27.23,19.47,13.95
2023,11,19,28.05,26.27,27.02,18.49,17.45
2023,11,20,28.98,26.05,27.33,18.31,3.72
2023,11,21,28.9,26.24,27.56,19.53,7.35
2023,11,22,28.42,25.93,27.12,18.86,32.31
2023,11,23,29.23,25.62,27.39,18.19,10.16
2023,11,24,29.09,26.12,27.47,18.8,12.1
2023,11,25,29.85,25.81,27.77,18.8,4.01
2023,11,26,29.27,25.4,27.34,19.29,3.38
2023,11,27,28.93,26.13,27.45,19.65,8.01
2023,11,28,28.85,26.2,27.29,19.41,13.35
2023,11,29,29.56,26.05,27.5,18.74,12.05
2023,11,30,28.79,26.01,27.16,18.37,12.48
2023,12,1,28.38,25.92,26.94,18.74,9.26
2023,12,2,27.7,26.01,26.79,19.65,23.09
2023,12,3,28.42,26.61,27.4,20.32,35.11
2023,12,4,27.88,26.8,27.26,20.14,10.43
2023,12,5,28.63,26.78,27.62,20.75,9.93
2023,12,6,28.51,26.89,27.71,20.32,7.55
2023,12,7,28.76,26.46,27.44,19.53,3.39
2023,12,8,29.09,26.39,27.51,19.17,7.09
2023,12,9,29.23,26.22,27.47,19.1,16.86
2023,12,10,28.82,26.26,27.4,19.41,9.28
2023,12,11,29.33,26.08,27.57,19.53,4.97
2023,12,12,28.46,26.12,27.08,19.41,21.14
2023,12,13,29.26,26.01,27.53,19.78,8.65
2023,12,14,28.42,26.09,27.16,19.96,21.11
2023,12,15,27.48,25.69,26.47,19.04,24.33
2023,12,16,27.78,25.8,26.74,19.47,15.74
2023,12,17,27.98,26.19,27.11,19.96,10.58
2023,12,18,27.92,26.21,27.02,19.78,14.21
2023,12,19,29.38,25.9,27.39,19.29,1.57
2023,12,20,28.94,26.08,27.36,19.9,3.08
2023,12,21,29.45,26.14,27.58,19.65,2.16
2023,12,22,29.32,25.98,27.36,18.74,0.53
2023,12,23,28.44,25.36,26.82,17.7,0
2023,12,24,29.44,25.16,27.13,18.55,0.26
2023,12,25,29.4,25.26,27.06,18.74,0.19
2023,12,26,29.79,24.99,27.26,19.17,3.47
2023,12,27,30.05,26.04,27.8,20.32,5.43
2023,12,28,28.61,26.89,27.54,20.69,8.47
2023,12,29,28.35,26.38,27.3,20.63,13.99
2023,12,30,28.9,25.9,27.2,19.71,6.66
2023,12,31,29.26,25.83,27.22,19.78,19.23
