0.00017607134598773356,Kandy Proper,2019-01-01,2019-01-02
9.220391253917748e-05,Kandy Proper,2019-01-02,2019-01-03
,Kandy Proper,2019-01-03,2019-01-04
0.00019086819838538396,Kandy Proper,2019-01-04,2019-01-05
0.00012195178402067448,Kandy Proper,2019-01-05,2019-01-06
-6.514086129388805e-05,Kandy Proper,2019-01-06,2019-01-07
0.00016323820639265,Kandy Proper,2019-01-07,2019-01-08
-6.735205533914268e-05,Kandy Proper,2019-01-08,2019-01-09
0.00012796936582431357,Kandy Proper,2019-01-09,2019-01-10
4.546048424126012e-05,Kandy Proper,2019-01-10,2019-01-11
3.600074175192105e-05,Kandy Proper,2019-01-11,2019-01-12
0.0001286629698010177,Kandy Proper,2019-01-12,2019-01-13
,Kandy Proper,2019-01-13,2019-01-14
,Kandy Proper,2019-01-14,2019-01-15
9.63639634671553e-05,Kandy Proper,2019-01-15,2019-01-16
,Kandy Proper,2019-01-16,2019-01-17
0.00012009712784847367,Kandy Proper,2019-01-17,2019-01-18
-0.00011972465671369591,Kandy Proper,2019-01-18,2019-01-19
0.00028252637615294707,Kandy Proper,2019-01-19,2019-01-20
7.150631692646835e-05,Kandy Proper,2019-01-20,2019-01-21
0.0002833741508232604,Kandy Proper,2019-01-21,2019-01-22
0.00026594075498297365,Kandy Proper,2019-01-22,2019-01-23
5.8649506506635245e-05,Kandy Proper,2019-01-23,2019-01-24
-3.940558338151006e-06,Kandy Proper,2019-01-24,2019-01-25
0.00010929317699824133,Kandy Proper,2019-01-25,2019-01-26
7.03689579655349e-05,Kandy Proper,2019-01-26,2019-01-27
0.00016470563546318404,Kandy Proper,2019-01-27,2019-01-28
0.00011301804652949355,Kandy Proper,2019-01-28,2019-01-29
0.00011412726769558125,Kandy Proper,2019-01-29,2019-01-30
-3.000156427858255e-05,Kandy Proper,2019-01-30,2019-01-31
1.5133123262338617e-05,Kandy Proper,2019-01-31,2019-02-01
9.510527997488847e-05,Kandy Proper,2019-02-01,2019-02-02
3.0694719505487384e-05,Kandy Proper,2019-02-02,2019-02-03
,Kandy Proper,2019-02-03,2019-02-04
,Kandy Proper,2019-02-04,2019-02-05
,Kandy Proper,2019-02-05,2019-02-06
3.521572625649498e-05,Kandy Proper,2019-02-06,2019-02-07
0.00014473311952306945,Kandy Proper,2019-02-07,2019-02-08
7.648542999350917e-05,Kandy Proper,2019-02-08,2019-02-09
,Kandy Proper,2019-02-09,2019-02-10
,Kandy Proper,2019-02-10,2019-02-11
6.33983046513048e-05,Kandy Proper,2019-02-11,2019-02-12
6.099527672631667e-05,Kandy Proper,2019-02-12,2019-02-13
,Kandy Proper,2019-02-13,2019-02-14
,Kandy Proper,2019-02-14,2019-02-15
1.8666852257755813e-05,Kandy Proper,2019-02-15,2019-02-16
,Kandy Proper,2019-02-16,2019-02-17
0.0001525741076541885,Kandy Proper,2019-02-17,2019-02-18
0.00013160598095036198,Kandy Proper,2019-02-18,2019-02-19
5.400887798459826e-05,Kandy Proper,2019-02-19,2019-02-20
3.130874441109665e-05,Kandy Proper,2019-02-20,2019-02-21
-1.98339014766147e-06,Kandy Proper,2019-02-21,2019-02-22
0.00011489117368911362,Kandy Proper,2019-02-22,2019-02-23
0.00021187892088936816,Kandy Proper,2019-02-23,2019-02-24
3.663116612296087e-05,Kandy Proper,2019-02-24,2019-02-25
4.493778690247384e-05,Kandy Proper,2019-02-25,2019-02-26
,Kandy Proper,2019-02-26,2019-02-27
,Kandy Proper,2019-02-27,2019-02-28
,Kandy Proper,2019-02-28,2019-03-01
,Kandy Proper,2019-03-01,2019-03-02
0.00011364853599806254,Kandy Proper,2019-03-02,2019-03-03
0.00011206201953925667,Kandy Proper,2019-03-03,2019-03-04
0.0002530551243115047,Kandy Proper,2019-03-04,2019-03-05
0.00023266527220747383,Kandy Proper,2019-03-05,2019-03-06
0.00012840456195536003,Kandy Proper,2019-03-06,2019-03-07
0.0001646112972623704,Kandy Proper,2019-03-07,2019-03-08
0.00017751154670900957,Kandy Proper,2019-03-08,2019-03-09
,Kandy Proper,2019-03-09,2019-03-10
0.00011380364184065285,Kandy Proper,2019-03-10,2019-03-11
0.00016389232132328613,Kandy Proper,2019-03-11,2019-03-12
0.00017640803208518645,Kandy Proper,2019-03-12,2019-03-13
4.218809439496275e-05,Kandy Proper,2019-03-13,2019-03-14
0.00016200845075067523,Kandy Proper,2019-03-14,2019-03-15
0.00011041436837677451,Kandy Proper,2019-03-15,2019-03-16
0.00019818386051845957,Kandy Proper,2019-03-16,2019-03-17
0.00018315072092643908,Kandy Proper,2019-03-17,2019-03-18
-4.018462979616311e-05,Kandy Proper,2019-03-18,2019-03-19
0.00020675292829293524,Kandy Proper,2019-03-19,2019-03-20
0.00014738831832711063,Kandy Proper,2019-03-20,2019-03-21
,Kandy Proper,2019-03-21,2019-03-22
0.00017904592570741428,Kandy Proper,2019-03-22,2019-03-23
,Kandy Proper,2019-03-23,2019-03-24
0.00024719244389642073,Kandy Proper,2019-03-24,2019-03-25
0.000219244095107018,Kandy Proper,2019-03-25,2019-03-26
9.90805371426681e-05,Kandy Proper,2019-03-26,2019-03-27
0.00023330273100328463,Kandy Proper,2019-03-27,2019-03-28
0.0002802419303598733,Kandy Proper,2019-03-28,2019-03-29
0.00035899579583152576,Kandy Proper,2019-03-29,2019-03-30
0.00017901456798553476,Kandy Proper,2019-03-30,2019-03-31
0.00029272344554846194,Kandy Proper,2019-03-31,2019-04-01
0.00030992093461414567,Kandy Proper,2019-04-01,2019-04-02
0.0001707946467973233,Kandy Proper,2019-04-02,2019-04-03
0.00024277148934241609,Kandy Proper,2019-04-03,2019-04-04
0.00023380547521072395,Kandy Proper,2019-04-04,2019-04-05
0.00016275287491757852,Kandy Proper,2019-04-05,2019-04-06
0.00017251988186316874,Kandy Proper,2019-04-06,2019-04-07
0.00027048547053709626,Kandy Proper,2019-04-07,2019-04-08
0.0002632230681999109,Kandy Proper,2019-04-08,2019-04-09
0.0002203272160841152,Kandy Proper,2019-04-09,2019-04-10
,Kandy Proper,2019-04-10,2019-04-11
,Kandy Proper,2019-04-11,2019-04-12
0.00021194553635451267,Kandy Proper,2019-04-12,2019-04-13
8.435604480337817e-05,Kandy Proper,2019-04-13,2019-04-14
,Kandy Proper,2019-04-14,2019-04-15
,Kandy Proper,2019-04-15,2019-04-16
,Kandy Proper,2019-04-16,2019-04-17
,Kandy Proper,2019-04-17,2019-04-18
0.00013673939228066903,Kandy Proper,2019-04-18,2019-04-19
0.00015020737325362996,Kandy Proper,2019-04-19,2019-04-20
-0.00021420921538937898,Kandy Proper,2019-04-20,2019-04-21
0.00013305282872114332,Kandy Proper,2019-04-21,2019-04-22
0.00026526600566797776,Kandy Proper,2019-04-22,2019-04-23
0.00018970109522342682,Kandy Proper,2019-04-23,2019-04-24
0.00011520012335101364,Kandy Proper,2019-04-24,2019-04-25
,Kandy Proper,2019-04-25,2019-04-26
,Kandy Proper,2019-04-26,2019-04-27
,Kandy Proper,2019-04-27,2019-04-28
0.000173881446285897,Kandy Proper,2019-04-28,2019-04-29
,Kandy Proper,2019-04-29,2019-04-30
,Kandy Proper,2019-04-30,2019-05-01
,Kandy Proper,2019-05-01,2019-05-02
,Kandy Proper,2019-05-02,2019-05-03
,Kandy Proper,2019-05-03,2019-05-04
0.00021412388979293525,Kandy Proper,2019-05-04,2019-05-05
7.564946081848705e-05,Kandy Proper,2019-05-05,2019-05-06
0.00016294782590729965,Kandy Proper,2019-05-06,2019-05-07
0.00014920117309463393,Kandy Proper,2019-05-07,2019-05-08
0.0001659245919994768,Kandy Proper,2019-05-08,2019-05-09
0.00014723360109957043,Kandy Proper,2019-05-09,2019-05-10
0.00024062092928454193,Kandy Proper,2019-05-10,2019-05-11
0.0001774082428821065,Kandy Proper,2019-05-11,2019-05-12
7.851454164433835e-05,Kandy Proper,2019-05-12,2019-05-13
8.480921821304122e-05,Kandy Proper,2019-05-13,2019-05-14
0.00025659323600469924,Kandy Proper,2019-05-14,2019-05-15
0.00010843876379715362,Kandy Proper,2019-05-15,2019-05-16
0.0002581514024065431,Kandy Proper,2019-05-16,2019-05-17
0.00016267285191432675,Kandy Proper,2019-05-17,2019-05-18
0.00013161839518117946,Kandy Proper,2019-05-18,2019-05-19
0.00018464227132969084,Kandy Proper,2019-05-19,2019-05-20
0.00019314100569349174,Kandy Proper,2019-05-20,2019-05-21
0.00010872838920954343,Kandy Proper,2019-05-21,2019-05-22
,Kandy Proper,2019-05-22,2019-05-23
0.000328325373483293,Kandy Proper,2019-05-23,2019-05-24
0.00010132898577704084,Kandy Proper,2019-05-24,2019-05-25
-1.1236420671396435e-05,Kandy Proper,2019-05-25,2019-05-26
0.00010027026973742086,Kandy Proper,2019-05-26,2019-05-27
0.00019206046076362165,Kandy Proper,2019-05-27,2019-05-28
0.00017667977045915338,Kandy Proper,2019-05-28,2019-05-29
0.0002707986967031914,Kandy Proper,2019-05-29,2019-05-30
0.0002678791857473814,Kandy Proper,2019-05-30,2019-05-31
0.00014841908898147158,Kandy Proper,2019-05-31,2019-06-01
2.7427695851211674e-05,Kandy Proper,2019-06-01,2019-06-02
0.00013723955328007366,Kandy Proper,2019-06-02,2019-06-03
,Kandy Proper,2019-06-03,2019-06-04
0.00011029476892597668,Kandy Proper,2019-06-04,2019-06-05
,Kandy Proper,2019-06-05,2019-06-06
,Kandy Proper,2019-06-06,2019-06-07
,Kandy Proper,2019-06-07,2019-06-08
,Kandy Proper,2019-06-08,2019-06-09
0.00012982327514264957,Kandy Proper,2019-06-09,2019-06-10
,Kandy Proper,2019-06-10,2019-06-11
9.297567647237379e-05,Kandy Proper,2019-06-11,2019-06-12
,Kandy Proper,2019-06-12,2019-06-13
0.00012277484347578138,Kandy Proper,2019-06-13,2019-06-14
,Kandy Proper,2019-06-14,2019-06-15
0.00011097893036328551,Kandy Proper,2019-06-15,2019-06-16
8.978404673863681e-05,Kandy Proper,2019-06-16,2019-06-17
1.569671117488859e-07,Kandy Proper,2019-06-17,2019-06-18
7.384788689971693e-05,Kandy Proper,2019-06-18,2019-06-19
0.0001137372567619962,Kandy Proper,2019-06-19,2019-06-20
,Kandy Proper,2019-06-20,2019-06-21
,Kandy Proper,2019-06-21,2019-06-22
-7.303543319663562e-05,Kandy Proper,2019-06-22,2019-06-23
-3.8813264605263855e-06,Kandy Proper,2019-06-23,2019-06-24
,Kandy Proper,2019-06-24,2019-06-25
,Kandy Proper,2019-06-25,2019-06-26
2.5244143864092786e-05,Kandy Proper,2019-06-26,2019-06-27
7.838953585567481e-05,Kandy Proper,2019-06-27,2019-06-28
6.984348224061407e-05,Kandy Proper,2019-06-28,2019-06-29
8.639300023654194e-05,Kandy Proper,2019-06-29,2019-06-30
5.7654145708751706e-05,Kandy Proper,2019-06-30,2019-07-01
4.850917005854961e-05,Kandy Proper,2019-07-01,2019-07-02
7.01563219877274e-05,Kandy Proper,2019-07-02,2019-07-03
7.363816657454578e-05,Kandy Proper,2019-07-03,2019-07-04
6.852184014062264e-05,Kandy Proper,2019-07-04,2019-07-05
0.00012698667400330629,Kandy Proper,2019-07-05,2019-07-06
8.118862348047131e-05,Kandy Proper,2019-07-06,2019-07-07
0.00010780625017815291,Kandy Proper,2019-07-07,2019-07-08
0.00017559903547352456,Kandy Proper,2019-07-08,2019-07-09
,Kandy Proper,2019-07-09,2019-07-10
0.0001629814492932503,Kandy Proper,2019-07-10,2019-07-11
5.640249935191584e-05,Kandy Proper,2019-07-11,2019-07-12
0.0001701737500700307,Kandy Proper,2019-07-12,2019-07-13
0.00012241693085439102,Kandy Proper,2019-07-13,2019-07-14
8.956526624236958e-05,Kandy Proper,2019-07-14,2019-07-15
,Kandy Proper,2019-07-15,2019-07-16
4.525880073866283e-05,Kandy Proper,2019-07-16,2019-07-17
,Kandy Proper,2019-07-17,2019-07-18
,Kandy Proper,2019-07-18,2019-07-19
,Kandy Proper,2019-07-19,2019-07-20
,Kandy Proper,2019-07-20,2019-07-21
,Kandy Proper,2019-07-21,2019-07-22
,Kandy Proper,2019-07-22,2019-07-23
4.788897537718524e-05,Kandy Proper,2019-07-23,2019-07-24
2.916065279478861e-06,Kandy Proper,2019-07-24,2019-07-25
,Kandy Proper,2019-07-25,2019-07-26
,Kandy Proper,2019-07-26,2019-07-27
0.00013629952722872624,Kandy Proper,2019-07-27,2019-07-28
0.00014101175149896106,Kandy Proper,2019-07-28,2019-07-29
0.00011086812394366331,Kandy Proper,2019-07-29,2019-07-30
0.00012697363134248286,Kandy Proper,2019-07-30,2019-07-31
,Kandy Proper,2019-07-31,2019-08-01
8.450872916320002e-05,Kandy Proper,2019-08-01,2019-08-02
8.556334796594454e-05,Kandy Proper,2019-08-02,2019-08-03
0.00016291339314932968,Kandy Proper,2019-08-03,2019-08-04
-6.719856740310691e-05,Kandy Proper,2019-08-04,2019-08-05
1.3728068918731565e-05,Kandy Proper,2019-08-05,2019-08-06
,Kandy Proper,2019-08-06,2019-08-07
,Kandy Proper,2019-08-07,2019-08-08
,Kandy Proper,2019-08-08,2019-08-09
,Kandy Proper,2019-08-09,2019-08-10
,Kandy Proper,2019-08-10,2019-08-11
,Kandy Proper,2019-08-11,2019-08-12
,Kandy Proper,2019-08-12,2019-08-13
,Kandy Proper,2019-08-13,2019-08-14
,Kandy Proper,2019-08-14,2019-08-15
0.00012795310912285676,Kandy Proper,2019-08-15,2019-08-16
-0.00013414633576758206,Kandy Proper,2019-08-16,2019-08-17
,Kandy Proper,2019-08-17,2019-08-18
5.178013626492114e-06,Kandy Proper,2019-08-18,2019-08-19
7.336094013777636e-05,Kandy Proper,2019-08-19,2019-08-20
9.676125853351091e-05,Kandy Proper,2019-08-20,2019-08-21
,Kandy Proper,2019-08-21,2019-08-22
,Kandy Proper,2019-08-22,2019-08-23
,Kandy Proper,2019-08-23,2019-08-24
-9.744629293521989e-05,Kandy Proper,2019-08-24,2019-08-25
,Kandy Proper,2019-08-25,2019-08-26
,Kandy Proper,2019-08-26,2019-08-27
,Kandy Proper,2019-08-27,2019-08-28
,Kandy Proper,2019-08-28,2019-08-29
0.00010831499918378682,Kandy Proper,2019-08-29,2019-08-30
,Kandy Proper,2019-08-30,2019-08-31
-2.7260235583526082e-05,Kandy Proper,2019-08-31,2019-09-01
,Kandy Proper,2019-09-01,2019-09-02
0.00010354386987157048,Kandy Proper,2019-09-02,2019-09-03
0.00012519500573008463,Kandy Proper,2019-09-03,2019-09-04
,Kandy Proper,2019-09-04,2019-09-05
,Kandy Proper,2019-09-05,2019-09-06
,Kandy Proper,2019-09-06,2019-09-07
,Kandy Proper,2019-09-07,2019-09-08
0.00013084657618706014,Kandy Proper,2019-09-08,2019-09-09
6.440015739232515e-05,Kandy Proper,2019-09-09,2019-09-10
-4.490703909183281e-06,Kandy Proper,2019-09-10,2019-09-11
,Kandy Proper,2019-09-11,2019-09-12
3.84899235780461e-05,Kandy Proper,2019-09-12,2019-09-13
5.4653737245182634e-05,Kandy Proper,2019-09-13,2019-09-14
2.7055169553569702e-05,Kandy Proper,2019-09-14,2019-09-15
,Kandy Proper,2019-09-15,2019-09-16
,Kandy Proper,2019-09-16,2019-09-17
,Kandy Proper,2019-09-17,2019-09-18
,Kandy Proper,2019-09-18,2019-09-19
,Kandy Proper,2019-09-19,2019-09-20
,Kandy Proper,2019-09-20,2019-09-21
-7.114043515272996e-05,Kandy Proper,2019-09-21,2019-09-22
,Kandy Proper,2019-09-22,2019-09-23
,Kandy Proper,2019-09-23,2019-09-24
,Kandy Proper,2019-09-24,2019-09-25
,Kandy Proper,2019-09-25,2019-09-26
,Kandy Proper,2019-09-26,2019-09-27
0.0003191542431707887,Kandy Proper,2019-09-27,2019-09-28
,Kandy Proper,2019-09-28,2019-09-29
0.00016587648830087122,Kandy Proper,2019-09-29,2019-09-30
,Kandy Proper,2019-09-30,2019-10-01
-4.6999528422020376e-05,Kandy Proper,2019-10-01,2019-10-02
-1.4826539764421446e-05,Kandy Proper,2019-10-02,2019-10-03
7.27780738171674e-05,Kandy Proper,2019-10-03,2019-10-04
0.0001353517792948931,Kandy Proper,2019-10-04,2019-10-05
0.00021171407820901625,Kandy Proper,2019-10-05,2019-10-06
,Kandy Proper,2019-10-06,2019-10-07
,Kandy Proper,2019-10-07,2019-10-08
0.00025943482854434594,Kandy Proper,2019-10-08,2019-10-09
5.5017379612996025e-05,Kandy Proper,2019-10-09,2019-10-10
0.00018430061099605397,Kandy Proper,2019-10-10,2019-10-11
,Kandy Proper,2019-10-11,2019-10-12
-8.12430155552532e-06,Kandy Proper,2019-10-12,2019-10-13
0.0001683501734359264,Kandy Proper,2019-10-13,2019-10-14
6.314259477157411e-05,Kandy Proper,2019-10-14,2019-10-15
7.16713507747282e-05,Kandy Proper,2019-10-15,2019-10-16
,Kandy Proper,2019-10-16,2019-10-17
,Kandy Proper,2019-10-17,2019-10-18
-5.450984014903148e-05,Kandy Proper,2019-10-18,2019-10-19
6.532771676132629e-06,Kandy Proper,2019-10-19,2019-10-20
,Kandy Proper,2019-10-20,2019-10-21
,Kandy Proper,2019-10-21,2019-10-22
,Kandy Proper,2019-10-22,2019-10-23
,Kandy Proper,2019-10-23,2019-10-24
,Kandy Proper,2019-10-24,2019-10-25
0.0001281877837051085,Kandy Proper,2019-10-25,2019-10-26
,Kandy Proper,2019-10-26,2019-10-27
,Kandy Proper,2019-10-27,2019-10-28
,Kandy Proper,2019-10-28,2019-10-29
0.00014518787981607738,Kandy Proper,2019-10-29,2019-10-30
,Kandy Proper,2019-10-30,2019-10-31
0.00015836824604775757,Kandy Proper,2019-10-31,2019-11-01
8.03607778339573e-06,Kandy Proper,2019-11-01,2019-11-02
0.00012067020234139481,Kandy Proper,2019-11-02,2019-11-03
,Kandy Proper,2019-11-03,2019-11-04
-1.1500492291816045e-05,Kandy Proper,2019-11-04,2019-11-05
0.0001060345932494466,Kandy Proper,2019-11-05,2019-11-06
0.00019426005794331912,Kandy Proper,2019-11-06,2019-11-07
0.00012182223883841431,Kandy Proper,2019-11-07,2019-11-08
0.00010808512767089658,Kandy Proper,2019-11-08,2019-11-09
,Kandy Proper,2019-11-09,2019-11-10
,Kandy Proper,2019-11-10,2019-11-11
,Kandy Proper,2019-11-11,2019-11-12
0.00010078157710982652,Kandy Proper,2019-11-12,2019-11-13
0.00015187702956609428,Kandy Proper,2019-11-13,2019-11-14
7.99506458137099e-05,Kandy Proper,2019-11-14,2019-11-15
-6.176820124360381e-06,Kandy Proper,2019-11-15,2019-11-16
,Kandy Proper,2019-11-16,2019-11-17
0.0002157088519310249,Kandy Proper,2019-11-17,2019-11-18
,Kandy Proper,2019-11-18,2019-11-19
0.00025087153605986463,Kandy Proper,2019-11-19,2019-11-20
7.941161537465213e-05,Kandy Proper,2019-11-20,2019-11-21
0.00013184973285632217,Kandy Proper,2019-11-21,2019-11-22
,Kandy Proper,2019-11-22,2019-11-23
,Kandy Proper,2019-11-23,2019-11-24
,Kandy Proper,2019-11-24,2019-11-25
,Kandy Proper,2019-11-25,2019-11-26
,Kandy Proper,2019-11-26,2019-11-27
-0.00017888829461298883,Kandy Proper,2019-11-27,2019-11-28
,Kandy Proper,2019-11-28,2019-11-29
,Kandy Proper,2019-11-29,2019-11-30
,Kandy Proper,2019-11-30,2019-12-01
,Kandy Proper,2019-12-01,2019-12-02
,Kandy Proper,2019-12-02,2019-12-03
0.00032548789749853313,Kandy Proper,2019-12-03,2019-12-04
,Kandy Proper,2019-12-04,2019-12-05
,Kandy Proper,2019-12-05,2019-12-06
0.00011373110998916732,Kandy Proper,2019-12-06,2019-12-07
,Kandy Proper,2019-12-07,2019-12-08
4.997236610893405e-05,Kandy Proper,2019-12-08,2019-12-09
,Kandy Proper,2019-12-09,2019-12-10
0.0002581430599093437,Kandy Proper,2019-12-10,2019-12-11
8.172313194602926e-06,Kandy Proper,2019-12-11,2019-12-12
0.00012370115358458685,Kandy Proper,2019-12-12,2019-12-13
0.00010797323826107201,Kandy Proper,2019-12-13,2019-12-14
9.175125425502092e-05,Kandy Proper,2019-12-14,2019-12-15
0.00018062102494140254,Kandy Proper,2019-12-15,2019-12-16
0.0003312172775622457,Kandy Proper,2019-12-16,2019-12-17
,Kandy Proper,2019-12-17,2019-12-18
,Kandy Proper,2019-12-18,2019-12-19
,Kandy Proper,2019-12-19,2019-12-20
,Kandy Proper,2019-12-20,2019-12-21
1.3332796952489262e-05,Kandy Proper,2019-12-21,2019-12-22
,Kandy Proper,2019-12-22,2019-12-23
9.871649939840514e-05,Kandy Proper,2019-12-23,2019-12-24
3.053566210736505e-05,Kandy Proper,2019-12-24,2019-12-25
,Kandy Proper,2019-12-25,2019-12-26
2.923294307019481e-05,Kandy Proper,2019-12-26,2019-12-27
4.874119039013025e-05,Kandy Proper,2019-12-27,2019-12-28
0.00024357429984340944,Kandy Proper,2019-12-28,2019-12-29
0.00016834668844561122,Kandy Proper,2019-12-29,2019-12-30
0.00014068810914028164,Kandy Proper,2019-12-30,2019-12-31
-1.0951929722871224e-05,Kandy Proper,2019-12-31,2020-01-01
7.155854597694045e-05,Kandy Proper,2020-01-01,2020-01-02
3.4902131511479535e-05,Kandy Proper,2020-01-02,2020-01-03
0.0001230119750996059,Kandy Proper,2020-01-03,2020-01-04
0.0001648876523788977,Kandy Proper,2020-01-04,2020-01-05
0.00015385633804047006,Kandy Proper,2020-01-05,2020-01-06
0.00013899520013764498,Kandy Proper,2020-01-06,2020-01-07
2.208422988999331e-05,Kandy Proper,2020-01-07,2020-01-08
5.9849775620916735e-06,Kandy Proper,2020-01-08,2020-01-09
0.00015930836491415717,Kandy Proper,2020-01-09,2020-01-10
6.494334061404368e-05,Kandy Proper,2020-01-10,2020-01-11
-0.00010142346317757635,Kandy Proper,2020-01-11,2020-01-12
8.98590430574081e-05,Kandy Proper,2020-01-12,2020-01-13
0.000255274243036064,Kandy Proper,2020-01-13,2020-01-14
7.213411316676246e-05,Kandy Proper,2020-01-14,2020-01-15
6.347479632876642e-06,Kandy Proper,2020-01-15,2020-01-16
-2.5136813295502327e-06,Kandy Proper,2020-01-16,2020-01-17
,Kandy Proper,2020-01-17,2020-01-18
4.245150261323624e-06,Kandy Proper,2020-01-18,2020-01-19
6.611775819286781e-05,Kandy Proper,2020-01-19,2020-01-20
8.156279331884199e-05,Kandy Proper,2020-01-20,2020-01-21
0.00010824260068000644,Kandy Proper,2020-01-21,2020-01-22
,Kandy Proper,2020-01-22,2020-01-23
1.579852093386877e-05,Kandy Proper,2020-01-23,2020-01-24
2.5639344712949608e-05,Kandy Proper,2020-01-24,2020-01-25
0.00012822786565136175,Kandy Proper,2020-01-25,2020-01-26
8.292953115424783e-05,Kandy Proper,2020-01-26,2020-01-27
-1.2934752344508092e-05,Kandy Proper,2020-01-27,2020-01-28
0.00022618916058909753,Kandy Proper,2020-01-28,2020-01-29
0.0001500660399675373,Kandy Proper,2020-01-29,2020-01-30
0.0001993341817876032,Kandy Proper,2020-01-30,2020-01-31
0.00023603477030280956,Kandy Proper,2020-01-31,2020-02-01
4.147988255400665e-05,Kandy Proper,2020-02-01,2020-02-02
0.0001101811390116204,Kandy Proper,2020-02-02,2020-02-03
8.359787684691174e-05,Kandy Proper,2020-02-03,2020-02-04
0.00047001317309934283,Kandy Proper,2020-02-04,2020-02-05
3.033703627091292e-05,Kandy Proper,2020-02-05,2020-02-06
0.0004783297604770405,Kandy Proper,2020-02-06,2020-02-07
0.00018859215932391166,Kandy Proper,2020-02-07,2020-02-08
0.0002066154124840176,Kandy Proper,2020-02-08,2020-02-09
0.0002099230082314676,Kandy Proper,2020-02-09,2020-02-10
0.00010121529703487638,Kandy Proper,2020-02-10,2020-02-11
0.00016611031296848673,Kandy Proper,2020-02-11,2020-02-12
,Kandy Proper,2020-02-12,2020-02-13
7.985907723195851e-05,Kandy Proper,2020-02-13,2020-02-14
2.80674982805179e-05,Kandy Proper,2020-02-14,2020-02-15
2.8557976474641306e-05,Kandy Proper,2020-02-15,2020-02-16
5.939227088696713e-05,Kandy Proper,2020-02-16,2020-02-17
-2.991632775418153e-05,Kandy Proper,2020-02-17,2020-02-18
8.477630699895465e-05,Kandy Proper,2020-02-18,2020-02-19
8.624971456350402e-05,Kandy Proper,2020-02-19,2020-02-20
0.00010913621615386512,Kandy Proper,2020-02-20,2020-02-21
9.951467357187598e-05,Kandy Proper,2020-02-21,2020-02-22
,Kandy Proper,2020-02-22,2020-02-23
,Kandy Proper,2020-02-23,2020-02-24
7.92462013230872e-05,Kandy Proper,2020-02-24,2020-02-25
2.8521831085546316e-05,Kandy Proper,2020-02-25,2020-02-26
3.690094368802118e-05,Kandy Proper,2020-02-26,2020-02-27
8.417925604034724e-05,Kandy Proper,2020-02-27,2020-02-28
0.00011060946425676335,Kandy Proper,2020-02-28,2020-02-29
0.00012774983188404816,Kandy Proper,2020-02-29,2020-03-01
2.282981443920495e-05,Kandy Proper,2020-03-01,2020-03-02
0.00025156769402231803,Kandy Proper,2020-03-02,2020-03-03
0.00025097421559158934,Kandy Proper,2020-03-03,2020-03-04
0.0001648506277572269,Kandy Proper,2020-03-04,2020-03-05
0.0004000880421565983,Kandy Proper,2020-03-05,2020-03-06
0.00040927695028667474,Kandy Proper,2020-03-06,2020-03-07
0.00024379909542552575,Kandy Proper,2020-03-07,2020-03-08
0.0001215996837050223,Kandy Proper,2020-03-08,2020-03-09
9.108401704156443e-05,Kandy Proper,2020-03-09,2020-03-10
0.000179662397431748,Kandy Proper,2020-03-10,2020-03-11
0.0001286283394897897,Kandy Proper,2020-03-11,2020-03-12
0.0001727288425821356,Kandy Proper,2020-03-12,2020-03-13
0.00021234348477946734,Kandy Proper,2020-03-13,2020-03-14
0.000299052413346186,Kandy Proper,2020-03-14,2020-03-15
8.707282150456954e-05,Kandy Proper,2020-03-15,2020-03-16
7.012736708837104e-05,Kandy Proper,2020-03-16,2020-03-17
,Kandy Proper,2020-03-17,2020-03-18
,Kandy Proper,2020-03-18,2020-03-19
0.00012242887960037875,Kandy Proper,2020-03-19,2020-03-20
7.542810292997175e-05,Kandy Proper,2020-03-20,2020-03-21
0.00025304405984345025,Kandy Proper,2020-03-21,2020-03-22
0.0001270776035311459,Kandy Proper,2020-03-22,2020-03-23
0.0001838338799550958,Kandy Proper,2020-03-23,2020-03-24
7.428871762571976e-05,Kandy Proper,2020-03-24,2020-03-25
0.00016235735285541816,Kandy Proper,2020-03-25,2020-03-26
0.0003002433353036788,Kandy Proper,2020-03-26,2020-03-27
0.00012776521839801913,Kandy Proper,2020-03-27,2020-03-28
0.00011978964275366771,Kandy Proper,2020-03-28,2020-03-29
0.00029127547965429227,Kandy Proper,2020-03-29,2020-03-30
5.84370020313593e-05,Kandy Proper,2020-03-30,2020-03-31
0.00013217986436053766,Kandy Proper,2020-03-31,2020-04-01
0.00021436460102471005,Kandy Proper,2020-04-01,2020-04-02
0.0002042007934420222,Kandy Proper,2020-04-02,2020-04-03
0.00022380804745672202,Kandy Proper,2020-04-03,2020-04-04
0.00023622664841687374,Kandy Proper,2020-04-04,2020-04-05
0.00017072664496364963,Kandy Proper,2020-04-05,2020-04-06
0.00026276024033549127,Kandy Proper,2020-04-06,2020-04-07
0.0001451442359196761,Kandy Proper,2020-04-07,2020-04-08
0.00032321505598953724,Kandy Proper,2020-04-08,2020-04-09
,Kandy Proper,2020-04-09,2020-04-10
0.00025898000878835434,Kandy Proper,2020-04-10,2020-04-11
0.0001375786567285662,Kandy Proper,2020-04-11,2020-04-12
6.81672975406137e-05,Kandy Proper,2020-04-12,2020-04-13
6.484950670100219e-05,Kandy Proper,2020-04-13,2020-04-14
8.754926922942671e-05,Kandy Proper,2020-04-14,2020-04-15
0.0001330184937399507,Kandy Proper,2020-04-15,2020-04-16
,Kandy Proper,2020-04-16,2020-04-17
,Kandy Proper,2020-04-17,2020-04-18
0.00013392162209384403,Kandy Proper,2020-04-18,2020-04-19
-4.1407437548567194e-05,Kandy Proper,2020-04-19,2020-04-20
6.943667528661855e-05,Kandy Proper,2020-04-20,2020-04-21
7.61536238488355e-05,Kandy Proper,2020-04-21,2020-04-22
,Kandy Proper,2020-04-22,2020-04-23
0.00022630214628480377,Kandy Proper,2020-04-23,2020-04-24
-4.533776899965042e-05,Kandy Proper,2020-04-24,2020-04-25
0.00014783725879093413,Kandy Proper,2020-04-25,2020-04-26
0.00020704986346372777,Kandy Proper,2020-04-26,2020-04-27
0.0002005466185816024,Kandy Proper,2020-04-27,2020-04-28
0.0002640234710242081,Kandy Proper,2020-04-28,2020-04-29
0.00018629551722095596,Kandy Proper,2020-04-29,2020-04-30
0.00035086706113827206,Kandy Proper,2020-04-30,2020-05-01
0.0001640774270463601,Kandy Proper,2020-05-01,2020-05-02
0.0002219898440888526,Kandy Proper,2020-05-02,2020-05-03
0.0001382809274544893,Kandy Proper,2020-05-03,2020-05-04
5.0318049528272354e-05,Kandy Proper,2020-05-04,2020-05-05
,Kandy Proper,2020-05-05,2020-05-06
,Kandy Proper,2020-05-06,2020-05-07
6.71071361292346e-05,Kandy Proper,2020-05-07,2020-05-08
0.00019329390954243712,Kandy Proper,2020-05-08,2020-05-09
,Kandy Proper,2020-05-09,2020-05-10
,Kandy Proper,2020-05-10,2020-05-11
,Kandy Proper,2020-05-11,2020-05-12
0.0001487807254843756,Kandy Proper,2020-05-12,2020-05-13
,Kandy Proper,2020-05-13,2020-05-14
0.00013791878748197606,Kandy Proper,2020-05-14,2020-05-15
0.00019436773058683314,Kandy Proper,2020-05-15,2020-05-16
,Kandy Proper,2020-05-16,2020-05-17
,Kandy Proper,2020-05-17,2020-05-18
,Kandy Proper,2020-05-18,2020-05-19
,Kandy Proper,2020-05-19,2020-05-20
,Kandy Proper,2020-05-20,2020-05-21
5.9778085832233474e-05,Kandy Proper,2020-05-21,2020-05-22
,Kandy Proper,2020-05-22,2020-05-23
-3.4450998072727456e-05,Kandy Proper,2020-05-23,2020-05-24
9.378034273934049e-05,Kandy Proper,2020-05-24,2020-05-25
,Kandy Proper,2020-05-25,2020-05-26
0.000137323924816638,Kandy Proper,2020-05-26,2020-05-27
7.19252801574543e-05,Kandy Proper,2020-05-27,2020-05-28
0.00012517846587659304,Kandy Proper,2020-05-28,2020-05-29
-1.8530763534646394e-05,Kandy Proper,2020-05-29,2020-05-30
2.452850172028484e-05,Kandy Proper,2020-05-30,2020-05-31
-9.587444172728222e-06,Kandy Proper,2020-05-31,2020-06-01
0.00019859030698889658,Kandy Proper,2020-06-01,2020-06-02
9.919274367323932e-05,Kandy Proper,2020-06-02,2020-06-03
4.0568798727827823e-05,Kandy Proper,2020-06-03,2020-06-04
5.875759578402897e-05,Kandy Proper,2020-06-04,2020-06-05
7.413875793667798e-05,Kandy Proper,2020-06-05,2020-06-06
,Kandy Proper,2020-06-06,2020-06-07
,Kandy Proper,2020-06-07,2020-06-08
,Kandy Proper,2020-06-08,2020-06-09
5.5273396309281816e-05,Kandy Proper,2020-06-09,2020-06-10
,Kandy Proper,2020-06-10,2020-06-11
,Kandy Proper,2020-06-11,2020-06-12
,Kandy Proper,2020-06-12,2020-06-13
0.00019242785591524163,Kandy Proper,2020-06-13,2020-06-14
2.288989126863385e-05,Kandy Proper,2020-06-14,2020-06-15
0.00013789648315163202,Kandy Proper,2020-06-15,2020-06-16
0.00017983682557825374,Kandy Proper,2020-06-16,2020-06-17
,Kandy Proper,2020-06-17,2020-06-18
9.347759003517042e-05,Kandy Proper,2020-06-18,2020-06-19
-3.3352800628007625e-05,Kandy Proper,2020-06-19,2020-06-20
6.290926119445101e-05,Kandy Proper,2020-06-20,2020-06-21
,Kandy Proper,2020-06-21,2020-06-22
4.1924184111101534e-05,Kandy Proper,2020-06-22,2020-06-23
,Kandy Proper,2020-06-23,2020-06-24
7.439807721466363e-05,Kandy Proper,2020-06-24,2020-06-25
,Kandy Proper,2020-06-25,2020-06-26
3.634412960661862e-05,Kandy Proper,2020-06-26,2020-06-27
0.00010352080703588637,Kandy Proper,2020-06-27,2020-06-28
,Kandy Proper,2020-06-28,2020-06-29
7.50787554440214e-05,Kandy Proper,2020-06-29,2020-06-30
9.300456479088662e-05,Kandy Proper,2020-06-30,2020-07-01
,Kandy Proper,2020-07-01,2020-07-02
9.602947091989941e-05,Kandy Proper,2020-07-02,2020-07-03
,Kandy Proper,2020-07-03,2020-07-04
,Kandy Proper,2020-07-04,2020-07-05
7.786278896859889e-05,Kandy Proper,2020-07-05,2020-07-06
9.247921794465605e-05,Kandy Proper,2020-07-06,2020-07-07
0.0001380256436044468,Kandy Proper,2020-07-07,2020-07-08
0.00014753136237142395,Kandy Proper,2020-07-08,2020-07-09
,Kandy Proper,2020-07-09,2020-07-10
,Kandy Proper,2020-07-10,2020-07-11
0.00015611108392276632,Kandy Proper,2020-07-11,2020-07-12
9.297545808427273e-05,Kandy Proper,2020-07-12,2020-07-13
0.00018153703271008383,Kandy Proper,2020-07-13,2020-07-14
5.6862822195512606e-05,Kandy Proper,2020-07-14,2020-07-15
,Kandy Proper,2020-07-15,2020-07-16
,Kandy Proper,2020-07-16,2020-07-17
,Kandy Proper,2020-07-17,2020-07-18
,Kandy Proper,2020-07-18,2020-07-19
,Kandy Proper,2020-07-19,2020-07-20
,Kandy Proper,2020-07-20,2020-07-21
4.0588043353301246e-05,Kandy Proper,2020-07-21,2020-07-22
-2.8744251062940214e-05,Kandy Proper,2020-07-22,2020-07-23
0.00010365047983357886,Kandy Proper,2020-07-23,2020-07-24
0.00010040428499573745,Kandy Proper,2020-07-24,2020-07-25
,Kandy Proper,2020-07-25,2020-07-26
,Kandy Proper,2020-07-26,2020-07-27
,Kandy Proper,2020-07-27,2020-07-28
,Kandy Proper,2020-07-28,2020-07-29
,Kandy Proper,2020-07-29,2020-07-30
,Kandy Proper,2020-07-30,2020-07-31
-5.821006164510963e-05,Kandy Proper,2020-07-31,2020-08-01
,Kandy Proper,2020-08-01,2020-08-02
,Kandy Proper,2020-08-02,2020-08-03
,Kandy Proper,2020-08-03,2020-08-04
,Kandy Proper,2020-08-04,2020-08-05
,Kandy Proper,2020-08-05,2020-08-06
,Kandy Proper,2020-08-06,2020-08-07
,Kandy Proper,2020-08-07,2020-08-08
,Kandy Proper,2020-08-08,2020-08-09
,Kandy Proper,2020-08-09,2020-08-10
,Kandy Proper,2020-08-10,2020-08-11
,Kandy Proper,2020-08-11,2020-08-12
7.586057603543336e-05,Kandy Proper,2020-08-12,2020-08-13
-2.898902822251044e-05,Kandy Proper,2020-08-13,2020-08-14
0.00012719156575331626,Kandy Proper,2020-08-14,2020-08-15
,Kandy Proper,2020-08-15,2020-08-16
,Kandy Proper,2020-08-16,2020-08-17
3.644088504204493e-05,Kandy Proper,2020-08-17,2020-08-18
5.4838374249355775e-05,Kandy Proper,2020-08-18,2020-08-19
0.00013003709560151645,Kandy Proper,2020-08-19,2020-08-20
0.0001331987709522906,Kandy Proper,2020-08-20,2020-08-21
9.655315629476697e-05,Kandy Proper,2020-08-21,2020-08-22
0.00012287815373053523,Kandy Proper,2020-08-22,2020-08-23
8.472898340419462e-05,Kandy Proper,2020-08-23,2020-08-24
7.197216665810354e-05,Kandy Proper,2020-08-24,2020-08-25
0.00015119484347133624,Kandy Proper,2020-08-25,2020-08-26
0.00010393761444368077,Kandy Proper,2020-08-26,2020-08-27
0.00020690680001093443,Kandy Proper,2020-08-27,2020-08-28
9.410559345347803e-05,Kandy Proper,2020-08-28,2020-08-29
0.00010834018276325684,Kandy Proper,2020-08-29,2020-08-30
,Kandy Proper,2020-08-30,2020-08-31
1.7858797562988964e-05,Kandy Proper,2020-08-31,2020-09-01
,Kandy Proper,2020-09-01,2020-09-02
,Kandy Proper,2020-09-02,2020-09-03
,Kandy Proper,2020-09-03,2020-09-04
0.00015616203123176728,Kandy Proper,2020-09-04,2020-09-05
0.00021129458632130905,Kandy Proper,2020-09-05,2020-09-06
,Kandy Proper,2020-09-06,2020-09-07
,Kandy Proper,2020-09-07,2020-09-08
,Kandy Proper,2020-09-08,2020-09-09
,Kandy Proper,2020-09-09,2020-09-10
,Kandy Proper,2020-09-10,2020-09-11
,Kandy Proper,2020-09-11,2020-09-12
,Kandy Proper,2020-09-12,2020-09-13
,Kandy Proper,2020-09-13,2020-09-14
,Kandy Proper,2020-09-14,2020-09-15
,Kandy Proper,2020-09-15,2020-09-16
-6.399460900455862e-06,Kandy Proper,2020-09-16,2020-09-17
,Kandy Proper,2020-09-17,2020-09-18
,Kandy Proper,2020-09-18,2020-09-19
,Kandy Proper,2020-09-19,2020-09-20
,Kandy Proper,2020-09-20,2020-09-21
,Kandy Proper,2020-09-21,2020-09-22
,Kandy Proper,2020-09-22,2020-09-23
,Kandy Proper,2020-09-23,2020-09-24
,Kandy Proper,2020-09-24,2020-09-25
,Kandy Proper,2020-09-25,2020-09-26
2.9140114786906538e-05,Kandy Proper,2020-09-26,2020-09-27
5.918115428814198e-05,Kandy Proper,2020-09-27,2020-09-28
,Kandy Proper,2020-09-28,2020-09-29
,Kandy Proper,2020-09-29,2020-09-30
,Kandy Proper,2020-09-30,2020-10-01
,Kandy Proper,2020-10-01,2020-10-02
6.187819825380392e-05,Kandy Proper,2020-10-02,2020-10-03
,Kandy Proper,2020-10-03,2020-10-04
-8.405673784804399e-05,Kandy Proper,2020-10-04,2020-10-05
2.340741803698854e-05,Kandy Proper,2020-10-05,2020-10-06
0.00015306546713405393,Kandy Proper,2020-10-06,2020-10-07
,Kandy Proper,2020-10-07,2020-10-08
0.0002395261766511811,Kandy Proper,2020-10-08,2020-10-09
,Kandy Proper,2020-10-09,2020-10-10
,Kandy Proper,2020-10-10,2020-10-11
,Kandy Proper,2020-10-11,2020-10-12
0.00011917227029934487,Kandy Proper,2020-10-12,2020-10-13
,Kandy Proper,2020-10-13,2020-10-14
,Kandy Proper,2020-10-14,2020-10-15
,Kandy Proper,2020-10-15,2020-10-16
,Kandy Proper,2020-10-16,2020-10-17
,Kandy Proper,2020-10-17,2020-10-18
9.942865362783062e-05,Kandy Proper,2020-10-18,2020-10-19
5.091611358656925e-05,Kandy Proper,2020-10-19,2020-10-20
0.00018022366564362672,Kandy Proper,2020-10-20,2020-10-21
,Kandy Proper,2020-10-21,2020-10-22
-4.553184436542499e-05,Kandy Proper,2020-10-22,2020-10-23
0.0001413955854575998,Kandy Proper,2020-10-23,2020-10-24
,Kandy Proper,2020-10-24,2020-10-25
0.00012530981417518876,Kandy Proper,2020-10-25,2020-10-26
0.00010545998894365824,Kandy Proper,2020-10-26,2020-10-27
0.00029067817282918054,Kandy Proper,2020-10-27,2020-10-28
0.0002301803110104412,Kandy Proper,2020-10-28,2020-10-29
1.5190680648411468e-05,Kandy Proper,2020-10-29,2020-10-30
2.0346973745964616e-05,Kandy Proper,2020-10-30,2020-10-31
0.00026695566331266346,Kandy Proper,2020-10-31,2020-11-01
0.00011440363094975202,Kandy Proper,2020-11-01,2020-11-02
0.0003174029800108159,Kandy Proper,2020-11-02,2020-11-03
0.0001940053583054141,Kandy Proper,2020-11-03,2020-11-04
,Kandy Proper,2020-11-04,2020-11-05
0.00021520138595271284,Kandy Proper,2020-11-05,2020-11-06
7.865702273595624e-05,Kandy Proper,2020-11-06,2020-11-07
1.4512602882058574e-05,Kandy Proper,2020-11-07,2020-11-08
,Kandy Proper,2020-11-08,2020-11-09
,Kandy Proper,2020-11-09,2020-11-10
,Kandy Proper,2020-11-10,2020-11-11
,Kandy Proper,2020-11-11,2020-11-12
,Kandy Proper,2020-11-12,2020-11-13
5.822340171636285e-05,Kandy Proper,2020-11-13,2020-11-14
-0.00022818143906664103,Kandy Proper,2020-11-14,2020-11-15
2.080764581499092e-06,Kandy Proper,2020-11-15,2020-11-16
,Kandy Proper,2020-11-16,2020-11-17
0.00021556851101391369,Kandy Proper,2020-11-17,2020-11-18
0.00011920112509729877,Kandy Proper,2020-11-18,2020-11-19
-0.00011102503012718791,Kandy Proper,2020-11-19,2020-11-20
0.00015458830756662496,Kandy Proper,2020-11-20,2020-11-21
,Kandy Proper,2020-11-21,2020-11-22
,Kandy Proper,2020-11-22,2020-11-23
,Kandy Proper,2020-11-23,2020-11-24
,Kandy Proper,2020-11-24,2020-11-25
,Kandy Proper,2020-11-25,2020-11-26
6.702725268554318e-05,Kandy Proper,2020-11-26,2020-11-27
8.321889173172491e-05,Kandy Proper,2020-11-27,2020-11-28
0.0002035630910477368,Kandy Proper,2020-11-28,2020-11-29
0.00015224287381615607,Kandy Proper,2020-11-29,2020-11-30
,Kandy Proper,2020-11-30,2020-12-01
,Kandy Proper,2020-12-01,2020-12-02
,Kandy Proper,2020-12-02,2020-12-03
,Kandy Proper,2020-12-03,2020-12-04
,Kandy Proper,2020-12-04,2020-12-05
,Kandy Proper,2020-12-05,2020-12-06
2.2180559640723077e-05,Kandy Proper,2020-12-06,2020-12-07
6.569795051088172e-05,Kandy Proper,2020-12-07,2020-12-08
,Kandy Proper,2020-12-08,2020-12-09
0.00011300169742988747,Kandy Proper,2020-12-09,2020-12-10
-8.215035264478285e-06,Kandy Proper,2020-12-10,2020-12-11
0.000221420537679172,Kandy Proper,2020-12-11,2020-12-12
0.00032155288496520513,Kandy Proper,2020-12-12,2020-12-13
,Kandy Proper,2020-12-13,2020-12-14
0.00010004242027313634,Kandy Proper,2020-12-14,2020-12-15
5.524074311449292e-05,Kandy Proper,2020-12-15,2020-12-16
0.00010386495142308419,Kandy Proper,2020-12-16,2020-12-17
0.000195954432301728,Kandy Proper,2020-12-17,2020-12-18
,Kandy Proper,2020-12-18,2020-12-19
1.6758892768918845e-05,Kandy Proper,2020-12-19,2020-12-20
,Kandy Proper,2020-12-20,2020-12-21
,Kandy Proper,2020-12-21,2020-12-22
,Kandy Proper,2020-12-22,2020-12-23
,Kandy Proper,2020-12-23,2020-12-24
,Kandy Proper,2020-12-24,2020-12-25
0.0007051621763962024,Kandy Proper,2020-12-25,2020-12-26
,Kandy Proper,2020-12-26,2020-12-27
,Kandy Proper,2020-12-27,2020-12-28
,Kandy Proper,2020-12-28,2020-12-29
6.056729718064181e-05,Kandy Proper,2020-12-29,2020-12-30
0.00013321032601129807,Kandy Proper,2020-12-30,2020-12-31
,Kandy Proper,2020-12-31,2021-01-01
,Kandy Proper,2021-01-01,2021-01-02
,Kandy Proper,2021-01-02,2021-01-03
,Kandy Proper,2021-01-03,2021-01-04
-1.334469898249286e-05,Kandy Proper,2021-01-04,2021-01-05
,Kandy Proper,2021-01-05,2021-01-06
0.00015411011887075823,Kandy Proper,2021-01-06,2021-01-07
0.00011883331122339241,Kandy Proper,2021-01-07,2021-01-08
,Kandy Proper,2021-01-08,2021-01-09
,Kandy Proper,2021-01-09,2021-01-10
,Kandy Proper,2021-01-10,2021-01-11
,Kandy Proper,2021-01-11,2021-01-12
,Kandy Proper,2021-01-12,2021-01-13
,Kandy Proper,2021-01-13,2021-01-14
,Kandy Proper,2021-01-14,2021-01-15
,Kandy Proper,2021-01-15,2021-01-16
0.00013448450125285238,Kandy Proper,2021-01-16,2021-01-17
,Kandy Proper,2021-01-17,2021-01-18
,Kandy Proper,2021-01-18,2021-01-19
,Kandy Proper,2021-01-19,2021-01-20
3.145359393954347e-05,Kandy Proper,2021-01-20,2021-01-21
9.294210274479907e-05,Kandy Proper,2021-01-21,2021-01-22
0.00012260688467694098,Kandy Proper,2021-01-22,2021-01-23
-2.971229968281951e-05,Kandy Proper,2021-01-23,2021-01-24
0.00016212929095460926,Kandy Proper,2021-01-24,2021-01-25
1.8813652422668293e-05,Kandy Proper,2021-01-25,2021-01-26
0.00015422660018168095,Kandy Proper,2021-01-26,2021-01-27
3.818941598361816e-05,Kandy Proper,2021-01-27,2021-01-28
0.0001373520073689241,Kandy Proper,2021-01-28,2021-01-29
,Kandy Proper,2021-01-29,2021-01-30
3.730893602760257e-05,Kandy Proper,2021-01-30,2021-01-31
4.774973615060208e-05,Kandy Proper,2021-01-31,2021-02-01
,Kandy Proper,2021-02-01,2021-02-02
,Kandy Proper,2021-02-02,2021-02-03
,Kandy Proper,2021-02-03,2021-02-04
7.294355895178421e-05,Kandy Proper,2021-02-04,2021-02-05
4.393607376604848e-05,Kandy Proper,2021-02-05,2021-02-06
-0.00010153305191015103,Kandy Proper,2021-02-06,2021-02-07
,Kandy Proper,2021-02-07,2021-02-08
,Kandy Proper,2021-02-08,2021-02-09
1.089114357400706e-05,Kandy Proper,2021-02-09,2021-02-10
0.00023465701565033995,Kandy Proper,2021-02-10,2021-02-11
0.00010701602323357024,Kandy Proper,2021-02-11,2021-02-12
0.0001592890219855011,Kandy Proper,2021-02-12,2021-02-13
0.00014593966898755422,Kandy Proper,2021-02-13,2021-02-14
,Kandy Proper,2021-02-14,2021-02-15
9.212046465180807e-05,Kandy Proper,2021-02-15,2021-02-16
0.00013484419464030605,Kandy Proper,2021-02-16,2021-02-17
0.00021919748762975607,Kandy Proper,2021-02-17,2021-02-18
0.00010736803247385664,Kandy Proper,2021-02-18,2021-02-19
9.539193634198441e-05,Kandy Proper,2021-02-19,2021-02-20
-1.0934480164319894e-05,Kandy Proper,2021-02-20,2021-02-21
8.793830534806351e-06,Kandy Proper,2021-02-21,2021-02-22
2.9869225605117377e-05,Kandy Proper,2021-02-22,2021-02-23
-0.00010421431136271193,Kandy Proper,2021-02-23,2021-02-24
0.00010265378322579814,Kandy Proper,2021-02-24,2021-02-25
0.00013437648979610443,Kandy Proper,2021-02-25,2021-02-26
0.00026085995856622385,Kandy Proper,2021-02-26,2021-02-27
0.00013354050672216,Kandy Proper,2021-02-27,2021-02-28
0.00024257242685456733,Kandy Proper,2021-02-28,2021-03-01
7.992640203330773e-05,Kandy Proper,2021-03-01,2021-03-02
-3.599695240478734e-05,Kandy Proper,2021-03-02,2021-03-03
8.649164993459126e-05,Kandy Proper,2021-03-03,2021-03-04
0.0001206183237246775,Kandy Proper,2021-03-04,2021-03-05
,Kandy Proper,2021-03-05,2021-03-06
-3.690479764579448e-05,Kandy Proper,2021-03-06,2021-03-07
-0.00013555663436728193,Kandy Proper,2021-03-07,2021-03-08
,Kandy Proper,2021-03-08,2021-03-09
7.39241545383116e-05,Kandy Proper,2021-03-09,2021-03-10
,Kandy Proper,2021-03-10,2021-03-11
,Kandy Proper,2021-03-11,2021-03-12
0.000184640949083979,Kandy Proper,2021-03-12,2021-03-13
7.165580708523753e-05,Kandy Proper,2021-03-13,2021-03-14
4.587080981322053e-05,Kandy Proper,2021-03-14,2021-03-15
0.0001604234982395333,Kandy Proper,2021-03-15,2021-03-16
0.00011165127456122601,Kandy Proper,2021-03-16,2021-03-17
0.00021843737058588688,Kandy Proper,2021-03-17,2021-03-18
,Kandy Proper,2021-03-18,2021-03-19
,Kandy Proper,2021-03-19,2021-03-20
5.29361510440306e-05,Kandy Proper,2021-03-20,2021-03-21
,Kandy Proper,2021-03-21,2021-03-22
3.5615203145849084e-05,Kandy Proper,2021-03-22,2021-03-23
-3.8821261724315655e-05,Kandy Proper,2021-03-23,2021-03-24
,Kandy Proper,2021-03-24,2021-03-25
,Kandy Proper,2021-03-25,2021-03-26
,Kandy Proper,2021-03-26,2021-03-27
,Kandy Proper,2021-03-27,2021-03-28
,Kandy Proper,2021-03-28,2021-03-29
9.931758477976484e-05,Kandy Proper,2021-03-29,2021-03-30
0.0001433846403518973,Kandy Proper,2021-03-30,2021-03-31
0.00018248550733163148,Kandy Proper,2021-03-31,2021-04-01
0.00020438316533492594,Kandy Proper,2021-04-01,2021-04-02
0.0002720721832196498,Kandy Proper,2021-04-02,2021-04-03
0.00014342904543973684,Kandy Proper,2021-04-03,2021-04-04
0.00017254440619703405,Kandy Proper,2021-04-04,2021-04-05
0.00020957187622955433,Kandy Proper,2021-04-05,2021-04-06
0.00022654703560618983,Kandy Proper,2021-04-06,2021-04-07
4.0168496306063e-05,Kandy Proper,2021-04-07,2021-04-08
2.3951690059176273e-06,Kandy Proper,2021-04-08,2021-04-09
,Kandy Proper,2021-04-09,2021-04-10
,Kandy Proper,2021-04-10,2021-04-11
,Kandy Proper,2021-04-11,2021-04-12
0.00021388380194351856,Kandy Proper,2021-04-12,2021-04-13
,Kandy Proper,2021-04-13,2021-04-14
,Kandy Proper,2021-04-14,2021-04-15
0.00016536144531250914,Kandy Proper,2021-04-15,2021-04-16
0.00013139883069290657,Kandy Proper,2021-04-16,2021-04-17
0.00019437047443765574,Kandy Proper,2021-04-17,2021-04-18
0.00018309781261912063,Kandy Proper,2021-04-18,2021-04-19
0.00011463853869119511,Kandy Proper,2021-04-19,2021-04-20
6.728160450488812e-05,Kandy Proper,2021-04-20,2021-04-21
0.00015208542471256844,Kandy Proper,2021-04-21,2021-04-22
0.00021396558340714376,Kandy Proper,2021-04-22,2021-04-23
0.00017830193183432215,Kandy Proper,2021-04-23,2021-04-24
0.00016737598953460716,Kandy Proper,2021-04-24,2021-04-25
,Kandy Proper,2021-04-25,2021-04-26
0.00016752744894700018,Kandy Proper,2021-04-26,2021-04-27
0.0002240536613524031,Kandy Proper,2021-04-27,2021-04-28
0.00017612619177347668,Kandy Proper,2021-04-28,2021-04-29
,Kandy Proper,2021-04-29,2021-04-30
,Kandy Proper,2021-04-30,2021-05-01
,Kandy Proper,2021-05-01,2021-05-02
,Kandy Proper,2021-05-02,2021-05-03
0.0002039166332048206,Kandy Proper,2021-05-03,2021-05-04
0.0001290007396666711,Kandy Proper,2021-05-04,2021-05-05
,Kandy Proper,2021-05-05,2021-05-06
4.5359877531792387e-05,Kandy Proper,2021-05-06,2021-05-07
8.260900233832944e-05,Kandy Proper,2021-05-07,2021-05-08
,Kandy Proper,2021-05-08,2021-05-09
,Kandy Proper,2021-05-09,2021-05-10
,Kandy Proper,2021-05-10,2021-05-11
8.832209544451476e-05,Kandy Proper,2021-05-11,2021-05-12
,Kandy Proper,2021-05-12,2021-05-13
,Kandy Proper,2021-05-13,2021-05-14
0.00012043025171855905,Kandy Proper,2021-05-14,2021-05-15
,Kandy Proper,2021-05-15,2021-05-16
,Kandy Proper,2021-05-16,2021-05-17
8.26365839024178e-05,Kandy Proper,2021-05-17,2021-05-18
0.00012620042877931628,Kandy Proper,2021-05-18,2021-05-19
0.00025146974315892523,Kandy Proper,2021-05-19,2021-05-20
,Kandy Proper,2021-05-20,2021-05-21
,Kandy Proper,2021-05-21,2021-05-22
,Kandy Proper,2021-05-22,2021-05-23
,Kandy Proper,2021-05-23,2021-05-24
,Kandy Proper,2021-05-24,2021-05-25
,Kandy Proper,2021-05-25,2021-05-26
,Kandy Proper,2021-05-26,2021-05-27
,Kandy Proper,2021-05-27,2021-05-28
9.259006666023173e-05,Kandy Proper,2021-05-28,2021-05-29
,Kandy Proper,2021-05-29,2021-05-30
-6.311605132129754e-05,Kandy Proper,2021-05-30,2021-05-31
-1.762907155383166e-06,Kandy Proper,2021-05-31,2021-06-01
3.0412926917752886e-05,Kandy Proper,2021-06-01,2021-06-02
1.9192176214982037e-05,Kandy Proper,2021-06-02,2021-06-03
,Kandy Proper,2021-06-03,2021-06-04
,Kandy Proper,2021-06-04,2021-06-05
,Kandy Proper,2021-06-05,2021-06-06
,Kandy Proper,2021-06-06,2021-06-07
,Kandy Proper,2021-06-07,2021-06-08
,Kandy Proper,2021-06-08,2021-06-09
,Kandy Proper,2021-06-09,2021-06-10
0.00012766644427926002,Kandy Proper,2021-06-10,2021-06-11
-1.1982545903516178e-05,Kandy Proper,2021-06-11,2021-06-12
-4.821809128200573e-05,Kandy Proper,2021-06-12,2021-06-13
0.00016055575462064976,Kandy Proper,2021-06-13,2021-06-14
-9.723458801103359e-05,Kandy Proper,2021-06-14,2021-06-15
-5.254152661628475e-07,Kandy Proper,2021-06-15,2021-06-16
2.3261638402328353e-05,Kandy Proper,2021-06-16,2021-06-17
,Kandy Proper,2021-06-17,2021-06-18
0.00011197533645856539,Kandy Proper,2021-06-18,2021-06-19
5.2291692177625585e-05,Kandy Proper,2021-06-19,2021-06-20
4.1685606433043056e-05,Kandy Proper,2021-06-20,2021-06-21
0.00018285465121685413,Kandy Proper,2021-06-21,2021-06-22
,Kandy Proper,2021-06-22,2021-06-23
7.135932592072925e-05,Kandy Proper,2021-06-23,2021-06-24
0.00010360708269793215,Kandy Proper,2021-06-24,2021-06-25
5.581569220675591e-05,Kandy Proper,2021-06-25,2021-06-26
,Kandy Proper,2021-06-26,2021-06-27
3.405406309894988e-05,Kandy Proper,2021-06-27,2021-06-28
7.76649480737224e-05,Kandy Proper,2021-06-28,2021-06-29
9.991646785874659e-05,Kandy Proper,2021-06-29,2021-06-30
,Kandy Proper,2021-06-30,2021-07-01
0.00011216238030962158,Kandy Proper,2021-07-01,2021-07-02
,Kandy Proper,2021-07-02,2021-07-03
,Kandy Proper,2021-07-03,2021-07-04
,Kandy Proper,2021-07-04,2021-07-05
-0.00013082641791388772,Kandy Proper,2021-07-05,2021-07-06
-0.00015064561192641227,Kandy Proper,2021-07-06,2021-07-07
-7.823375594718562e-05,Kandy Proper,2021-07-07,2021-07-08
,Kandy Proper,2021-07-08,2021-07-09
,Kandy Proper,2021-07-09,2021-07-10
,Kandy Proper,2021-07-10,2021-07-11
,Kandy Proper,2021-07-11,2021-07-12
,Kandy Proper,2021-07-12,2021-07-13
0.0002190729926259428,Kandy Proper,2021-07-13,2021-07-14
,Kandy Proper,2021-07-14,2021-07-15
,Kandy Proper,2021-07-15,2021-07-16
,Kandy Proper,2021-07-16,2021-07-17
,Kandy Proper,2021-07-17,2021-07-18
5.928561946938864e-05,Kandy Proper,2021-07-18,2021-07-19
,Kandy Proper,2021-07-19,2021-07-20
1.810802931280726e-05,Kandy Proper,2021-07-20,2021-07-21
,Kandy Proper,2021-07-21,2021-07-22
,Kandy Proper,2021-07-22,2021-07-23
,Kandy Proper,2021-07-23,2021-07-24
,Kandy Proper,2021-07-24,2021-07-25
,Kandy Proper,2021-07-25,2021-07-26
,Kandy Proper,2021-07-26,2021-07-27
-9.997653983236062e-05,Kandy Proper,2021-07-27,2021-07-28
,Kandy Proper,2021-07-28,2021-07-29
0.0001179200091217058,Kandy Proper,2021-07-29,2021-07-30
9.754254655108326e-05,Kandy Proper,2021-07-30,2021-07-31
9.614297884721344e-05,Kandy Proper,2021-07-31,2021-08-01
0.00019703709319968007,Kandy Proper,2021-08-01,2021-08-02
6.942045801500339e-06,Kandy Proper,2021-08-02,2021-08-03
,Kandy Proper,2021-08-03,2021-08-04
,Kandy Proper,2021-08-04,2021-08-05
,Kandy Proper,2021-08-05,2021-08-06
,Kandy Proper,2021-08-06,2021-08-07
,Kandy Proper,2021-08-07,2021-08-08
,Kandy Proper,2021-08-08,2021-08-09
,Kandy Proper,2021-08-09,2021-08-10
,Kandy Proper,2021-08-10,2021-08-11
,Kandy Proper,2021-08-11,2021-08-12
,Kandy Proper,2021-08-12,2021-08-13
0.00011271511432390147,Kandy Proper,2021-08-13,2021-08-14
,Kandy Proper,2021-08-14,2021-08-15
0.00021994930537692285,Kandy Proper,2021-08-15,2021-08-16
,Kandy Proper,2021-08-16,2021-08-17
,Kandy Proper,2021-08-17,2021-08-18
,Kandy Proper,2021-08-18,2021-08-19
0.00015643247695801128,Kandy Proper,2021-08-19,2021-08-20
2.81577953574829e-05,Kandy Proper,2021-08-20,2021-08-21
-3.1855401210451254e-05,Kandy Proper,2021-08-21,2021-08-22
,Kandy Proper,2021-08-22,2021-08-23
0.00010241100229817568,Kandy Proper,2021-08-23,2021-08-24
0.00012187360277172914,Kandy Proper,2021-08-24,2021-08-25
6.436261118345511e-05,Kandy Proper,2021-08-25,2021-08-26
,Kandy Proper,2021-08-26,2021-08-27
,Kandy Proper,2021-08-27,2021-08-28
,Kandy Proper,2021-08-28,2021-08-29
,Kandy Proper,2021-08-29,2021-08-30
,Kandy Proper,2021-08-30,2021-08-31
,Kandy Proper,2021-08-31,2021-09-01
,Kandy Proper,2021-09-01,2021-09-02
,Kandy Proper,2021-09-02,2021-09-03
,Kandy Proper,2021-09-03,2021-09-04
,Kandy Proper,2021-09-04,2021-09-05
,Kandy Proper,2021-09-05,2021-09-06
,Kandy Proper,2021-09-06,2021-09-07
7.159205525252496e-05,Kandy Proper,2021-09-07,2021-09-08
9.048562254009845e-05,Kandy Proper,2021-09-08,2021-09-09
0.00010904828311148147,Kandy Proper,2021-09-09,2021-09-10
7.098002232373875e-06,Kandy Proper,2021-09-10,2021-09-11
,Kandy Proper,2021-09-11,2021-09-12
4.275555503242512e-05,Kandy Proper,2021-09-12,2021-09-13
4.893388501282747e-05,Kandy Proper,2021-09-13,2021-09-14
-2.315211989834928e-05,Kandy Proper,2021-09-14,2021-09-15
7.601569915146565e-05,Kandy Proper,2021-09-15,2021-09-16
,Kandy Proper,2021-09-16,2021-09-17
,Kandy Proper,2021-09-17,2021-09-18
-4.5702171118002286e-05,Kandy Proper,2021-09-18,2021-09-19
8.084368164549142e-05,Kandy Proper,2021-09-19,2021-09-20
,Kandy Proper,2021-09-20,2021-09-21
,Kandy Proper,2021-09-21,2021-09-22
5.0895692286337854e-05,Kandy Proper,2021-09-22,2021-09-23
8.825533327482998e-05,Kandy Proper,2021-09-23,2021-09-24
5.765859451744939e-05,Kandy Proper,2021-09-24,2021-09-25
,Kandy Proper,2021-09-25,2021-09-26
,Kandy Proper,2021-09-26,2021-09-27
5.628115463429397e-07,Kandy Proper,2021-09-27,2021-09-28
,Kandy Proper,2021-09-28,2021-09-29
3.218808687797956e-05,Kandy Proper,2021-09-29,2021-09-30
,Kandy Proper,2021-09-30,2021-10-01
,Kandy Proper,2021-10-01,2021-10-02
,Kandy Proper,2021-10-02,2021-10-03
,Kandy Proper,2021-10-03,2021-10-04
,Kandy Proper,2021-10-04,2021-10-05
,Kandy Proper,2021-10-05,2021-10-06
-5.1735860332476076e-05,Kandy Proper,2021-10-06,2021-10-07
4.043535659191621e-05,Kandy Proper,2021-10-07,2021-10-08
8.591428424336525e-05,Kandy Proper,2021-10-08,2021-10-09
,Kandy Proper,2021-10-09,2021-10-10
,Kandy Proper,2021-10-10,2021-10-11
,Kandy Proper,2021-10-11,2021-10-12
,Kandy Proper,2021-10-12,2021-10-13
0.000101903523179938,Kandy Proper,2021-10-13,2021-10-14
0.00012322416140905088,Kandy Proper,2021-10-14,2021-10-15
7.03454945488052e-05,Kandy Proper,2021-10-15,2021-10-16
,Kandy Proper,2021-10-16,2021-10-17
,Kandy Proper,2021-10-17,2021-10-18
-1.2495936865676695e-05,Kandy Proper,2021-10-18,2021-10-19
9.904008688817003e-05,Kandy Proper,2021-10-19,2021-10-20
,Kandy Proper,2021-10-20,2021-10-21
,Kandy Proper,2021-10-21,2021-10-22
0.0001728092800978015,Kandy Proper,2021-10-22,2021-10-23
,Kandy Proper,2021-10-23,2021-10-24
8.202783074228405e-05,Kandy Proper,2021-10-24,2021-10-25
,Kandy Proper,2021-10-25,2021-10-26
0.00016972122682539737,Kandy Proper,2021-10-26,2021-10-27
,Kandy Proper,2021-10-27,2021-10-28
,Kandy Proper,2021-10-28,2021-10-29
,Kandy Proper,2021-10-29,2021-10-30
,Kandy Proper,2021-10-30,2021-10-31
0.0002133346232627083,Kandy Proper,2021-10-31,2021-11-01
,Kandy Proper,2021-11-01,2021-11-02
0.00011652628663418176,Kandy Proper,2021-11-02,2021-11-03
,Kandy Proper,2021-11-03,2021-11-04
,Kandy Proper,2021-11-04,2021-11-05
,Kandy Proper,2021-11-05,2021-11-06
,Kandy Proper,2021-11-06,2021-11-07
,Kandy Proper,2021-11-07,2021-11-08
,Kandy Proper,2021-11-08,2021-11-09
,Kandy Proper,2021-11-09,2021-11-10
,Kandy Proper,2021-11-10,2021-11-11
0.00012144124031183039,Kandy Proper,2021-11-11,2021-11-12
,Kandy Proper,2021-11-12,2021-11-13
,Kandy Proper,2021-11-13,2021-11-14
,Kandy Proper,2021-11-14,2021-11-15
,Kandy Proper,2021-11-15,2021-11-16
,Kandy Proper,2021-11-16,2021-11-17
,Kandy Proper,2021-11-17,2021-11-18
,Kandy Proper,2021-11-18,2021-11-19
,Kandy Proper,2021-11-19,2021-11-20
3.298007044692261e-05,Kandy Proper,2021-11-20,2021-11-21
0.00011511597626725651,Kandy Proper,2021-11-21,2021-11-22
0.00023088709714223066,Kandy Proper,2021-11-22,2021-11-23
,Kandy Proper,2021-11-23,2021-11-24
,Kandy Proper,2021-11-24,2021-11-25
,Kandy Proper,2021-11-25,2021-11-26
0.00017937720235791074,Kandy Proper,2021-11-26,2021-11-27
6.0461759947278604e-05,Kandy Proper,2021-11-27,2021-11-28
,Kandy Proper,2021-11-28,2021-11-29
,Kandy Proper,2021-11-29,2021-11-30
,Kandy Proper,2021-11-30,2021-12-01
4.437957062913551e-06,Kandy Proper,2021-12-01,2021-12-02
4.800358551893512e-05,Kandy Proper,2021-12-02,2021-12-03
0.00015333687542209154,Kandy Proper,2021-12-03,2021-12-04
0.0001414972986159485,Kandy Proper,2021-12-04,2021-12-05
,Kandy Proper,2021-12-05,2021-12-06
,Kandy Proper,2021-12-06,2021-12-07
0.0001626060152681991,Kandy Proper,2021-12-07,2021-12-08
7.612153321777504e-05,Kandy Proper,2021-12-08,2021-12-09
4.054230469422604e-05,Kandy Proper,2021-12-09,2021-12-10
7.154467753442222e-05,Kandy Proper,2021-12-10,2021-12-11
4.934669107873211e-05,Kandy Proper,2021-12-11,2021-12-12
5.630749428469005e-05,Kandy Proper,2021-12-12,2021-12-13
,Kandy Proper,2021-12-13,2021-12-14
-1.2234633592206546e-05,Kandy Proper,2021-12-14,2021-12-15
,Kandy Proper,2021-12-15,2021-12-16
0.00014854416031361502,Kandy Proper,2021-12-16,2021-12-17
3.504236507351786e-05,Kandy Proper,2021-12-17,2021-12-18
-6.488176666242177e-05,Kandy Proper,2021-12-18,2021-12-19
4.2021633319044305e-05,Kandy Proper,2021-12-19,2021-12-20
0.00019526826596806578,Kandy Proper,2021-12-20,2021-12-21
-4.0288898409749716e-05,Kandy Proper,2021-12-21,2021-12-22
-2.8835155644793804e-05,Kandy Proper,2021-12-22,2021-12-23
0.00015964767089904792,Kandy Proper,2021-12-23,2021-12-24
0.00011216020840716275,Kandy Proper,2021-12-24,2021-12-25
9.792571224075384e-05,Kandy Proper,2021-12-25,2021-12-26
3.10034295700588e-05,Kandy Proper,2021-12-26,2021-12-27
9.135317457448303e-05,Kandy Proper,2021-12-27,2021-12-28
0.00017032496449712452,Kandy Proper,2021-12-28,2021-12-29
4.462642397080864e-05,Kandy Proper,2021-12-29,2021-12-30
,Kandy Proper,2021-12-30,2021-12-31
,Kandy Proper,2021-12-31,2022-01-01
4.9966700099838905e-06,Kandy Proper,2022-01-01,2022-01-02
,Kandy Proper,2022-01-02,2022-01-03
,Kandy Proper,2022-01-03,2022-01-04
,Kandy Proper,2022-01-04,2022-01-05
,Kandy Proper,2022-01-05,2022-01-06
-2.511242044249343e-05,Kandy Proper,2022-01-06,2022-01-07
5.1984316101354585e-06,Kandy Proper,2022-01-07,2022-01-08
,Kandy Proper,2022-01-08,2022-01-09
8.417588657104886e-05,Kandy Proper,2022-01-09,2022-01-10
,Kandy Proper,2022-01-10,2022-01-11
,Kandy Proper,2022-01-11,2022-01-12
-1.2208306644869589e-05,Kandy Proper,2022-01-12,2022-01-13
0.00010025364361153206,Kandy Proper,2022-01-13,2022-01-14
0.000265633931531721,Kandy Proper,2022-01-14,2022-01-15
0.00014265770472105335,Kandy Proper,2022-01-15,2022-01-16
5.873748507544971e-05,Kandy Proper,2022-01-16,2022-01-17
8.73123469209982e-05,Kandy Proper,2022-01-17,2022-01-18
-8.121993178601313e-05,Kandy Proper,2022-01-18,2022-01-19
8.812047958670396e-05,Kandy Proper,2022-01-19,2022-01-20
0.00027522040880632794,Kandy Proper,2022-01-20,2022-01-21
-5.9145160006379786e-05,Kandy Proper,2022-01-21,2022-01-22
0.00010131241993697734,Kandy Proper,2022-01-22,2022-01-23
0.00033193524625805247,Kandy Proper,2022-01-23,2022-01-24
0.00012980116808697885,Kandy Proper,2022-01-24,2022-01-25
0.0001910123589885318,Kandy Proper,2022-01-25,2022-01-26
0.00020444198903329063,Kandy Proper,2022-01-26,2022-01-27
0.00017866723120973823,Kandy Proper,2022-01-27,2022-01-28
1.7565147757184226e-05,Kandy Proper,2022-01-28,2022-01-29
,Kandy Proper,2022-01-29,2022-01-30
0.00019688932437017233,Kandy Proper,2022-01-30,2022-01-31
-1.884458100773781e-05,Kandy Proper,2022-01-31,2022-02-01
0.0002145448953306031,Kandy Proper,2022-02-01,2022-02-02
0.00014226522640611435,Kandy Proper,2022-02-02,2022-02-03
0.00010729755628904842,Kandy Proper,2022-02-03,2022-02-04
0.00018531718976296776,Kandy Proper,2022-02-04,2022-02-05
0.00030879726443994057,Kandy Proper,2022-02-05,2022-02-06
0.00018123671709535614,Kandy Proper,2022-02-06,2022-02-07
,Kandy Proper,2022-02-07,2022-02-08
0.00019968683945069586,Kandy Proper,2022-02-08,2022-02-09
0.00011950424747150816,Kandy Proper,2022-02-09,2022-02-10
,Kandy Proper,2022-02-10,2022-02-11
,Kandy Proper,2022-02-11,2022-02-12
,Kandy Proper,2022-02-12,2022-02-13
,Kandy Proper,2022-02-13,2022-02-14
,Kandy Proper,2022-02-14,2022-02-15
0.00016103897574512062,Kandy Proper,2022-02-15,2022-02-16
9.24380731373748e-05,Kandy Proper,2022-02-16,2022-02-17
9.926161818401754e-05,Kandy Proper,2022-02-17,2022-02-18
7.641624307470651e-06,Kandy Proper,2022-02-18,2022-02-19
,Kandy Proper,2022-02-19,2022-02-20
0.00012646963716650284,Kandy Proper,2022-02-20,2022-02-21
0.00014507144651072115,Kandy Proper,2022-02-21,2022-02-22
0.00023165544180083592,Kandy Proper,2022-02-22,2022-02-23
1.9648288549225728e-05,Kandy Proper,2022-02-23,2022-02-24
-5.498078483761552e-05,Kandy Proper,2022-02-24,2022-02-25
6.607650560754945e-05,Kandy Proper,2022-02-25,2022-02-26
-3.29369404906108e-05,Kandy Proper,2022-02-26,2022-02-27
0.00010420201273923621,Kandy Proper,2022-02-27,2022-02-28
7.176631242896976e-05,Kandy Proper,2022-02-28,2022-03-01
0.0002492218447340307,Kandy Proper,2022-03-01,2022-03-02
,Kandy Proper,2022-03-02,2022-03-03
,Kandy Proper,2022-03-03,2022-03-04
,Kandy Proper,2022-03-04,2022-03-05
,Kandy Proper,2022-03-05,2022-03-06
6.22072730764337e-05,Kandy Proper,2022-03-06,2022-03-07
0.00011604372921750162,Kandy Proper,2022-03-07,2022-03-08
8.209178762127623e-05,Kandy Proper,2022-03-08,2022-03-09
0.00010785556189998692,Kandy Proper,2022-03-09,2022-03-10
4.7371843179880217e-05,Kandy Proper,2022-03-10,2022-03-11
0.0001249777412899473,Kandy Proper,2022-03-11,2022-03-12
,Kandy Proper,2022-03-12,2022-03-13
2.6190924408347685e-05,Kandy Proper,2022-03-13,2022-03-14
0.00017378405632904263,Kandy Proper,2022-03-14,2022-03-15
0.00025169899317579444,Kandy Proper,2022-03-15,2022-03-16
,Kandy Proper,2022-03-16,2022-03-17
,Kandy Proper,2022-03-17,2022-03-18
8.228346580453299e-05,Kandy Proper,2022-03-18,2022-03-19
0.0001192729158273432,Kandy Proper,2022-03-19,2022-03-20
6.50170912256107e-05,Kandy Proper,2022-03-20,2022-03-21
0.00011382384402731281,Kandy Proper,2022-03-21,2022-03-22
0.0001394118962159128,Kandy Proper,2022-03-22,2022-03-23
,Kandy Proper,2022-03-23,2022-03-24
0.0001151436945598998,Kandy Proper,2022-03-24,2022-03-25
0.0002069335624228772,Kandy Proper,2022-03-25,2022-03-26
,Kandy Proper,2022-03-26,2022-03-27
3.075582941611868e-05,Kandy Proper,2022-03-27,2022-03-28
5.429734714904007e-05,Kandy Proper,2022-03-28,2022-03-29
4.4504754063334214e-05,Kandy Proper,2022-03-29,2022-03-30
0.00012329755199868344,Kandy Proper,2022-03-30,2022-03-31
0.00010585703836153693,Kandy Proper,2022-03-31,2022-04-01
0.00013096786500688113,Kandy Proper,2022-04-01,2022-04-02
6.837315634981946e-05,Kandy Proper,2022-04-02,2022-04-03
,Kandy Proper,2022-04-03,2022-04-04
0.00013861883128677696,Kandy Proper,2022-04-04,2022-04-05
0.00024725076866399684,Kandy Proper,2022-04-05,2022-04-06
,Kandy Proper,2022-04-06,2022-04-07
,Kandy Proper,2022-04-07,2022-04-08
,Kandy Proper,2022-04-08,2022-04-09
,Kandy Proper,2022-04-09,2022-04-10
,Kandy Proper,2022-04-10,2022-04-11
-2.459883761831389e-06,Kandy Proper,2022-04-11,2022-04-12
,Kandy Proper,2022-04-12,2022-04-13
,Kandy Proper,2022-04-13,2022-04-14
0.00018016833266255318,Kandy Proper,2022-04-14,2022-04-15
9.703400408492839e-05,Kandy Proper,2022-04-15,2022-04-16
2.5521323015017635e-05,Kandy Proper,2022-04-16,2022-04-17
,Kandy Proper,2022-04-17,2022-04-18
7.79996695889472e-05,Kandy Proper,2022-04-18,2022-04-19
2.937012156792997e-05,Kandy Proper,2022-04-19,2022-04-20
0.00018365087446564488,Kandy Proper,2022-04-20,2022-04-21
0.0001550303494221883,Kandy Proper,2022-04-21,2022-04-22
,Kandy Proper,2022-04-22,2022-04-23
,Kandy Proper,2022-04-23,2022-04-24
,Kandy Proper,2022-04-24,2022-04-25
0.00015530470227825523,Kandy Proper,2022-04-25,2022-04-26
0.00016043661237744876,Kandy Proper,2022-04-26,2022-04-27
,Kandy Proper,2022-04-27,2022-04-28
,Kandy Proper,2022-04-28,2022-04-29
,Kandy Proper,2022-04-29,2022-04-30
0.00014475136745759968,Kandy Proper,2022-04-30,2022-05-01
0.00010629493771010733,Kandy Proper,2022-05-01,2022-05-02
0.0002005480235080453,Kandy Proper,2022-05-02,2022-05-03
,Kandy Proper,2022-05-03,2022-05-04
0.0001346894780538025,Kandy Proper,2022-05-04,2022-05-05
,Kandy Proper,2022-05-05,2022-05-06
0.00021871770966492456,Kandy Proper,2022-05-06,2022-05-07
0.0001623393419179814,Kandy Proper,2022-05-07,2022-05-08
,Kandy Proper,2022-05-08,2022-05-09
,Kandy Proper,2022-05-09,2022-05-10
,Kandy Proper,2022-05-10,2022-05-11
,Kandy Proper,2022-05-11,2022-05-12
3.240961393989184e-06,Kandy Proper,2022-05-12,2022-05-13
,Kandy Proper,2022-05-13,2022-05-14
,Kandy Proper,2022-05-14,2022-05-15
,Kandy Proper,2022-05-15,2022-05-16
,Kandy Proper,2022-05-16,2022-05-17
,Kandy Proper,2022-05-17,2022-05-18
,Kandy Proper,2022-05-18,2022-05-19
,Kandy Proper,2022-05-19,2022-05-20
-0.00010953149395993691,Kandy Proper,2022-05-20,2022-05-21
,Kandy Proper,2022-05-21,2022-05-22
0.00011999750823502828,Kandy Proper,2022-05-22,2022-05-23
0.00017045882143592445,Kandy Proper,2022-05-23,2022-05-24
,Kandy Proper,2022-05-24,2022-05-25
,Kandy Proper,2022-05-25,2022-05-26
6.731434027817508e-05,Kandy Proper,2022-05-26,2022-05-27
8.33281159090101e-05,Kandy Proper,2022-05-27,2022-05-28
,Kandy Proper,2022-05-28,2022-05-29
,Kandy Proper,2022-05-29,2022-05-30
,Kandy Proper,2022-05-30,2022-05-31
,Kandy Proper,2022-05-31,2022-06-01
,Kandy Proper,2022-06-01,2022-06-02
3.758274860259792e-05,Kandy Proper,2022-06-02,2022-06-03
0.0001317123376870306,Kandy Proper,2022-06-03,2022-06-04
,Kandy Proper,2022-06-04,2022-06-05
8.521985695564863e-05,Kandy Proper,2022-06-05,2022-06-06
,Kandy Proper,2022-06-06,2022-06-07
,Kandy Proper,2022-06-07,2022-06-08
9.537965694244273e-05,Kandy Proper,2022-06-08,2022-06-09
,Kandy Proper,2022-06-09,2022-06-10
-1.4887534724441734e-05,Kandy Proper,2022-06-10,2022-06-11
,Kandy Proper,2022-06-11,2022-06-12
,Kandy Proper,2022-06-12,2022-06-13
9.897744115925577e-05,Kandy Proper,2022-06-13,2022-06-14
0.00010115208682023648,Kandy Proper,2022-06-14,2022-06-15
,Kandy Proper,2022-06-15,2022-06-16
,Kandy Proper,2022-06-16,2022-06-17
0.0002994993971203151,Kandy Proper,2022-06-17,2022-06-18
0.00012038924827149096,Kandy Proper,2022-06-18,2022-06-19
0.0001648184344187566,Kandy Proper,2022-06-19,2022-06-20
,Kandy Proper,2022-06-20,2022-06-21
0.00010137783994734176,Kandy Proper,2022-06-21,2022-06-22
,Kandy Proper,2022-06-22,2022-06-23
,Kandy Proper,2022-06-23,2022-06-24
,Kandy Proper,2022-06-24,2022-06-25
1.4930432570178334e-05,Kandy Proper,2022-06-25,2022-06-26
7.057031359484082e-05,Kandy Proper,2022-06-26,2022-06-27
3.0247450545488213e-05,Kandy Proper,2022-06-27,2022-06-28
0.00012420744757039615,Kandy Proper,2022-06-28,2022-06-29
5.7417202473404236e-05,Kandy Proper,2022-06-29,2022-06-30
,Kandy Proper,2022-06-30,2022-07-01
3.7988083591324105e-05,Kandy Proper,2022-07-01,2022-07-02
7.67166932771911e-05,Kandy Proper,2022-07-02,2022-07-03
,Kandy Proper,2022-07-03,2022-07-04
,Kandy Proper,2022-07-04,2022-07-05
,Kandy Proper,2022-07-05,2022-07-06
,Kandy Proper,2022-07-06,2022-07-07
,Kandy Proper,2022-07-07,2022-07-08
2.5053031226636987e-05,Kandy Proper,2022-07-08,2022-07-09
,Kandy Proper,2022-07-09,2022-07-10
,Kandy Proper,2022-07-10,2022-07-11
,Kandy Proper,2022-07-11,2022-07-12
,Kandy Proper,2022-07-12,2022-07-13
,Kandy Proper,2022-07-13,2022-07-14
,Kandy Proper,2022-07-14,2022-07-15
,Kandy Proper,2022-07-15,2022-07-16
,Kandy Proper,2022-07-16,2022-07-17
,Kandy Proper,2022-07-17,2022-07-18
,Kandy Proper,2022-07-18,2022-07-19
,Kandy Proper,2022-07-19,2022-07-20
8.740547201422464e-05,Kandy Proper,2022-07-20,2022-07-21
,Kandy Proper,2022-07-21,2022-07-22
,Kandy Proper,2022-07-22,2022-07-23
,Kandy Proper,2022-07-23,2022-07-24
,Kandy Proper,2022-07-24,2022-07-25
0.00018274787789805265,Kandy Proper,2022-07-25,2022-07-26
0.0002296677084993992,Kandy Proper,2022-07-26,2022-07-27
,Kandy Proper,2022-07-27,2022-07-28
,Kandy Proper,2022-07-28,2022-07-29
,Kandy Proper,2022-07-29,2022-07-30
5.989757943210389e-05,Kandy Proper,2022-07-30,2022-07-31
5.25808307968791e-05,Kandy Proper,2022-07-31,2022-08-01
,Kandy Proper,2022-08-01,2022-08-02
,Kandy Proper,2022-08-02,2022-08-03
,Kandy Proper,2022-08-03,2022-08-04
,Kandy Proper,2022-08-04,2022-08-05
,Kandy Proper,2022-08-05,2022-08-06
,Kandy Proper,2022-08-06,2022-08-07
,Kandy Proper,2022-08-07,2022-08-08
,Kandy Proper,2022-08-08,2022-08-09
,Kandy Proper,2022-08-09,2022-08-10
6.900941489233973e-05,Kandy Proper,2022-08-10,2022-08-11
0.0001430508859290035,Kandy Proper,2022-08-11,2022-08-12
,Kandy Proper,2022-08-12,2022-08-13
6.363842161222554e-05,Kandy Proper,2022-08-13,2022-08-14
0.00012220054381792503,Kandy Proper,2022-08-14,2022-08-15
-6.560548180620447e-06,Kandy Proper,2022-08-15,2022-08-16
,Kandy Proper,2022-08-16,2022-08-17
0.00015831229641206896,Kandy Proper,2022-08-17,2022-08-18
8.000178487283043e-05,Kandy Proper,2022-08-18,2022-08-19
6.476015299924437e-05,Kandy Proper,2022-08-19,2022-08-20
0.00013516222369525972,Kandy Proper,2022-08-20,2022-08-21
0.00012755465796691036,Kandy Proper,2022-08-21,2022-08-22
,Kandy Proper,2022-08-22,2022-08-23
,Kandy Proper,2022-08-23,2022-08-24
,Kandy Proper,2022-08-24,2022-08-25
,Kandy Proper,2022-08-25,2022-08-26
,Kandy Proper,2022-08-26,2022-08-27
,Kandy Proper,2022-08-27,2022-08-28
,Kandy Proper,2022-08-28,2022-08-29
,Kandy Proper,2022-08-29,2022-08-30
,Kandy Proper,2022-08-30,2022-08-31
,Kandy Proper,2022-08-31,2022-09-01
,Kandy Proper,2022-09-01,2022-09-02
1.4610784981298888e-05,Kandy Proper,2022-09-02,2022-09-03
,Kandy Proper,2022-09-03,2022-09-04
5.920536512008881e-05,Kandy Proper,2022-09-04,2022-09-05
,Kandy Proper,2022-09-05,2022-09-06
,Kandy Proper,2022-09-06,2022-09-07
,Kandy Proper,2022-09-07,2022-09-08
,Kandy Proper,2022-09-08,2022-09-09
,Kandy Proper,2022-09-09,2022-09-10
9.48696110130364e-05,Kandy Proper,2022-09-10,2022-09-11
5.647265140470304e-05,Kandy Proper,2022-09-11,2022-09-12
0.00011207757678636985,Kandy Proper,2022-09-12,2022-09-13
0.00014409970538306212,Kandy Proper,2022-09-13,2022-09-14
5.543215120198064e-05,Kandy Proper,2022-09-14,2022-09-15
8.114659713212203e-05,Kandy Proper,2022-09-15,2022-09-16
0.00010368251613071476,Kandy Proper,2022-09-16,2022-09-17
0.00010831940778419892,Kandy Proper,2022-09-17,2022-09-18
8.659447465188846e-05,Kandy Proper,2022-09-18,2022-09-19
,Kandy Proper,2022-09-19,2022-09-20
,Kandy Proper,2022-09-20,2022-09-21
2.720126382187544e-05,Kandy Proper,2022-09-21,2022-09-22
0.00018592948798010399,Kandy Proper,2022-09-22,2022-09-23
-4.21289315108277e-05,Kandy Proper,2022-09-23,2022-09-24
4.458525811295027e-05,Kandy Proper,2022-09-24,2022-09-25
8.619025447911603e-05,Kandy Proper,2022-09-25,2022-09-26
3.167562422901484e-05,Kandy Proper,2022-09-26,2022-09-27
0.0001794275025335192,Kandy Proper,2022-09-27,2022-09-28
5.399249131210032e-05,Kandy Proper,2022-09-28,2022-09-29
,Kandy Proper,2022-09-29,2022-09-30
,Kandy Proper,2022-09-30,2022-10-01
,Kandy Proper,2022-10-01,2022-10-02
,Kandy Proper,2022-10-02,2022-10-03
,Kandy Proper,2022-10-03,2022-10-04
0.00018724379049502677,Kandy Proper,2022-10-04,2022-10-05
,Kandy Proper,2022-10-05,2022-10-06
,Kandy Proper,2022-10-06,2022-10-07
,Kandy Proper,2022-10-07,2022-10-08
0.0002638224248096493,Kandy Proper,2022-10-08,2022-10-09
,Kandy Proper,2022-10-09,2022-10-10
,Kandy Proper,2022-10-10,2022-10-11
,Kandy Proper,2022-10-11,2022-10-12
,Kandy Proper,2022-10-12,2022-10-13
,Kandy Proper,2022-10-13,2022-10-14
,Kandy Proper,2022-10-14,2022-10-15
,Kandy Proper,2022-10-15,2022-10-16
0.00015289626017993258,Kandy Proper,2022-10-16,2022-10-17
,Kandy Proper,2022-10-17,2022-10-18
,Kandy Proper,2022-10-18,2022-10-19
,Kandy Proper,2022-10-19,2022-10-20
,Kandy Proper,2022-10-20,2022-10-21
,Kandy Proper,2022-10-21,2022-10-22
,Kandy Proper,2022-10-22,2022-10-23
,Kandy Proper,2022-10-23,2022-10-24
6.765580954619091e-05,Kandy Proper,2022-10-24,2022-10-25
,Kandy Proper,2022-10-25,2022-10-26
,Kandy Proper,2022-10-26,2022-10-27
,Kandy Proper,2022-10-27,2022-10-28
0.00011252478761846495,Kandy Proper,2022-10-28,2022-10-29
0.0001339018031976543,Kandy Proper,2022-10-29,2022-10-30
,Kandy Proper,2022-10-30,2022-10-31
-1.7284497626648424e-05,Kandy Proper,2022-10-31,2022-11-01
,Kandy Proper,2022-11-01,2022-11-02
,Kandy Proper,2022-11-02,2022-11-03
,Kandy Proper,2022-11-03,2022-11-04
0.00010508686418477404,Kandy Proper,2022-11-04,2022-11-05
,Kandy Proper,2022-11-05,2022-11-06
1.7410017318816846e-05,Kandy Proper,2022-11-06,2022-11-07
0.0001501666835968513,Kandy Proper,2022-11-07,2022-11-08
,Kandy Proper,2022-11-08,2022-11-09
,Kandy Proper,2022-11-09,2022-11-10
,Kandy Proper,2022-11-10,2022-11-11
,Kandy Proper,2022-11-11,2022-11-12
,Kandy Proper,2022-11-12,2022-11-13
,Kandy Proper,2022-11-13,2022-11-14
,Kandy Proper,2022-11-14,2022-11-15
,Kandy Proper,2022-11-15,2022-11-16
-4.848424678579561e-06,Kandy Proper,2022-11-16,2022-11-17
0.00026137572338658295,Kandy Proper,2022-11-17,2022-11-18
0.00012175891476573093,Kandy Proper,2022-11-18,2022-11-19
,Kandy Proper,2022-11-19,2022-11-20
0.0002367085434052842,Kandy Proper,2022-11-20,2022-11-21
0.00015760587144122667,Kandy Proper,2022-11-21,2022-11-22
2.6063626077209655e-05,Kandy Proper,2022-11-22,2022-11-23
5.024561867406121e-05,Kandy Proper,2022-11-23,2022-11-24
0.00015504081645336778,Kandy Proper,2022-11-24,2022-11-25
0.0001443132069255934,Kandy Proper,2022-11-25,2022-11-26
0.00016948895908157604,Kandy Proper,2022-11-26,2022-11-27
5.863264128898527e-05,Kandy Proper,2022-11-27,2022-11-28
8.851054144490312e-05,Kandy Proper,2022-11-28,2022-11-29
0.0001473574386245826,Kandy Proper,2022-11-29,2022-11-30
0.0001480657307094422,Kandy Proper,2022-11-30,2022-12-01
0.00017962784177755743,Kandy Proper,2022-12-01,2022-12-02
0.00018476256626044973,Kandy Proper,2022-12-02,2022-12-03
,Kandy Proper,2022-12-03,2022-12-04
,Kandy Proper,2022-12-04,2022-12-05
,Kandy Proper,2022-12-05,2022-12-06
,Kandy Proper,2022-12-06,2022-12-07
,Kandy Proper,2022-12-07,2022-12-08
,Kandy Proper,2022-12-08,2022-12-09
,Kandy Proper,2022-12-09,2022-12-10
,Kandy Proper,2022-12-10,2022-12-11
0.0002677186174822563,Kandy Proper,2022-12-11,2022-12-12
,Kandy Proper,2022-12-12,2022-12-13
4.861756950785546e-05,Kandy Proper,2022-12-13,2022-12-14
,Kandy Proper,2022-12-14,2022-12-15
1.3894715415703591e-05,Kandy Proper,2022-12-15,2022-12-16
,Kandy Proper,2022-12-16,2022-12-17
,Kandy Proper,2022-12-17,2022-12-18
,Kandy Proper,2022-12-18,2022-12-19
,Kandy Proper,2022-12-19,2022-12-20
,Kandy Proper,2022-12-20,2022-12-21
,Kandy Proper,2022-12-21,2022-12-22
,Kandy Proper,2022-12-22,2022-12-23
,Kandy Proper,2022-12-23,2022-12-24
,Kandy Proper,2022-12-24,2022-12-25
,Kandy Proper,2022-12-25,2022-12-26
,Kandy Proper,2022-12-26,2022-12-27
6.886013227348209e-05,Kandy Proper,2022-12-27,2022-12-28
-5.460778700422602e-05,Kandy Proper,2022-12-28,2022-12-29
1.9370030647658686e-05,Kandy Proper,2022-12-29,2022-12-30
1.6676132059583622e-06,Kandy Proper,2022-12-30,2022-12-31
0.0002186909621466149,Kandy Proper,2022-12-31,2023-01-01
-2.3580457516060107e-05,Kandy Proper,2023-01-01,2023-01-02
-1.3953867076428576e-05,Kandy Proper,2023-01-02,2023-01-03
0.00011270203123486806,Kandy Proper,2023-01-03,2023-01-04
-1.5685276795890167e-05,Kandy Proper,2023-01-04,2023-01-05
1.914754484460128e-05,Kandy Proper,2023-01-05,2023-01-06
4.190980689838454e-06,Kandy Proper,2023-01-06,2023-01-07
,Kandy Proper,2023-01-07,2023-01-08
,Kandy Proper,2023-01-08,2023-01-09
5.366813444763372e-05,Kandy Proper,2023-01-09,2023-01-10
5.8108065542270165e-05,Kandy Proper,2023-01-10,2023-01-11
0.00023003501215655215,Kandy Proper,2023-01-11,2023-01-12
0.00040481767835551366,Kandy Proper,2023-01-12,2023-01-13
0.0002846036170250018,Kandy Proper,2023-01-13,2023-01-14
-9.640269790807805e-05,Kandy Proper,2023-01-14,2023-01-15
,Kandy Proper,2023-01-15,2023-01-16
-8.697343759049426e-06,Kandy Proper,2023-01-16,2023-01-17
,Kandy Proper,2023-01-17,2023-01-18
4.6397742154650035e-05,Kandy Proper,2023-01-18,2023-01-19
-3.443487787333024e-05,Kandy Proper,2023-01-19,2023-01-20
6.499407942693201e-05,Kandy Proper,2023-01-20,2023-01-21
,Kandy Proper,2023-01-21,2023-01-22
,Kandy Proper,2023-01-22,2023-01-23
,Kandy Proper,2023-01-23,2023-01-24
,Kandy Proper,2023-01-24,2023-01-25
5.811151118036572e-05,Kandy Proper,2023-01-25,2023-01-26
,Kandy Proper,2023-01-26,2023-01-27
,Kandy Proper,2023-01-27,2023-01-28
7.616349741297997e-05,Kandy Proper,2023-01-28,2023-01-29
0.00015271431703010386,Kandy Proper,2023-01-29,2023-01-30
,Kandy Proper,2023-01-30,2023-01-31
,Kandy Proper,2023-01-31,2023-02-01
,Kandy Proper,2023-02-01,2023-02-02
,Kandy Proper,2023-02-02,2023-02-03
,Kandy Proper,2023-02-03,2023-02-04
,Kandy Proper,2023-02-04,2023-02-05
-5.8307068595810777e-05,Kandy Proper,2023-02-05,2023-02-06
,Kandy Proper,2023-02-06,2023-02-07
,Kandy Proper,2023-02-07,2023-02-08
-0.00010505652825361387,Kandy Proper,2023-02-08,2023-02-09
2.664756099759161e-05,Kandy Proper,2023-02-09,2023-02-10
,Kandy Proper,2023-02-10,2023-02-11
0.00017938645157348747,Kandy Proper,2023-02-11,2023-02-12
0.00011701387262709396,Kandy Proper,2023-02-12,2023-02-13
0.00027623914966598583,Kandy Proper,2023-02-13,2023-02-14
0.00018492901757067163,Kandy Proper,2023-02-14,2023-02-15
0.00013093580930965618,Kandy Proper,2023-02-15,2023-02-16
2.408146276878079e-05,Kandy Proper,2023-02-16,2023-02-17
0.00012111408479961823,Kandy Proper,2023-02-17,2023-02-18
1.9174747524865226e-05,Kandy Proper,2023-02-18,2023-02-19
,Kandy Proper,2023-02-19,2023-02-20
,Kandy Proper,2023-02-20,2023-02-21
,Kandy Proper,2023-02-21,2023-02-22
0.00016783292730509195,Kandy Proper,2023-02-22,2023-02-23
5.443773193600662e-05,Kandy Proper,2023-02-23,2023-02-24
0.00014204034661033932,Kandy Proper,2023-02-24,2023-02-25
-5.314761711384331e-05,Kandy Proper,2023-02-25,2023-02-26
0.0002207427617611044,Kandy Proper,2023-02-26,2023-02-27
,Kandy Proper,2023-02-27,2023-02-28
,Kandy Proper,2023-02-28,2023-03-01
,Kandy Proper,2023-03-01,2023-03-02
0.0002956973953837072,Kandy Proper,2023-03-02,2023-03-03
,Kandy Proper,2023-03-03,2023-03-04
,Kandy Proper,2023-03-04,2023-03-05
0.0003200669603676059,Kandy Proper,2023-03-05,2023-03-06
0.00030015360592580074,Kandy Proper,2023-03-06,2023-03-07
0.00011154359240826417,Kandy Proper,2023-03-07,2023-03-08
7.349130037920148e-05,Kandy Proper,2023-03-08,2023-03-09
0.00015374201734456023,Kandy Proper,2023-03-09,2023-03-10
,Kandy Proper,2023-03-10,2023-03-11
0.00018338616969544304,Kandy Proper,2023-03-11,2023-03-12
-9.298285259082747e-05,Kandy Proper,2023-03-12,2023-03-13
0.0001275124704156308,Kandy Proper,2023-03-13,2023-03-14
0.00020734540878798358,Kandy Proper,2023-03-14,2023-03-15
,Kandy Proper,2023-03-15,2023-03-16
0.000167750108572028,Kandy Proper,2023-03-16,2023-03-17
0.00010591336505792406,Kandy Proper,2023-03-17,2023-03-18
0.00013525728884876601,Kandy Proper,2023-03-18,2023-03-19
2.936310731179129e-05,Kandy Proper,2023-03-19,2023-03-20
,Kandy Proper,2023-03-20,2023-03-21
0.0002160144270600257,Kandy Proper,2023-03-21,2023-03-22
8.89326609226773e-05,Kandy Proper,2023-03-22,2023-03-23
4.108159094785542e-05,Kandy Proper,2023-03-23,2023-03-24
0.000195647627990339,Kandy Proper,2023-03-24,2023-03-25
0.0002255959554896015,Kandy Proper,2023-03-25,2023-03-26
2.8084505366179952e-05,Kandy Proper,2023-03-26,2023-03-27
0.00012995737456150151,Kandy Proper,2023-03-27,2023-03-28
0.000262964598224281,Kandy Proper,2023-03-28,2023-03-29
0.00023496685705862717,Kandy Proper,2023-03-29,2023-03-30
8.395772642433473e-05,Kandy Proper,2023-03-30,2023-03-31
8.745422622040163e-05,Kandy Proper,2023-03-31,2023-04-01
7.111439817993237e-05,Kandy Proper,2023-04-01,2023-04-02
,Kandy Proper,2023-04-02,2023-04-03
2.7064110826008873e-05,Kandy Proper,2023-04-03,2023-04-04
,Kandy Proper,2023-04-04,2023-04-05
9.309221655678406e-05,Kandy Proper,2023-04-05,2023-04-06
4.8639712507728016e-05,Kandy Proper,2023-04-06,2023-04-07
0.00015958956558118957,Kandy Proper,2023-04-07,2023-04-08
,Kandy Proper,2023-04-08,2023-04-09
0.00011731834649978338,Kandy Proper,2023-04-09,2023-04-10
0.00011275344164948345,Kandy Proper,2023-04-10,2023-04-11
7.497777881981774e-05,Kandy Proper,2023-04-11,2023-04-12
0.0001453619825016264,Kandy Proper,2023-04-12,2023-04-13
9.691922846671516e-05,Kandy Proper,2023-04-13,2023-04-14
7.861034105770753e-05,Kandy Proper,2023-04-14,2023-04-15
,Kandy Proper,2023-04-15,2023-04-16
,Kandy Proper,2023-04-16,2023-04-17
0.00016274439914460215,Kandy Proper,2023-04-17,2023-04-18
5.339099913274038e-05,Kandy Proper,2023-04-18,2023-04-19
9.019576522685493e-05,Kandy Proper,2023-04-19,2023-04-20
8.50146441603814e-05,Kandy Proper,2023-04-20,2023-04-21
,Kandy Proper,2023-04-21,2023-04-22
,Kandy Proper,2023-04-22,2023-04-23
0.00018473876108950183,Kandy Proper,2023-04-23,2023-04-24
0.00016563260360316742,Kandy Proper,2023-04-24,2023-04-25
2.985543105452906e-05,Kandy Proper,2023-04-25,2023-04-26
,Kandy Proper,2023-04-26,2023-04-27
0.00014213316923304095,Kandy Proper,2023-04-27,2023-04-28
4.3245247387967984e-05,Kandy Proper,2023-04-28,2023-04-29
,Kandy Proper,2023-04-29,2023-04-30
,Kandy Proper,2023-04-30,2023-05-01
,Kandy Proper,2023-05-01,2023-05-02
0.00019397645913901842,Kandy Proper,2023-05-02,2023-05-03
0.00014472209469356293,Kandy Proper,2023-05-03,2023-05-04
0.00012483853895749658,Kandy Proper,2023-05-04,2023-05-05
,Kandy Proper,2023-05-05,2023-05-06
,Kandy Proper,2023-05-06,2023-05-07
,Kandy Proper,2023-05-07,2023-05-08
0.0001480947300203746,Kandy Proper,2023-05-08,2023-05-09
,Kandy Proper,2023-05-09,2023-05-10
,Kandy Proper,2023-05-10,2023-05-11
,Kandy Proper,2023-05-11,2023-05-12
5.127970772826992e-05,Kandy Proper,2023-05-12,2023-05-13
0.00012575724600249615,Kandy Proper,2023-05-13,2023-05-14
,Kandy Proper,2023-05-14,2023-05-15
0.00016532830689115709,Kandy Proper,2023-05-15,2023-05-16
9.439552938802424e-05,Kandy Proper,2023-05-16,2023-05-17
0.0001275901903929671,Kandy Proper,2023-05-17,2023-05-18
,Kandy Proper,2023-05-18,2023-05-19
0.00016982714928448275,Kandy Proper,2023-05-19,2023-05-20
0.00022535359321277902,Kandy Proper,2023-05-20,2023-05-21
0.00017228788778103033,Kandy Proper,2023-05-21,2023-05-22
-2.4041522097085765e-06,Kandy Proper,2023-05-22,2023-05-23
0.0001174329754136512,Kandy Proper,2023-05-23,2023-05-24
0.00016998995378013463,Kandy Proper,2023-05-24,2023-05-25
0.00013389508141779466,Kandy Proper,2023-05-25,2023-05-26
0.00021438487060522192,Kandy Proper,2023-05-26,2023-05-27
0.00017039632465035178,Kandy Proper,2023-05-27,2023-05-28
0.00015781646637566651,Kandy Proper,2023-05-28,2023-05-29
7.963483364998873e-05,Kandy Proper,2023-05-29,2023-05-30
0.0001259788725499328,Kandy Proper,2023-05-30,2023-05-31
0.00019428008154617592,Kandy Proper,2023-05-31,2023-06-01
0.00017761924870933056,Kandy Proper,2023-06-01,2023-06-02
,Kandy Proper,2023-06-02,2023-06-03
0.00015886003531025546,Kandy Proper,2023-06-03,2023-06-04
7.175662777488772e-05,Kandy Proper,2023-06-04,2023-06-05
0.00022131042469159207,Kandy Proper,2023-06-05,2023-06-06
0.00014571050486823404,Kandy Proper,2023-06-06,2023-06-07
,Kandy Proper,2023-06-07,2023-06-08
,Kandy Proper,2023-06-08,2023-06-09
-1.0679735465096912e-06,Kandy Proper,2023-06-09,2023-06-10
7.816291169118864e-05,Kandy Proper,2023-06-10,2023-06-11
,Kandy Proper,2023-06-11,2023-06-12
,Kandy Proper,2023-06-12,2023-06-13
4.838009288064745e-05,Kandy Proper,2023-06-13,2023-06-14
,Kandy Proper,2023-06-14,2023-06-15
0.00011801196094057346,Kandy Proper,2023-06-15,2023-06-16
9.650112262605593e-05,Kandy Proper,2023-06-16,2023-06-17
0.00011960645378329164,Kandy Proper,2023-06-17,2023-06-18
,Kandy Proper,2023-06-18,2023-06-19
5.3440173929347836e-05,Kandy Proper,2023-06-19,2023-06-20
6.28888951472526e-05,Kandy Proper,2023-06-20,2023-06-21
0.00015617476295579834,Kandy Proper,2023-06-21,2023-06-22
8.789236377264911e-05,Kandy Proper,2023-06-22,2023-06-23
,Kandy Proper,2023-06-23,2023-06-24
4.156146908053608e-05,Kandy Proper,2023-06-24,2023-06-25
,Kandy Proper,2023-06-25,2023-06-26
0.00013270487110304135,Kandy Proper,2023-06-26,2023-06-27
,Kandy Proper,2023-06-27,2023-06-28
,Kandy Proper,2023-06-28,2023-06-29
,Kandy Proper,2023-06-29,2023-06-30
,Kandy Proper,2023-06-30,2023-07-01
0.00012271580764195317,Kandy Proper,2023-07-01,2023-07-02
,Kandy Proper,2023-07-02,2023-07-03
,Kandy Proper,2023-07-03,2023-07-04
,Kandy Proper,2023-07-04,2023-07-05
,Kandy Proper,2023-07-05,2023-07-06
,Kandy Proper,2023-07-06,2023-07-07
,Kandy Proper,2023-07-07,2023-07-08
0.0001214651601236319,Kandy Proper,2023-07-08,2023-07-09
0.00018080123737021243,Kandy Proper,2023-07-09,2023-07-10
,Kandy Proper,2023-07-10,2023-07-11
-2.3368440293625812e-05,Kandy Proper,2023-07-11,2023-07-12
0.00011094196174065808,Kandy Proper,2023-07-12,2023-07-13
0.00016254872038962175,Kandy Proper,2023-07-13,2023-07-14
,Kandy Proper,2023-07-14,2023-07-15
1.5900422359613528e-05,Kandy Proper,2023-07-15,2023-07-16
1.9776488726093925e-05,Kandy Proper,2023-07-16,2023-07-17
5.939434894998055e-05,Kandy Proper,2023-07-17,2023-07-18
6.622050639243737e-05,Kandy Proper,2023-07-18,2023-07-19
-6.674473096685837e-07,Kandy Proper,2023-07-19,2023-07-20
3.353571818318948e-05,Kandy Proper,2023-07-20,2023-07-21
2.490429343060798e-05,Kandy Proper,2023-07-21,2023-07-22
3.460728289807366e-05,Kandy Proper,2023-07-22,2023-07-23
0.00010402004378304529,Kandy Proper,2023-07-23,2023-07-24
,Kandy Proper,2023-07-24,2023-07-25
,Kandy Proper,2023-07-25,2023-07-26
,Kandy Proper,2023-07-26,2023-07-27
0.0001291299071899526,Kandy Proper,2023-07-27,2023-07-28
0.0001566643822086652,Kandy Proper,2023-07-28,2023-07-29
0.0001271773691179319,Kandy Proper,2023-07-29,2023-07-30
0.00010772809977049381,Kandy Proper,2023-07-30,2023-07-31
0.00010899453379252229,Kandy Proper,2023-07-31,2023-08-01
9.774042294259097e-05,Kandy Proper,2023-08-01,2023-08-02
0.00012664462319728184,Kandy Proper,2023-08-02,2023-08-03
6.160880426258438e-05,Kandy Proper,2023-08-03,2023-08-04
9.27325145036787e-05,Kandy Proper,2023-08-04,2023-08-05
0.0002494167243405704,Kandy Proper,2023-08-05,2023-08-06
0.0002097968322237875,Kandy Proper,2023-08-06,2023-08-07
0.00013592935812950234,Kandy Proper,2023-08-07,2023-08-08
0.00014132055864851206,Kandy Proper,2023-08-08,2023-08-09
8.695611628281867e-05,Kandy Proper,2023-08-09,2023-08-10
0.00010533995309211539,Kandy Proper,2023-08-10,2023-08-11
0.00014895250116080978,Kandy Proper,2023-08-11,2023-08-12
,Kandy Proper,2023-08-12,2023-08-13
0.00013542731841849855,Kandy Proper,2023-08-13,2023-08-14
-3.917916748756687e-06,Kandy Proper,2023-08-14,2023-08-15
0.0001246628710980879,Kandy Proper,2023-08-15,2023-08-16
6.861869279793564e-05,Kandy Proper,2023-08-16,2023-08-17
6.188149979930174e-05,Kandy Proper,2023-08-17,2023-08-18
0.00010893910738247746,Kandy Proper,2023-08-18,2023-08-19
0.00015832348508849155,Kandy Proper,2023-08-19,2023-08-20
0.00012378747481483674,Kandy Proper,2023-08-20,2023-08-21
0.00015326550082036077,Kandy Proper,2023-08-21,2023-08-22
0.0001078923138287621,Kandy Proper,2023-08-22,2023-08-23
7.359592501945677e-05,Kandy Proper,2023-08-23,2023-08-24
0.00014243019839014405,Kandy Proper,2023-08-24,2023-08-25
7.167238676448055e-05,Kandy Proper,2023-08-25,2023-08-26
8.40120183154954e-05,Kandy Proper,2023-08-26,2023-08-27
0.00011163256420684608,Kandy Proper,2023-08-27,2023-08-28
5.83354944518255e-05,Kandy Proper,2023-08-28,2023-08-29
,Kandy Proper,2023-08-29,2023-08-30
,Kandy Proper,2023-08-30,2023-08-31
,Kandy Proper,2023-08-31,2023-09-01
,Kandy Proper,2023-09-01,2023-09-02
,Kandy Proper,2023-09-02,2023-09-03
,Kandy Proper,2023-09-03,2023-09-04
,Kandy Proper,2023-09-04,2023-09-05
,Kandy Proper,2023-09-05,2023-09-06
,Kandy Proper,2023-09-06,2023-09-07
,Kandy Proper,2023-09-07,2023-09-08
,Kandy Proper,2023-09-08,2023-09-09
,Kandy Proper,2023-09-09,2023-09-10
,Kandy Proper,2023-09-10,2023-09-11
,Kandy Proper,2023-09-11,2023-09-12
,Kandy Proper,2023-09-12,2023-09-13
2.7138340069166346e-05,Kandy Proper,2023-09-13,2023-09-14
,Kandy Proper,2023-09-14,2023-09-15
0.0001679180069933913,Kandy Proper,2023-09-15,2023-09-16
,Kandy Proper,2023-09-16,2023-09-17
,Kandy Proper,2023-09-17,2023-09-18
,Kandy Proper,2023-09-18,2023-09-19
,Kandy Proper,2023-09-19,2023-09-20
0.00014557265268596285,Kandy Proper,2023-09-20,2023-09-21
8.040403362342045e-05,Kandy Proper,2023-09-21,2023-09-22
,Kandy Proper,2023-09-22,2023-09-23
,Kandy Proper,2023-09-23,2023-09-24
0.00012614259640789525,Kandy Proper,2023-09-24,2023-09-25
,Kandy Proper,2023-09-25,2023-09-26
,Kandy Proper,2023-09-26,2023-09-27
,Kandy Proper,2023-09-27,2023-09-28
,Kandy Proper,2023-09-28,2023-09-29
,Kandy Proper,2023-09-29,2023-09-30
,Kandy Proper,2023-09-30,2023-10-01
0.0001696093763426781,Kandy Proper,2023-10-01,2023-10-02
,Kandy Proper,2023-10-02,2023-10-03
,Kandy Proper,2023-10-03,2023-10-04
,Kandy Proper,2023-10-04,2023-10-05
,Kandy Proper,2023-10-05,2023-10-06
1.5916451963563724e-05,Kandy Proper,2023-10-06,2023-10-07
-1.9106412261483608e-05,Kandy Proper,2023-10-07,2023-10-08
,Kandy Proper,2023-10-08,2023-10-09
,Kandy Proper,2023-10-09,2023-10-10
0.00014710230513704045,Kandy Proper,2023-10-10,2023-10-11
,Kandy Proper,2023-10-11,2023-10-12
,Kandy Proper,2023-10-12,2023-10-13
,Kandy Proper,2023-10-13,2023-10-14
,Kandy Proper,2023-10-14,2023-10-15
,Kandy Proper,2023-10-15,2023-10-16
2.0453384372851553e-05,Kandy Proper,2023-10-16,2023-10-17
,Kandy Proper,2023-10-17,2023-10-18
,Kandy Proper,2023-10-18,2023-10-19
,Kandy Proper,2023-10-19,2023-10-20
,Kandy Proper,2023-10-20,2023-10-21
-0.00029970286313519965,Kandy Proper,2023-10-21,2023-10-22
,Kandy Proper,2023-10-22,2023-10-23
,Kandy Proper,2023-10-23,2023-10-24
,Kandy Proper,2023-10-24,2023-10-25
,Kandy Proper,2023-10-25,2023-10-26
0.0001684928283541684,Kandy Proper,2023-10-26,2023-10-27
0.00014374605941862016,Kandy Proper,2023-10-27,2023-10-28
2.5671845789271484e-05,Kandy Proper,2023-10-28,2023-10-29
5.33158019969435e-05,Kandy Proper,2023-10-29,2023-10-30
,Kandy Proper,2023-10-30,2023-10-31
,Kandy Proper,2023-10-31,2023-11-01
0.00020281483974299462,Kandy Proper,2023-11-01,2023-11-02
,Kandy Proper,2023-11-02,2023-11-03
,Kandy Proper,2023-11-03,2023-11-04
,Kandy Proper,2023-11-04,2023-11-05
,Kandy Proper,2023-11-05,2023-11-06
0.0001260534287613577,Kandy Proper,2023-11-06,2023-11-07
0.00024464034968912105,Kandy Proper,2023-11-07,2023-11-08
0.0001248538653777493,Kandy Proper,2023-11-08,2023-11-09
,Kandy Proper,2023-11-09,2023-11-10
7.510120180609618e-06,Kandy Proper,2023-11-10,2023-11-11
3.845531321753457e-05,Kandy Proper,2023-11-11,2023-11-12
,Kandy Proper,2023-11-12,2023-11-13
,Kandy Proper,2023-11-13,2023-11-14
,Kandy Proper,2023-11-14,2023-11-15
,Kandy Proper,2023-11-15,2023-11-16
0.00019068403841303997,Kandy Proper,2023-11-16,2023-11-17
0.00013531248562682378,Kandy Proper,2023-11-17,2023-11-18
,Kandy Proper,2023-11-18,2023-11-19
,Kandy Proper,2023-11-19,2023-11-20
0.0002620557003131719,Kandy Proper,2023-11-20,2023-11-21
,Kandy Proper,2023-11-21,2023-11-22
,Kandy Proper,2023-11-22,2023-11-23
0.00014449848033918378,Kandy Proper,2023-11-23,2023-11-24
,Kandy Proper,2023-11-24,2023-11-25
7.28442538329636e-06,Kandy Proper,2023-11-25,2023-11-26
,Kandy Proper,2023-11-26,2023-11-27
,Kandy Proper,2023-11-27,2023-11-28
,Kandy Proper,2023-11-28,2023-11-29
,Kandy Proper,2023-11-29,2023-11-30
,Kandy Proper,2023-11-30,2023-12-01
,Kandy Proper,2023-12-01,2023-12-02
,Kandy Proper,2023-12-02,2023-12-03
,Kandy Proper,2023-12-03,2023-12-04
,Kandy Proper,2023-12-04,2023-12-05
,Kandy Proper,2023-12-05,2023-12-06
7.420464341364708e-05,Kandy Proper,2023-12-06,2023-12-07
0.0001158107210391165,Kandy Proper,2023-12-07,2023-12-08
-9.03955878775148e-05,Kandy Proper,2023-12-08,2023-12-09
,Kandy Proper,2023-12-09,2023-12-10
,Kandy Proper,2023-12-10,2023-12-11
0.00026114416354991536,Kandy Proper,2023-12-11,2023-12-12
,Kandy Proper,2023-12-12,2023-12-13
-2.9737522183390376e-05,Kandy Proper,2023-12-13,2023-12-14
,Kandy Proper,2023-12-14,2023-12-15
,Kandy Proper,2023-12-15,2023-12-16
,Kandy Proper,2023-12-16,2023-12-17
-3.540811656510892e-05,Kandy Proper,2023-12-17,2023-12-18
,Kandy Proper,2023-12-18,2023-12-19
,Kandy Proper,2023-12-19,2023-12-20
,Kandy Proper,2023-12-20,2023-12-21
0.00011386366951518257,Kandy Proper,2023-12-21,2023-12-22
-6.898291892324406e-06,Kandy Proper,2023-12-22,2023-12-23
0.00011631140863441783,Kandy Proper,2023-12-23,2023-12-24
,Kandy Proper,2023-12-24,2023-12-25
,Kandy Proper,2023-12-25,2023-12-26
,Kandy Proper,2023-12-26,2023-12-27
,Kandy Proper,2023-12-27,2023-12-28
,Kandy Proper,2023-12-28,2023-12-29
,Kandy Proper,2023-12-29,2023-12-30
5.590120257397272e-05,Kandy Proper,2023-12-30,2023-12-31
,Kandy Proper,2023-12-31,2024-01-01
